OrderID,CustomerID,RestaurantID,OrderDate,OrderTime,DeliveryTimeMin,ItemsCount,OrderValue,DiscountAmount,DeliveryFee,PaymentMethod,OrderStatus
1,100,26,2026-01-12,15:34:00,39,2,444.44,66.67,20,Net Banking,Returned
2,184,143,2026-02-06,21:47:00,21,6,1088.63,163.29,40,Wallet,Returned
3,438,227,2024-04-16,13:50:00,26,5,794.62,0.0,20,Net Banking,Delivered
4,454,239,2024-12-26,18:35:00,35,3,812.74,121.91,40,Wallet,Delivered
5,247,145,2025-07-12,14:24:00,64,5,1675.93,0.0,30,Cash on Delivery,Delivered
6,407,1,2026-01-13,09:18:00,53,1,989.58,0.0,0,Debit Card,Cancelled
7,220,220,2024-11-18,08:49:00,59,3,1664.11,166.41,49,Net Banking,Delivered
8,159,25,2024-02-08,22:22:00,24,2,565.18,56.52,20,Credit Card,Delivered
9,308,24,2025-08-07,20:36:00,28,6,249.7,0.0,40,Credit Card,Delivered
10,591,210,2026-07-18,11:38:00,56,3,182.78,36.56,49,Cash on Delivery,Delivered
11,58,236,2026-02-28,18:22:00,42,4,1682.81,0.0,20,Wallet,Returned
12,12,163,2026-03-07,20:03:00,34,5,189.19,18.92,49,Credit Card,Delivered
13,515,179,2024-08-14,12:03:00,58,6,1795.58,89.78,49,Net Banking,Delivered
14,93,57,2025-03-18,17:50:00,40,2,342.08,0.0,40,Net Banking,Returned
15,51,141,2025-02-12,16:05:00,40,5,849.95,127.49,20,Credit Card,Delivered
16,573,51,2025-05-14,20:41:00,51,2,1062.76,159.41,49,Credit Card,Cancelled
17,74,69,2026-03-06,21:20:00,58,5,270.52,40.58,40,Cash on Delivery,Delivered
18,357,49,2024-11-24,19:38:00,56,1,1413.06,0.0,30,Net Banking,Delivered
19,150,113,2024-02-15,15:12:00,58,3,382.07,57.31,0,UPI,Returned
20,56,63,2026-08-29,12:55:00,33,1,696.7,139.34,0,Debit Card,Delivered
21,483,6,2024-12-05,14:47:00,49,2,462.39,46.24,30,Net Banking,Delivered
22,145,178,2025-12-16,08:24:00,52,6,1005.02,0.0,20,UPI,Delivered
23,206,203,2025-12-14,16:03:00,44,6,1707.9,0.0,40,Wallet,Delivered
24,369,222,2024-04-20,08:18:00,56,4,508.36,25.42,49,Wallet,Delivered
25,324,125,2026-06-06,10:11:00,27,5,1744.21,174.42,0,UPI,Cancelled
26,543,79,2024-12-07,23:25:00,62,2,150.87,22.63,30,Debit Card,Returned
27,310,61,2025-05-28,16:51:00,18,6,552.9,27.64,0,Net Banking,Delivered
28,231,39,2024-12-15,20:42:00,23,1,1346.21,134.62,49,Wallet,Returned
29,233,107,2024-09-03,12:27:00,34,5,673.2,67.32,20,Credit Card,Returned
30,142,149,2025-07-08,14:55:00,23,3,1276.73,127.67,20,Cash on Delivery,Cancelled
31,579,235,2024-06-10,18:04:00,50,5,1713.65,0.0,20,Debit Card,Cancelled
32,31,196,2024-11-22,21:26:00,34,4,1372.62,274.52,30,Credit Card,Cancelled
33,110,34,2024-07-08,08:48:00,54,5,568.33,56.83,49,Credit Card,Delivered
34,238,60,2025-12-04,08:22:00,20,6,1430.11,0.0,49,Net Banking,Delivered
35,383,48,2026-05-22,20:31:00,45,2,395.16,0.0,0,Cash on Delivery,Delivered
36,277,244,2025-02-26,15:47:00,57,2,1393.06,0.0,20,Cash on Delivery,Delivered
37,502,177,2024-11-28,22:56:00,30,4,800.18,0.0,49,Wallet,Delivered
38,321,101,2025-09-18,09:33:00,21,4,887.59,0.0,20,Net Banking,Delivered
39,406,189,2024-02-10,20:33:00,63,6,1737.16,0.0,30,Cash on Delivery,Delivered
40,312,199,2026-04-27,17:29:00,25,4,614.63,0.0,49,Credit Card,Delivered
41,463,24,2026-01-09,11:11:00,64,5,1695.58,254.34,49,Credit Card,Delivered
42,424,83,2025-04-06,08:11:00,44,5,1626.32,0.0,40,UPI,Delivered
43,332,178,2025-10-26,13:45:00,61,1,273.2,40.98,40,Wallet,Delivered
44,88,135,2025-12-25,20:46:00,65,5,1148.28,0.0,40,Net Banking,Delivered
45,45,197,2024-06-23,18:36:00,57,2,392.37,0.0,20,Wallet,Delivered
46,430,79,2024-11-12,22:18:00,55,2,317.49,0.0,20,UPI,Delivered
47,260,4,2025-04-14,23:54:00,46,5,1476.52,147.65,40,Credit Card,Cancelled
48,488,117,2025-02-23,22:05:00,53,5,131.04,13.1,30,Net Banking,Returned
49,571,210,2026-04-25,14:03:00,26,2,212.51,0.0,0,Credit Card,Delivered
50,592,215,2025-09-09,17:21:00,20,1,302.93,0.0,20,Wallet,Delivered
51,587,202,2025-07-29,13:29:00,62,5,725.12,0.0,0,Debit Card,Delivered
52,378,230,2025-01-23,10:48:00,42,5,229.08,11.45,20,UPI,Returned
53,282,85,2025-06-23,21:33:00,28,6,471.21,0.0,0,Net Banking,Returned
54,542,23,2025-05-10,17:27:00,53,3,556.23,55.62,49,Debit Card,Cancelled
55,577,128,2025-06-16,23:31:00,26,5,510.97,0.0,20,UPI,Delivered
56,25,120,2025-10-02,11:47:00,28,5,1798.3,89.92,0,Debit Card,Delivered
57,574,207,2025-10-14,14:00:00,55,2,1279.23,0.0,0,Debit Card,Delivered
58,519,141,2024-11-27,08:07:00,58,3,693.49,104.02,49,Net Banking,Delivered
59,180,50,2024-12-04,18:59:00,58,4,1659.15,331.83,0,Wallet,Cancelled
60,494,40,2025-10-04,22:57:00,49,3,896.95,179.39,40,Wallet,Delivered
61,534,77,2025-08-01,18:35:00,49,1,469.88,70.48,30,Debit Card,Delivered
62,153,72,2026-05-10,08:21:00,39,6,1017.58,0.0,49,Net Banking,Delivered
63,192,153,2024-04-29,17:45:00,35,6,173.14,8.66,0,Cash on Delivery,Cancelled
64,381,116,2026-04-29,17:13:00,48,3,414.02,0.0,0,Credit Card,Delivered
65,455,130,2024-01-26,23:57:00,47,2,439.56,21.98,49,Debit Card,Delivered
66,147,197,2026-06-11,11:52:00,48,6,1787.77,0.0,0,Cash on Delivery,Delivered
67,535,30,2024-01-05,17:59:00,17,6,1544.85,308.97,0,Debit Card,Delivered
68,48,27,2025-06-17,17:01:00,51,3,1193.27,0.0,30,Credit Card,Cancelled
69,294,71,2025-06-29,18:49:00,43,6,317.65,0.0,20,Debit Card,Delivered
70,16,246,2025-09-29,11:13:00,49,3,1042.93,0.0,20,Wallet,Delivered
71,588,63,2024-06-24,10:19:00,54,3,1028.17,0.0,20,UPI,Delivered
72,52,28,2025-01-27,09:05:00,42,4,420.69,42.07,49,Wallet,Returned
73,457,158,2024-12-30,17:21:00,27,6,1394.12,278.82,49,UPI,Delivered
74,582,34,2024-04-05,22:06:00,44,3,1269.92,190.49,40,Cash on Delivery,Cancelled
75,230,37,2026-05-31,16:58:00,38,4,428.03,64.2,30,Debit Card,Delivered
76,500,8,2024-03-07,23:07:00,37,4,894.89,0.0,30,Debit Card,Delivered
77,589,33,2025-06-04,11:25:00,60,1,667.46,100.12,0,Debit Card,Delivered
78,473,103,2025-08-27,21:15:00,54,2,1040.55,52.03,40,UPI,Delivered
79,214,209,2025-12-11,21:50:00,42,5,1442.71,144.27,20,Credit Card,Returned
80,80,190,2026-08-11,23:07:00,52,5,897.69,89.77,0,Cash on Delivery,Cancelled
81,316,245,2025-02-19,10:38:00,21,6,1487.63,297.53,40,Debit Card,Delivered
82,63,24,2024-08-10,12:56:00,52,6,1480.53,296.11,20,Wallet,Cancelled
83,464,137,2024-10-25,20:39:00,51,4,448.72,67.31,30,Debit Card,Delivered
84,312,236,2026-08-23,21:45:00,37,1,1098.98,109.9,49,Cash on Delivery,Cancelled
85,302,16,2025-01-13,09:00:00,60,5,1498.87,0.0,0,Debit Card,Delivered
86,241,111,2025-12-20,20:40:00,35,6,763.09,38.15,40,Net Banking,Cancelled
87,178,122,2024-05-22,14:35:00,39,3,1531.14,0.0,30,Wallet,Cancelled
88,138,3,2024-03-14,08:09:00,61,4,1225.32,0.0,0,Credit Card,Returned
89,426,221,2025-04-11,21:39:00,26,4,975.82,97.58,40,Cash on Delivery,Delivered
90,232,48,2025-03-10,08:36:00,46,6,517.74,51.77,30,Cash on Delivery,Delivered
91,591,94,2024-02-04,09:36:00,45,6,739.21,73.92,40,Wallet,Delivered
92,146,187,2026-01-18,16:29:00,48,1,999.24,99.92,0,Credit Card,Delivered
93,80,176,2025-10-10,17:39:00,18,3,1018.86,0.0,40,Cash on Delivery,Delivered
94,481,147,2026-01-21,18:26:00,37,3,605.87,0.0,49,Wallet,Delivered
95,578,67,2024-03-03,23:37:00,25,5,206.72,0.0,49,UPI,Delivered
96,497,22,2024-05-09,10:54:00,65,3,543.45,54.35,30,Debit Card,Delivered
97,15,190,2024-04-24,13:58:00,52,6,373.91,18.7,30,Credit Card,Delivered
98,242,125,2024-07-04,09:21:00,20,2,1120.51,224.1,20,Cash on Delivery,Delivered
99,393,61,2025-11-07,22:46:00,55,2,474.24,71.14,30,UPI,Returned
100,271,194,2026-04-19,11:03:00,25,4,789.89,0.0,40,Wallet,Delivered
101,240,98,2025-11-30,20:30:00,31,2,1011.14,50.56,0,Debit Card,Delivered
102,392,174,2024-11-19,09:06:00,49,6,714.43,142.89,40,Net Banking,Returned
103,280,86,2024-10-03,16:51:00,21,3,1219.3,60.97,40,Wallet,Returned
104,248,188,2025-11-19,14:33:00,36,6,1279.67,0.0,30,Net Banking,Delivered
105,9,213,2024-03-10,08:26:00,21,5,294.56,14.73,30,Credit Card,Returned
106,291,65,2024-07-16,09:01:00,54,1,215.56,21.56,20,Net Banking,Returned
107,125,182,2026-09-07,11:05:00,53,2,751.61,150.32,49,Credit Card,Delivered
108,189,65,2024-10-28,22:42:00,19,6,881.79,0.0,40,Wallet,Returned
109,332,66,2024-06-14,10:17:00,64,1,763.1,0.0,0,Debit Card,Delivered
110,183,113,2024-03-12,23:59:00,27,5,779.63,116.94,40,UPI,Cancelled
111,554,197,2025-03-17,14:39:00,56,1,1653.18,247.98,30,UPI,Delivered
112,75,19,2025-08-08,16:49:00,43,1,1626.14,0.0,0,UPI,Returned
113,400,69,2024-06-04,18:57:00,40,5,126.22,18.93,40,Cash on Delivery,Delivered
114,414,217,2026-01-15,10:34:00,29,1,765.83,114.87,40,UPI,Delivered
115,549,240,2025-01-02,18:43:00,34,4,212.73,31.91,0,Debit Card,Delivered
116,349,21,2026-05-11,22:48:00,64,3,1208.29,0.0,49,UPI,Delivered
117,196,77,2025-12-13,20:57:00,21,6,1277.26,63.86,0,Wallet,Delivered
118,195,36,2024-02-06,14:01:00,61,5,520.66,26.03,0,Net Banking,Returned
119,316,128,2025-06-30,22:01:00,17,3,214.17,42.83,0,Cash on Delivery,Delivered
120,217,207,2025-10-31,22:43:00,49,2,1364.97,0.0,0,UPI,Returned
121,145,126,2025-10-31,08:30:00,54,1,527.71,79.16,20,UPI,Cancelled
122,52,232,2024-11-10,11:29:00,54,2,1523.39,0.0,0,UPI,Delivered
123,226,17,2026-04-03,14:27:00,36,6,1259.71,0.0,0,Wallet,Delivered
124,559,36,2024-11-25,14:48:00,17,5,411.39,0.0,0,Debit Card,Cancelled
125,426,44,2025-12-14,19:35:00,25,4,529.32,52.93,0,Credit Card,Delivered
126,386,200,2024-06-10,08:56:00,46,1,130.67,0.0,0,Wallet,Returned
127,291,107,2025-12-11,23:44:00,23,2,360.39,0.0,49,Cash on Delivery,Delivered
128,245,241,2024-06-27,09:38:00,26,6,959.81,0.0,30,Debit Card,Delivered
129,5,143,2024-08-29,14:07:00,48,1,1159.79,231.96,49,Net Banking,Cancelled
130,476,198,2025-10-03,14:17:00,18,2,309.3,0.0,40,Cash on Delivery,Cancelled
131,164,172,2026-08-02,09:03:00,56,3,598.91,29.95,30,Debit Card,Delivered
132,465,12,2024-04-16,09:59:00,49,2,385.52,0.0,40,Net Banking,Delivered
133,73,230,2024-08-28,22:37:00,52,3,824.03,123.6,30,Credit Card,Delivered
134,334,59,2024-04-10,15:47:00,41,2,750.89,0.0,0,Cash on Delivery,Delivered
135,497,14,2026-06-30,21:09:00,28,5,884.38,44.22,30,Credit Card,Delivered
136,199,162,2025-01-02,16:12:00,36,2,173.92,17.39,0,Debit Card,Cancelled
137,114,219,2025-04-21,22:26:00,25,3,489.35,0.0,49,Credit Card,Returned
138,175,148,2026-09-20,15:05:00,41,5,941.88,0.0,49,Cash on Delivery,Delivered
139,286,4,2026-01-17,21:47:00,30,2,669.86,66.99,20,Net Banking,Cancelled
140,588,230,2024-01-06,21:02:00,17,4,1352.24,135.22,0,Cash on Delivery,Delivered
141,404,123,2026-04-09,11:28:00,46,2,259.59,51.92,0,Wallet,Returned
142,417,244,2024-08-11,12:22:00,33,2,1208.04,0.0,0,Cash on Delivery,Returned
143,313,42,2025-12-21,22:54:00,51,6,1100.55,55.03,40,Credit Card,Returned
144,416,48,2026-03-19,19:40:00,44,6,1184.12,236.82,0,Cash on Delivery,Returned
145,341,136,2024-02-03,17:27:00,63,3,1292.73,129.27,49,Net Banking,Cancelled
146,83,159,2026-06-20,18:47:00,18,5,1708.14,256.22,30,UPI,Delivered
147,393,94,2025-04-21,09:23:00,38,2,1208.93,181.34,0,Net Banking,Returned
148,210,36,2024-12-08,15:34:00,22,6,923.87,184.77,49,Wallet,Cancelled
149,231,83,2024-12-27,16:32:00,58,4,585.6,0.0,30,Debit Card,Delivered
150,498,129,2025-06-23,11:30:00,60,5,1259.56,125.96,30,Cash on Delivery,Delivered
151,377,205,2025-11-20,10:12:00,44,1,254.69,0.0,30,UPI,Delivered
152,169,71,2024-04-24,12:31:00,24,2,994.76,149.21,0,Debit Card,Delivered
153,555,239,2024-05-15,23:22:00,41,4,1359.35,0.0,30,Credit Card,Delivered
154,23,224,2026-04-01,15:53:00,48,6,684.27,68.43,30,Wallet,Returned
155,335,125,2025-08-30,22:29:00,34,5,341.68,68.34,30,Credit Card,Delivered
156,233,124,2025-01-15,17:49:00,18,2,713.24,35.66,20,Net Banking,Cancelled
157,549,74,2024-07-05,13:53:00,60,6,1639.91,327.98,20,Credit Card,Cancelled
158,120,11,2024-11-20,12:28:00,31,3,429.95,43.0,0,Wallet,Delivered
159,353,38,2025-01-16,22:34:00,25,5,626.62,0.0,40,Cash on Delivery,Cancelled
160,470,238,2024-11-23,12:00:00,62,5,1759.01,0.0,30,Cash on Delivery,Delivered
161,588,171,2024-05-30,22:21:00,59,1,1349.16,0.0,20,Wallet,Delivered
162,120,79,2024-01-26,20:39:00,29,4,720.42,0.0,0,Net Banking,Returned
163,200,150,2025-06-23,15:50:00,64,3,448.8,0.0,49,Cash on Delivery,Returned
164,90,250,2025-06-08,20:12:00,46,3,1133.33,113.33,0,Wallet,Delivered
165,408,38,2026-01-03,21:23:00,39,3,140.48,0.0,30,Debit Card,Delivered
166,575,23,2024-08-08,22:47:00,41,4,604.91,120.98,40,Wallet,Delivered
167,143,214,2025-08-24,10:09:00,28,3,917.35,183.47,49,Debit Card,Delivered
168,385,23,2024-01-07,21:40:00,32,4,413.82,20.69,49,Credit Card,Cancelled
169,191,214,2025-01-25,17:35:00,46,1,1502.3,0.0,49,Debit Card,Delivered
170,573,190,2025-04-19,15:01:00,65,1,378.76,0.0,40,UPI,Returned
171,295,107,2024-07-02,23:58:00,59,6,531.18,0.0,30,Cash on Delivery,Delivered
172,371,149,2025-05-07,21:55:00,31,6,1272.33,190.85,0,Debit Card,Delivered
173,590,5,2026-05-15,16:10:00,52,1,365.51,18.28,20,Debit Card,Cancelled
174,55,70,2025-01-04,21:40:00,37,1,606.96,60.7,0,Net Banking,Cancelled
175,188,196,2024-04-06,13:34:00,35,3,1509.06,226.36,30,Debit Card,Returned
176,372,25,2025-07-01,19:52:00,24,1,350.08,0.0,30,Cash on Delivery,Delivered
177,349,236,2026-07-21,13:06:00,28,2,965.68,193.14,20,Net Banking,Delivered
178,539,217,2025-06-28,11:26:00,44,1,315.83,0.0,0,Cash on Delivery,Delivered
179,320,177,2025-01-06,12:52:00,43,5,998.84,0.0,20,Wallet,Delivered
180,30,191,2026-04-14,11:14:00,23,6,359.16,0.0,30,Credit Card,Cancelled
181,134,21,2025-03-11,11:04:00,16,4,1392.32,0.0,20,UPI,Delivered
182,526,152,2024-03-01,23:07:00,31,1,231.3,34.7,0,UPI,Delivered
183,211,151,2026-07-11,14:11:00,57,3,169.16,0.0,30,Net Banking,Delivered
184,361,42,2026-05-25,15:32:00,51,1,286.5,28.65,0,Net Banking,Cancelled
185,197,247,2024-10-15,13:57:00,63,5,127.27,19.09,0,Credit Card,Delivered
186,487,94,2025-12-15,13:28:00,58,1,423.83,0.0,40,Cash on Delivery,Cancelled
187,527,59,2025-02-21,11:48:00,35,1,902.71,90.27,20,Cash on Delivery,Delivered
188,296,143,2026-01-09,09:05:00,35,4,314.41,0.0,40,Net Banking,Returned
189,320,176,2026-05-11,22:14:00,50,4,608.19,121.64,40,Credit Card,Delivered
190,488,241,2025-11-26,19:11:00,15,6,945.97,0.0,40,Cash on Delivery,Delivered
191,88,31,2024-05-26,20:25:00,59,5,1762.32,264.35,20,UPI,Delivered
192,204,87,2024-07-24,20:07:00,29,4,1338.34,0.0,49,Net Banking,Delivered
193,410,92,2025-05-02,20:31:00,47,3,367.59,18.38,0,UPI,Delivered
194,502,128,2024-08-24,12:01:00,21,6,208.79,0.0,40,Wallet,Delivered
195,184,98,2025-09-11,18:09:00,34,5,1167.03,233.41,0,Wallet,Delivered
196,505,203,2025-04-22,14:18:00,57,4,943.62,0.0,49,Debit Card,Delivered
197,560,5,2026-09-02,09:27:00,22,4,876.19,175.24,40,Cash on Delivery,Delivered
198,37,9,2024-06-30,17:56:00,60,2,945.69,0.0,30,Wallet,Delivered
199,500,196,2024-04-22,23:42:00,50,6,1026.18,51.31,40,Net Banking,Cancelled
200,519,15,2025-02-04,16:31:00,52,4,1156.46,0.0,30,Debit Card,Delivered
201,29,152,2024-02-16,12:53:00,38,3,1480.05,148.0,0,Wallet,Delivered
202,390,25,2025-03-14,19:22:00,41,3,214.83,0.0,20,Credit Card,Returned
203,320,152,2024-03-27,10:55:00,34,1,687.16,0.0,49,Debit Card,Delivered
204,472,169,2026-06-03,21:36:00,47,4,567.92,85.19,40,Net Banking,Delivered
205,325,97,2025-08-07,20:20:00,51,1,1477.99,0.0,20,Debit Card,Delivered
206,515,208,2026-02-22,18:10:00,54,3,730.4,36.52,20,Cash on Delivery,Returned
207,78,216,2026-05-20,14:18:00,31,1,619.5,61.95,40,Credit Card,Delivered
208,95,184,2026-05-14,11:37:00,36,3,233.01,46.6,49,Cash on Delivery,Delivered
209,215,89,2026-03-25,10:41:00,34,5,1470.93,73.55,49,Debit Card,Cancelled
210,425,103,2024-09-14,22:42:00,63,5,423.41,0.0,49,Credit Card,Delivered
211,512,55,2025-11-07,22:17:00,55,5,1479.01,295.8,40,Net Banking,Returned
212,62,134,2024-07-24,19:29:00,24,2,372.79,55.92,30,Cash on Delivery,Delivered
213,327,221,2026-04-30,10:40:00,28,4,568.45,0.0,20,Debit Card,Returned
214,242,104,2024-09-01,11:09:00,27,1,532.59,106.52,30,Cash on Delivery,Delivered
215,574,112,2025-03-08,09:12:00,25,3,349.2,0.0,30,Wallet,Delivered
216,181,165,2026-05-22,09:46:00,46,1,212.95,0.0,30,Net Banking,Delivered
217,66,231,2026-09-05,21:57:00,38,6,1224.48,0.0,40,Wallet,Cancelled
218,242,29,2025-08-07,11:33:00,57,5,1715.45,171.55,30,Cash on Delivery,Delivered
219,244,154,2024-05-05,18:21:00,52,6,775.12,116.27,20,Cash on Delivery,Cancelled
220,148,28,2024-06-28,14:17:00,43,4,547.23,54.72,0,Cash on Delivery,Delivered
221,384,180,2026-08-29,11:20:00,49,4,917.75,0.0,30,Credit Card,Delivered
222,487,184,2025-01-11,17:01:00,56,5,178.48,26.77,0,Wallet,Returned
223,246,65,2025-07-19,20:19:00,55,6,729.6,145.92,0,Net Banking,Cancelled
224,454,100,2024-01-09,20:59:00,31,3,271.62,54.32,20,Debit Card,Cancelled
225,165,235,2025-03-25,18:56:00,64,6,802.57,0.0,30,UPI,Delivered
226,483,189,2025-02-26,18:45:00,42,1,1504.99,225.75,30,Net Banking,Delivered
227,361,108,2025-09-08,18:29:00,59,1,1400.12,210.02,20,Wallet,Delivered
228,140,1,2025-02-14,14:40:00,34,3,1087.36,0.0,20,Credit Card,Delivered
229,134,217,2025-08-31,21:50:00,35,4,923.65,138.55,20,Debit Card,Cancelled
230,336,205,2024-10-15,14:05:00,41,3,425.57,21.28,49,Credit Card,Delivered
231,24,237,2025-07-25,15:58:00,20,4,453.09,67.96,20,UPI,Delivered
232,440,154,2024-09-23,12:05:00,38,2,1711.37,0.0,0,Wallet,Delivered
233,446,198,2026-07-31,22:52:00,58,4,319.1,47.87,20,Credit Card,Delivered
234,295,192,2025-05-21,20:08:00,42,2,1128.14,225.63,30,Wallet,Returned
235,194,108,2024-07-03,21:50:00,24,1,607.52,0.0,20,Net Banking,Delivered
236,255,95,2025-08-19,22:05:00,15,4,343.78,0.0,40,Wallet,Cancelled
237,393,182,2025-03-09,16:04:00,21,5,218.7,0.0,20,Cash on Delivery,Delivered
238,47,2,2024-09-16,20:19:00,40,6,743.11,74.31,0,Net Banking,Cancelled
239,267,44,2025-05-30,23:59:00,36,4,341.62,0.0,49,Cash on Delivery,Cancelled
240,267,30,2024-11-16,09:08:00,46,3,1376.34,68.82,30,Debit Card,Delivered
241,271,133,2024-11-16,21:57:00,25,3,1357.94,67.9,20,Net Banking,Returned
242,451,14,2024-07-12,12:03:00,29,2,180.25,0.0,20,Wallet,Delivered
243,447,30,2026-07-05,23:02:00,43,3,1781.22,178.12,40,Cash on Delivery,Delivered
244,116,217,2026-01-07,12:07:00,37,1,462.27,0.0,20,Credit Card,Returned
245,521,211,2024-10-06,14:37:00,15,5,1408.3,0.0,40,UPI,Cancelled
246,511,174,2024-04-06,18:01:00,33,6,1768.64,0.0,40,Debit Card,Delivered
247,109,215,2024-11-27,12:01:00,20,4,1515.57,227.34,40,Cash on Delivery,Returned
248,276,153,2025-11-04,08:21:00,17,6,1165.57,58.28,30,Wallet,Returned
249,583,34,2024-08-04,09:51:00,56,3,662.93,0.0,0,Net Banking,Delivered
250,391,24,2025-02-12,16:11:00,30,4,269.84,53.97,20,Credit Card,Delivered
251,413,73,2025-10-24,12:07:00,34,4,1465.85,219.88,30,Wallet,Delivered
252,135,92,2025-11-12,11:53:00,38,5,455.78,22.79,40,Cash on Delivery,Delivered
253,577,154,2025-03-09,10:48:00,42,3,1151.3,57.56,40,UPI,Delivered
254,526,88,2026-09-23,22:43:00,29,6,1272.88,0.0,40,Net Banking,Returned
255,538,22,2024-10-24,22:27:00,20,4,624.66,0.0,30,Credit Card,Delivered
256,438,76,2025-08-05,09:35:00,19,1,982.54,98.25,40,Cash on Delivery,Delivered
257,476,170,2026-01-07,16:22:00,31,5,257.37,25.74,0,UPI,Returned
258,474,46,2026-03-16,13:53:00,40,1,259.93,38.99,30,Debit Card,Delivered
259,466,194,2025-11-17,22:39:00,31,3,1744.09,348.82,20,Credit Card,Cancelled
260,81,192,2025-09-10,16:55:00,58,1,848.78,0.0,0,Cash on Delivery,Delivered
261,14,44,2025-11-02,23:29:00,59,4,1579.55,236.93,49,Wallet,Delivered
262,311,159,2026-04-12,19:44:00,58,6,1254.17,250.83,30,UPI,Cancelled
263,139,4,2024-07-14,11:52:00,16,6,1750.47,350.09,0,Credit Card,Delivered
264,149,167,2024-09-04,21:53:00,55,5,440.74,0.0,40,Credit Card,Delivered
265,433,6,2024-04-29,13:57:00,24,6,1300.36,65.02,40,UPI,Delivered
266,600,63,2024-07-25,17:36:00,40,1,680.87,0.0,40,Cash on Delivery,Delivered
267,593,153,2026-01-18,17:02:00,46,4,936.65,93.67,49,Wallet,Delivered
268,238,183,2024-03-03,08:27:00,51,3,1049.47,0.0,40,Cash on Delivery,Delivered
269,507,160,2026-08-19,19:28:00,59,4,154.96,0.0,20,Cash on Delivery,Delivered
270,449,60,2025-06-03,15:37:00,58,3,1668.52,333.7,40,Credit Card,Delivered
271,400,246,2025-03-02,19:50:00,45,2,1164.7,0.0,0,Wallet,Delivered
272,133,45,2024-07-23,13:38:00,46,1,1453.05,72.65,30,Credit Card,Cancelled
273,571,13,2024-01-19,19:56:00,31,3,1257.24,0.0,49,UPI,Delivered
274,346,111,2024-04-26,15:07:00,50,2,937.09,0.0,30,UPI,Delivered
275,274,230,2024-06-03,11:45:00,18,4,1462.3,292.46,0,UPI,Delivered
276,105,211,2025-07-29,09:32:00,21,2,1178.28,235.66,20,Debit Card,Cancelled
277,300,182,2025-03-28,23:46:00,21,2,1207.12,0.0,20,UPI,Cancelled
278,450,249,2025-03-01,08:15:00,45,3,601.75,0.0,0,Debit Card,Delivered
279,425,93,2025-10-06,15:09:00,63,5,828.49,0.0,20,Cash on Delivery,Delivered
280,420,230,2025-04-14,19:01:00,43,2,1413.86,212.08,49,UPI,Delivered
281,347,81,2025-02-15,13:27:00,18,4,1395.44,209.32,20,Net Banking,Delivered
282,533,250,2024-10-29,21:25:00,58,6,1050.07,0.0,30,Debit Card,Delivered
283,287,231,2025-06-24,12:44:00,40,4,1201.72,120.17,49,Net Banking,Returned
284,453,179,2024-12-19,20:49:00,27,3,261.59,26.16,30,Cash on Delivery,Returned
285,130,134,2025-07-07,17:13:00,20,5,1047.0,104.7,30,Wallet,Cancelled
286,24,8,2026-06-30,16:15:00,64,3,1340.54,134.05,0,Wallet,Delivered
287,382,67,2025-10-04,19:07:00,18,6,1701.46,85.07,30,Net Banking,Returned
288,6,117,2024-12-13,15:51:00,62,5,1070.2,160.53,49,Net Banking,Cancelled
289,359,77,2024-10-18,12:45:00,39,5,1359.02,0.0,30,Net Banking,Delivered
290,198,211,2026-03-08,19:29:00,21,2,1315.56,263.11,40,UPI,Delivered
291,64,109,2026-06-28,12:30:00,28,4,251.16,37.67,49,Cash on Delivery,Delivered
292,573,133,2026-03-08,20:55:00,31,5,958.03,47.9,40,Wallet,Delivered
293,427,211,2024-06-15,12:32:00,23,4,1314.73,0.0,49,Net Banking,Delivered
294,218,117,2025-04-29,09:47:00,25,5,740.48,0.0,49,Cash on Delivery,Delivered
295,124,95,2025-08-08,17:02:00,48,2,317.81,0.0,30,Debit Card,Delivered
296,498,8,2026-03-21,12:09:00,65,5,828.55,0.0,30,Credit Card,Cancelled
297,501,1,2024-05-05,19:04:00,17,4,928.38,0.0,49,Cash on Delivery,Delivered
298,387,122,2026-05-04,12:48:00,23,5,1189.25,237.85,40,Wallet,Delivered
299,153,222,2026-01-15,18:05:00,54,6,1167.63,58.38,20,Cash on Delivery,Delivered
300,554,12,2026-09-08,22:47:00,32,6,268.73,0.0,0,Net Banking,Returned
301,317,144,2025-10-22,11:41:00,50,1,443.28,44.33,49,Net Banking,Delivered
302,584,134,2024-07-12,23:32:00,16,1,1225.87,122.59,20,UPI,Delivered
303,211,63,2026-04-29,22:05:00,49,5,658.32,65.83,0,Cash on Delivery,Delivered
304,349,112,2024-07-03,21:01:00,48,3,761.78,0.0,0,UPI,Delivered
305,173,74,2024-05-27,13:16:00,64,1,379.1,18.96,20,UPI,Delivered
306,334,47,2024-01-28,09:19:00,39,1,657.67,32.88,30,Debit Card,Delivered
307,124,14,2024-07-26,15:48:00,53,5,517.31,51.73,49,Cash on Delivery,Delivered
308,276,16,2024-11-21,22:35:00,41,1,933.41,46.67,20,UPI,Delivered
309,568,247,2025-08-23,11:15:00,63,5,1214.61,0.0,30,Net Banking,Delivered
310,457,22,2026-05-16,14:50:00,24,3,1027.94,0.0,20,Net Banking,Delivered
311,569,116,2024-02-12,08:52:00,44,5,605.94,0.0,0,UPI,Delivered
312,280,154,2024-09-13,20:22:00,55,2,1103.07,110.31,30,UPI,Cancelled
313,547,145,2024-03-12,17:05:00,40,6,326.6,0.0,49,Debit Card,Delivered
314,216,157,2025-05-31,18:56:00,58,3,1187.09,237.42,40,Debit Card,Cancelled
315,330,88,2024-08-03,22:38:00,36,1,1655.55,0.0,0,Net Banking,Delivered
316,5,231,2024-01-10,13:26:00,50,6,1301.54,260.31,40,Net Banking,Delivered
317,80,138,2024-02-01,22:43:00,22,3,1753.03,87.65,49,Debit Card,Delivered
318,182,215,2026-02-25,08:07:00,44,3,1692.9,84.65,0,Credit Card,Returned
319,21,195,2024-10-14,19:12:00,20,5,1170.4,234.08,20,Credit Card,Delivered
320,372,10,2024-10-14,23:57:00,60,6,1138.13,0.0,20,Wallet,Delivered
321,114,223,2024-10-11,23:10:00,50,2,1228.53,122.85,49,Net Banking,Cancelled
322,67,151,2024-05-11,10:08:00,31,5,1557.2,155.72,30,Credit Card,Returned
323,24,249,2025-12-10,16:43:00,50,4,123.28,6.16,0,Debit Card,Delivered
324,417,71,2024-05-04,22:31:00,38,5,1395.16,209.27,20,UPI,Delivered
325,431,137,2025-04-04,18:00:00,40,2,682.31,68.23,0,Wallet,Cancelled
326,434,246,2024-03-17,15:12:00,25,3,642.15,96.32,0,UPI,Delivered
327,443,207,2024-01-25,18:53:00,31,2,301.17,0.0,30,UPI,Delivered
328,533,204,2024-08-30,10:49:00,53,5,856.73,0.0,40,Net Banking,Delivered
329,88,250,2024-03-03,09:24:00,35,6,229.25,0.0,0,Cash on Delivery,Delivered
330,309,157,2025-10-03,21:04:00,21,6,213.73,0.0,30,Cash on Delivery,Delivered
331,99,159,2026-02-09,21:14:00,53,6,1168.33,58.42,40,Cash on Delivery,Delivered
332,104,87,2025-10-28,08:29:00,48,3,1107.53,0.0,0,UPI,Delivered
333,70,152,2026-03-19,14:57:00,51,2,1190.77,0.0,30,Cash on Delivery,Delivered
334,456,48,2024-09-05,12:51:00,17,1,334.5,33.45,40,Net Banking,Returned
335,367,80,2025-08-20,12:09:00,45,3,1133.59,0.0,30,UPI,Delivered
336,149,15,2024-08-31,09:27:00,37,2,1760.54,264.08,20,UPI,Delivered
337,194,171,2025-05-02,22:38:00,59,3,1551.37,155.14,30,Net Banking,Delivered
338,429,85,2024-06-15,11:29:00,65,1,953.16,0.0,20,Wallet,Cancelled
339,478,160,2024-08-06,15:30:00,62,3,1476.22,73.81,20,Cash on Delivery,Cancelled
340,7,93,2024-01-11,10:22:00,16,5,313.52,0.0,40,Credit Card,Returned
341,600,234,2026-02-22,19:02:00,16,2,452.35,0.0,20,Debit Card,Returned
342,179,87,2026-05-17,15:11:00,27,1,415.81,0.0,0,UPI,Returned
343,141,98,2025-11-01,11:21:00,28,3,886.42,0.0,30,Wallet,Cancelled
344,540,205,2025-09-30,21:56:00,60,1,319.07,0.0,20,Credit Card,Delivered
345,388,178,2025-01-18,18:38:00,42,6,530.84,0.0,49,Net Banking,Cancelled
346,549,76,2026-03-19,12:20:00,30,1,1177.49,0.0,20,Net Banking,Delivered
347,501,54,2026-01-14,10:50:00,45,6,1153.01,0.0,49,Cash on Delivery,Returned
348,522,96,2025-05-25,22:11:00,35,6,748.12,112.22,40,Wallet,Delivered
349,486,69,2025-08-18,20:40:00,65,5,1211.56,0.0,20,Credit Card,Delivered
350,241,102,2024-08-11,17:27:00,39,5,384.11,76.82,30,Debit Card,Delivered
351,87,35,2026-02-08,10:18:00,43,5,710.65,71.06,0,Cash on Delivery,Delivered
352,345,110,2025-04-06,22:27:00,41,3,1471.57,0.0,30,Cash on Delivery,Delivered
353,184,114,2024-08-27,16:41:00,19,3,1634.48,0.0,49,Net Banking,Delivered
354,81,202,2024-10-10,15:06:00,22,1,725.2,72.52,20,Debit Card,Cancelled
355,338,65,2024-11-05,16:12:00,60,5,1796.63,359.33,49,Debit Card,Delivered
356,307,73,2026-04-22,19:50:00,40,4,1500.73,300.15,0,Cash on Delivery,Returned
357,525,195,2026-09-01,12:55:00,40,2,501.24,75.19,20,Cash on Delivery,Cancelled
358,529,151,2026-03-15,22:46:00,44,3,1450.42,0.0,20,Cash on Delivery,Returned
359,428,54,2025-03-25,22:54:00,50,1,749.5,74.95,20,Debit Card,Returned
360,10,128,2026-04-09,19:21:00,29,4,835.21,167.04,40,Wallet,Delivered
361,307,84,2025-08-24,08:36:00,65,1,1669.2,0.0,30,Net Banking,Returned
362,588,222,2025-02-04,20:13:00,40,1,1017.94,0.0,40,UPI,Delivered
363,584,247,2025-04-07,17:05:00,25,1,1253.81,0.0,0,Wallet,Delivered
364,501,7,2024-07-10,14:04:00,39,3,465.9,0.0,49,UPI,Delivered
365,59,95,2025-06-14,08:10:00,35,4,777.06,0.0,20,Net Banking,Delivered
366,490,191,2024-03-11,20:57:00,28,2,1582.35,0.0,40,Wallet,Returned
367,487,41,2025-09-10,17:37:00,27,5,1324.18,66.21,30,Credit Card,Delivered
368,147,115,2024-03-06,20:38:00,30,5,672.54,67.25,40,Cash on Delivery,Delivered
369,590,11,2026-01-24,10:18:00,56,4,702.59,140.52,30,Cash on Delivery,Delivered
370,180,107,2024-09-12,13:57:00,54,6,845.89,42.29,20,Wallet,Delivered
371,98,101,2025-12-16,09:15:00,25,3,1602.69,160.27,30,Wallet,Delivered
372,223,233,2025-05-20,21:48:00,50,1,1792.13,0.0,0,Net Banking,Delivered
373,420,116,2024-06-17,16:13:00,47,1,896.44,0.0,40,Cash on Delivery,Delivered
374,409,220,2024-07-18,20:02:00,15,3,312.67,0.0,30,Wallet,Returned
375,476,125,2025-04-17,10:05:00,50,6,527.05,26.35,20,Cash on Delivery,Delivered
376,166,44,2026-05-08,08:38:00,21,2,614.16,61.42,40,Credit Card,Delivered
377,12,174,2024-10-06,12:28:00,37,2,484.01,0.0,49,Credit Card,Delivered
378,49,215,2025-10-12,11:24:00,59,3,865.9,86.59,0,UPI,Delivered
379,207,238,2024-09-12,19:58:00,30,2,273.53,13.68,0,UPI,Delivered
380,197,175,2025-11-16,10:14:00,21,6,402.04,0.0,0,Cash on Delivery,Delivered
381,111,209,2024-11-30,18:35:00,55,2,1169.45,116.95,40,Cash on Delivery,Delivered
382,238,55,2024-04-18,19:20:00,26,1,795.59,0.0,0,Cash on Delivery,Cancelled
383,470,57,2024-03-08,16:41:00,54,3,193.82,0.0,40,Debit Card,Delivered
384,512,27,2025-12-30,13:16:00,21,5,664.92,99.74,40,Wallet,Returned
385,137,86,2024-06-28,18:54:00,57,4,233.42,0.0,49,Net Banking,Delivered
386,392,131,2025-10-17,15:32:00,52,6,1780.48,0.0,0,Net Banking,Delivered
387,317,61,2026-01-25,21:48:00,30,5,253.37,0.0,30,Cash on Delivery,Delivered
388,207,39,2025-01-19,14:41:00,17,2,1671.33,167.13,40,Wallet,Delivered
389,138,72,2024-11-21,09:33:00,65,4,1208.72,0.0,0,Credit Card,Returned
390,340,88,2024-09-05,14:34:00,18,6,1780.47,356.09,20,Net Banking,Delivered
391,534,83,2024-07-06,22:40:00,15,1,1581.38,0.0,20,UPI,Returned
392,145,241,2024-07-28,12:05:00,26,5,1042.06,208.41,20,Credit Card,Delivered
393,81,110,2026-01-12,22:19:00,25,6,451.86,22.59,20,Net Banking,Cancelled
394,311,74,2025-08-13,22:40:00,27,3,1568.87,78.44,0,Debit Card,Delivered
395,387,43,2025-04-27,22:27:00,47,5,1354.68,270.94,20,Cash on Delivery,Delivered
396,391,110,2026-05-24,10:48:00,34,5,1022.49,102.25,20,Debit Card,Delivered
397,475,79,2025-04-09,17:24:00,50,5,927.82,0.0,20,Wallet,Delivered
398,201,40,2026-07-27,14:00:00,15,5,1347.02,0.0,40,Cash on Delivery,Delivered
399,405,249,2026-01-30,19:24:00,46,3,1196.96,119.7,0,Cash on Delivery,Delivered
400,128,99,2026-08-12,13:12:00,63,4,1727.92,345.58,30,Net Banking,Returned
401,501,163,2025-12-06,19:44:00,18,6,767.36,38.37,20,Credit Card,Delivered
402,36,236,2026-04-12,19:40:00,60,6,167.47,25.12,20,Debit Card,Delivered
403,467,242,2025-11-28,12:16:00,30,5,1091.61,163.74,20,UPI,Delivered
404,95,165,2025-12-29,20:25:00,60,5,1756.56,0.0,49,Credit Card,Delivered
405,170,213,2025-03-13,16:44:00,34,5,1745.71,261.86,40,Net Banking,Delivered
406,422,193,2026-06-16,10:06:00,55,5,1424.84,0.0,20,Debit Card,Returned
407,215,239,2026-02-05,20:44:00,34,1,1778.2,355.64,40,UPI,Delivered
408,72,199,2025-12-14,21:33:00,41,6,604.41,30.22,20,Credit Card,Delivered
409,191,181,2024-05-17,14:31:00,26,5,1713.45,85.67,49,Credit Card,Cancelled
410,206,16,2026-02-06,13:51:00,63,2,555.71,111.14,40,Cash on Delivery,Returned
411,112,223,2025-10-13,13:05:00,33,1,754.58,0.0,0,Debit Card,Delivered
412,600,61,2025-05-04,23:43:00,63,1,135.97,0.0,0,Wallet,Delivered
413,43,25,2024-08-04,08:24:00,53,5,1777.99,355.6,30,Cash on Delivery,Delivered
414,346,155,2025-03-15,18:23:00,58,3,1799.07,359.81,20,Debit Card,Returned
415,409,97,2025-09-17,09:22:00,36,1,125.18,25.04,40,Wallet,Cancelled
416,27,155,2024-05-05,16:44:00,63,2,738.96,73.9,40,Net Banking,Delivered
417,193,1,2025-10-15,18:01:00,55,3,1587.37,317.47,30,Wallet,Delivered
418,240,156,2025-05-11,20:47:00,54,1,705.2,35.26,0,Wallet,Delivered
419,301,156,2024-07-18,12:55:00,48,5,1438.57,215.79,49,UPI,Cancelled
420,510,204,2024-03-30,17:53:00,58,5,1778.53,88.93,20,Cash on Delivery,Delivered
421,494,170,2025-07-07,15:15:00,28,2,1385.46,207.82,0,UPI,Delivered
422,30,42,2026-08-09,18:57:00,39,3,490.23,0.0,40,Wallet,Delivered
423,140,237,2025-07-01,23:05:00,65,6,679.11,0.0,49,Net Banking,Delivered
424,352,97,2026-07-21,20:41:00,56,5,1743.3,87.17,20,Credit Card,Delivered
425,119,75,2024-03-30,11:05:00,36,6,1114.9,0.0,0,Net Banking,Delivered
426,131,219,2024-11-16,20:36:00,62,1,642.14,64.21,49,Credit Card,Delivered
427,434,82,2026-02-28,19:51:00,58,2,993.18,99.32,49,Credit Card,Delivered
428,405,3,2025-07-05,22:20:00,24,3,1526.52,76.33,40,Credit Card,Delivered
429,291,38,2026-02-03,09:38:00,35,3,964.0,144.6,0,Debit Card,Returned
430,588,123,2025-10-08,14:31:00,33,6,1743.71,0.0,30,Credit Card,Returned
431,216,218,2026-01-20,15:44:00,62,1,1670.91,334.18,20,Cash on Delivery,Returned
432,402,77,2026-04-14,13:01:00,50,4,686.85,103.03,40,Debit Card,Delivered
433,401,19,2025-06-24,17:18:00,59,2,1297.86,129.79,40,UPI,Cancelled
434,332,193,2026-03-21,09:54:00,60,3,888.65,0.0,49,Credit Card,Delivered
435,495,75,2026-07-07,12:13:00,28,6,448.7,67.3,0,Debit Card,Returned
436,590,27,2025-11-25,12:24:00,42,6,1533.99,0.0,0,Debit Card,Delivered
437,184,242,2024-02-23,11:32:00,56,3,1116.9,0.0,40,Credit Card,Delivered
438,122,62,2025-02-10,23:19:00,59,5,1723.65,258.55,40,Wallet,Returned
439,92,200,2025-04-19,20:17:00,55,6,867.8,0.0,0,UPI,Delivered
440,125,126,2025-10-18,15:01:00,52,5,1778.75,88.94,30,Wallet,Returned
441,97,204,2025-08-30,13:24:00,45,6,1300.6,0.0,49,Credit Card,Delivered
442,334,17,2025-12-31,13:25:00,59,1,781.58,156.32,49,Net Banking,Delivered
443,66,133,2026-05-07,11:48:00,63,2,1742.34,0.0,20,Net Banking,Returned
444,185,2,2025-07-22,22:51:00,35,1,185.76,18.58,20,Wallet,Cancelled
445,90,144,2024-09-19,09:05:00,22,5,621.61,62.16,20,Cash on Delivery,Returned
446,1,64,2024-11-03,09:33:00,65,3,1227.38,61.37,20,Net Banking,Delivered
447,321,134,2026-07-21,19:38:00,49,5,472.53,0.0,0,Credit Card,Delivered
448,193,37,2024-11-02,14:08:00,53,5,482.95,0.0,30,Credit Card,Returned
449,433,20,2025-07-17,16:16:00,39,6,1638.15,81.91,40,UPI,Delivered
450,436,241,2025-12-12,12:34:00,28,1,1177.67,0.0,20,Wallet,Delivered
451,578,169,2025-10-25,13:26:00,24,3,1787.31,89.37,40,UPI,Delivered
452,254,20,2024-10-03,11:34:00,22,6,1041.26,0.0,30,Wallet,Delivered
453,372,233,2024-12-07,16:09:00,29,3,136.57,6.83,20,Cash on Delivery,Delivered
454,127,45,2025-06-23,17:37:00,46,1,1008.65,151.3,49,Debit Card,Delivered
455,278,156,2024-04-11,09:10:00,35,4,423.53,84.71,49,Net Banking,Delivered
456,413,123,2025-08-29,12:16:00,15,6,982.79,0.0,20,Credit Card,Delivered
457,582,189,2024-09-30,09:58:00,61,6,1757.16,263.57,20,Wallet,Delivered
458,429,181,2025-04-13,13:28:00,37,4,963.75,0.0,40,Net Banking,Returned
459,235,79,2025-10-12,10:19:00,41,3,1540.01,231.0,0,UPI,Returned
460,246,242,2024-04-05,13:36:00,18,1,1368.93,136.89,40,UPI,Delivered
461,521,239,2026-01-18,12:30:00,46,5,1271.0,190.65,49,Wallet,Delivered
462,416,4,2025-09-23,14:58:00,62,1,1319.79,197.97,49,Wallet,Delivered
463,251,190,2025-11-08,09:38:00,43,2,1253.2,250.64,49,Credit Card,Cancelled
464,77,94,2026-05-09,12:32:00,37,1,830.17,41.51,20,Debit Card,Delivered
465,347,234,2025-11-26,15:53:00,49,1,607.31,30.37,30,Debit Card,Cancelled
466,3,189,2025-10-08,20:13:00,34,6,986.09,0.0,40,Net Banking,Delivered
467,59,92,2024-01-07,22:21:00,34,3,300.04,0.0,20,Cash on Delivery,Delivered
468,10,26,2025-03-17,23:12:00,20,5,984.06,0.0,40,UPI,Delivered
469,8,40,2026-02-26,16:14:00,45,4,748.84,0.0,40,Credit Card,Delivered
470,276,28,2025-03-25,22:10:00,23,3,1375.11,0.0,30,Wallet,Cancelled
471,114,49,2024-10-18,09:08:00,40,4,1369.79,0.0,20,Wallet,Cancelled
472,491,246,2025-11-12,16:07:00,41,4,1044.21,208.84,20,Debit Card,Delivered
473,514,186,2026-08-03,20:08:00,22,1,1451.76,0.0,20,Debit Card,Delivered
474,14,197,2025-12-01,15:03:00,58,3,841.84,84.18,0,Cash on Delivery,Delivered
475,297,73,2025-05-12,10:48:00,42,2,1157.59,173.64,49,Credit Card,Cancelled
476,288,197,2024-04-27,16:44:00,30,6,1498.62,0.0,40,Wallet,Delivered
477,515,157,2024-07-04,14:54:00,52,6,1185.92,0.0,0,Credit Card,Delivered
478,40,71,2024-07-15,12:27:00,16,5,455.4,91.08,0,Cash on Delivery,Delivered
479,538,79,2025-12-17,15:14:00,36,4,925.05,92.5,40,Wallet,Delivered
480,312,29,2024-10-02,19:17:00,37,6,822.36,0.0,0,Credit Card,Delivered
481,1,14,2025-11-07,18:13:00,33,4,590.67,59.07,0,Cash on Delivery,Cancelled
482,259,243,2025-05-18,19:21:00,34,1,282.77,0.0,49,Credit Card,Delivered
483,370,190,2026-04-09,19:47:00,64,5,1008.49,0.0,20,Wallet,Delivered
484,216,150,2025-01-28,10:56:00,21,2,1177.66,117.77,0,UPI,Delivered
485,196,50,2025-12-22,22:59:00,21,1,1702.25,170.23,30,Debit Card,Returned
486,486,195,2024-07-25,12:02:00,23,2,822.6,123.39,30,Net Banking,Delivered
487,375,115,2025-10-06,11:58:00,42,1,931.14,93.11,49,UPI,Cancelled
488,281,179,2026-09-17,12:18:00,17,5,222.13,33.32,20,Wallet,Delivered
489,507,176,2025-06-29,10:10:00,43,5,765.37,153.07,40,Cash on Delivery,Delivered
490,279,53,2024-07-07,08:10:00,51,2,1114.75,0.0,49,Cash on Delivery,Delivered
491,538,67,2024-11-06,15:18:00,60,3,1047.61,0.0,20,UPI,Delivered
492,244,75,2024-02-10,12:56:00,32,2,574.33,114.87,0,Wallet,Cancelled
493,216,137,2024-04-28,08:41:00,37,6,1136.67,0.0,30,UPI,Returned
494,563,68,2026-01-09,12:26:00,54,3,665.39,0.0,0,Debit Card,Cancelled
495,287,46,2024-09-19,08:34:00,57,5,298.82,44.82,40,Wallet,Delivered
496,565,53,2026-04-16,22:14:00,35,3,462.58,69.39,40,Credit Card,Delivered
497,238,187,2026-01-13,21:23:00,24,4,277.4,0.0,40,Credit Card,Cancelled
498,194,146,2025-05-17,13:41:00,33,1,641.07,0.0,40,Wallet,Delivered
499,193,18,2024-05-26,10:27:00,30,4,1647.34,82.37,0,Wallet,Delivered
500,141,187,2026-02-07,08:38:00,21,4,765.1,0.0,0,Wallet,Delivered
501,136,64,2026-02-27,10:17:00,24,6,1127.39,225.48,0,UPI,Delivered
502,347,219,2025-12-25,10:12:00,23,4,1396.25,69.81,20,Debit Card,Delivered
503,491,40,2024-09-06,09:34:00,59,3,1174.18,0.0,0,UPI,Delivered
504,558,76,2024-04-15,21:09:00,15,2,160.32,8.02,40,Credit Card,Delivered
505,294,58,2026-08-01,20:43:00,60,1,946.26,0.0,20,UPI,Delivered
506,366,20,2025-09-22,18:07:00,38,1,1624.59,162.46,20,Credit Card,Delivered
507,544,86,2025-09-06,13:43:00,42,2,1620.44,243.07,30,Net Banking,Delivered
508,357,225,2024-04-16,16:58:00,46,6,740.11,0.0,0,UPI,Cancelled
509,151,82,2024-05-31,20:28:00,61,4,1488.61,0.0,49,Cash on Delivery,Returned
510,286,38,2024-04-02,18:08:00,26,4,712.38,35.62,40,Cash on Delivery,Returned
511,424,155,2026-03-23,18:08:00,56,2,763.75,76.38,40,Net Banking,Delivered
512,505,137,2025-07-03,15:24:00,20,5,1321.07,132.11,49,Wallet,Returned
513,225,180,2024-03-30,15:23:00,15,2,1789.76,0.0,30,Net Banking,Delivered
514,137,236,2024-04-22,09:58:00,37,3,1545.9,309.18,20,Debit Card,Delivered
515,148,214,2026-05-23,21:15:00,28,2,213.85,0.0,0,Wallet,Returned
516,147,97,2026-01-20,08:44:00,42,3,210.86,0.0,49,UPI,Delivered
517,162,8,2024-05-30,19:09:00,20,2,249.47,24.95,40,Credit Card,Cancelled
518,482,191,2024-05-23,17:30:00,41,6,686.73,137.35,0,Debit Card,Delivered
519,160,16,2026-06-21,09:38:00,63,2,965.54,0.0,40,Cash on Delivery,Returned
520,466,142,2025-12-29,16:58:00,51,5,634.14,0.0,40,Credit Card,Delivered
521,95,134,2025-01-21,12:47:00,28,4,1159.99,0.0,40,Credit Card,Returned
522,573,155,2026-05-11,10:52:00,59,4,922.06,138.31,40,Cash on Delivery,Cancelled
523,56,206,2025-01-15,21:12:00,32,1,295.39,0.0,49,Debit Card,Delivered
524,246,73,2024-06-15,11:04:00,28,5,138.44,0.0,20,Net Banking,Cancelled
525,34,62,2024-10-02,10:36:00,51,1,1067.08,213.42,40,UPI,Delivered
526,323,24,2026-08-24,17:00:00,37,3,1730.68,173.07,20,Debit Card,Delivered
527,365,250,2024-05-12,11:21:00,41,6,966.01,96.6,20,UPI,Delivered
528,392,123,2025-08-23,09:18:00,25,2,1266.39,0.0,0,Wallet,Cancelled
529,221,207,2025-11-28,12:49:00,60,2,1788.94,178.89,49,Wallet,Delivered
530,536,239,2026-02-26,18:28:00,65,2,689.55,0.0,49,Cash on Delivery,Delivered
531,397,62,2024-08-01,10:09:00,51,6,1790.6,0.0,0,Credit Card,Delivered
532,561,223,2026-09-19,10:31:00,21,4,647.05,0.0,20,UPI,Delivered
533,591,94,2024-12-27,10:04:00,26,6,1416.86,0.0,40,Debit Card,Delivered
534,144,241,2024-05-06,23:02:00,38,3,793.58,158.72,49,Wallet,Cancelled
535,452,94,2025-06-08,18:23:00,20,6,814.17,40.71,30,Wallet,Delivered
536,59,190,2026-03-20,15:44:00,50,1,379.66,0.0,30,Cash on Delivery,Cancelled
537,584,103,2026-05-24,10:14:00,39,4,1244.17,0.0,40,Cash on Delivery,Returned
538,548,231,2026-04-17,22:06:00,20,2,1349.39,67.47,40,Credit Card,Delivered
539,337,17,2024-11-20,18:38:00,46,2,1299.85,64.99,0,Debit Card,Delivered
540,40,140,2024-06-08,23:09:00,55,2,657.91,0.0,49,Cash on Delivery,Delivered
541,371,203,2025-03-16,23:13:00,18,2,1578.27,315.65,40,Debit Card,Delivered
542,181,22,2024-05-25,10:17:00,40,1,621.21,93.18,40,Cash on Delivery,Delivered
543,220,172,2026-07-03,16:11:00,18,1,1623.53,81.18,30,Debit Card,Cancelled
544,204,90,2026-08-22,21:30:00,45,5,1277.24,0.0,40,Debit Card,Returned
545,585,100,2026-04-22,08:35:00,65,5,453.58,68.04,49,Net Banking,Cancelled
546,332,171,2026-04-23,18:00:00,24,4,1688.82,84.44,30,UPI,Returned
547,417,68,2025-06-17,08:28:00,23,6,874.87,87.49,0,UPI,Cancelled
548,193,108,2025-12-14,13:38:00,39,2,704.78,0.0,49,UPI,Delivered
549,373,5,2024-11-05,17:32:00,22,6,958.54,47.93,40,Cash on Delivery,Delivered
550,361,213,2025-07-09,21:33:00,63,3,310.48,0.0,40,Cash on Delivery,Delivered
551,182,142,2025-09-01,13:34:00,42,4,598.85,89.83,40,Wallet,Delivered
552,102,23,2026-04-05,11:05:00,56,1,1155.32,57.77,0,Cash on Delivery,Returned
553,558,26,2025-10-10,22:32:00,52,1,1241.75,248.35,40,Credit Card,Cancelled
554,466,142,2025-01-25,11:12:00,45,1,709.03,141.81,40,Cash on Delivery,Returned
555,406,2,2026-08-20,19:50:00,29,5,596.46,89.47,30,Debit Card,Delivered
556,248,2,2026-07-10,21:02:00,15,1,377.67,0.0,49,Wallet,Delivered
557,326,86,2024-06-23,21:15:00,50,4,443.67,66.55,40,UPI,Delivered
558,440,33,2026-08-19,20:46:00,26,4,1639.01,163.9,20,Cash on Delivery,Cancelled
559,102,182,2026-03-31,12:32:00,22,6,1089.25,54.46,30,Net Banking,Cancelled
560,331,53,2024-04-05,10:01:00,42,1,1176.54,117.65,20,UPI,Delivered
561,557,236,2026-09-22,10:36:00,39,1,1367.13,0.0,40,Wallet,Returned
562,367,48,2024-09-02,15:19:00,27,5,1531.97,229.8,40,Debit Card,Returned
563,53,71,2024-03-25,12:40:00,16,6,1774.46,354.89,0,UPI,Delivered
564,126,28,2024-05-25,17:16:00,26,1,250.0,50.0,30,Credit Card,Delivered
565,104,126,2026-03-25,08:26:00,19,4,1731.48,0.0,20,Wallet,Delivered
566,385,228,2024-11-17,22:51:00,25,2,621.91,0.0,49,Wallet,Delivered
567,33,31,2024-12-17,19:30:00,54,5,1038.09,0.0,49,Wallet,Delivered
568,125,50,2025-09-12,08:34:00,16,5,979.73,0.0,20,Debit Card,Delivered
569,223,8,2024-12-01,12:14:00,20,6,1281.89,0.0,30,Debit Card,Delivered
570,205,245,2024-04-04,19:45:00,50,6,614.46,92.17,40,Cash on Delivery,Delivered
571,410,237,2024-07-16,16:11:00,27,6,1541.34,231.2,30,Cash on Delivery,Delivered
572,598,204,2026-02-23,17:10:00,65,2,1722.32,86.12,40,Cash on Delivery,Delivered
573,279,209,2024-11-22,11:38:00,39,4,455.53,0.0,30,Wallet,Delivered
574,461,43,2026-06-29,09:32:00,31,5,808.48,80.85,49,Debit Card,Delivered
575,31,30,2024-07-03,18:27:00,65,2,721.01,0.0,20,Wallet,Delivered
576,381,38,2026-03-09,18:07:00,15,3,1276.33,191.45,30,Credit Card,Delivered
577,582,204,2024-11-25,15:35:00,19,4,596.47,0.0,49,Credit Card,Delivered
578,575,72,2026-01-03,10:36:00,56,4,1265.98,63.3,30,Debit Card,Cancelled
579,202,13,2026-04-01,23:31:00,17,3,827.68,0.0,40,Credit Card,Delivered
580,335,152,2025-01-27,15:36:00,16,3,149.96,29.99,49,UPI,Delivered
581,292,34,2026-05-11,20:02:00,49,5,185.72,27.86,0,UPI,Delivered
582,98,213,2026-04-01,21:46:00,34,3,652.88,0.0,40,UPI,Delivered
583,321,127,2025-09-19,09:25:00,34,6,1773.06,88.65,0,Debit Card,Delivered
584,106,8,2024-08-17,09:52:00,15,2,296.63,0.0,40,Credit Card,Cancelled
585,91,49,2026-01-11,19:52:00,49,1,1689.31,337.86,0,Debit Card,Delivered
586,114,13,2026-08-27,17:04:00,31,3,1275.71,255.14,40,Debit Card,Returned
587,175,237,2024-05-21,22:07:00,23,3,1567.98,313.6,49,Cash on Delivery,Returned
588,458,172,2024-05-05,15:36:00,45,6,943.37,0.0,30,Wallet,Delivered
589,232,24,2024-09-27,17:45:00,20,3,1058.31,211.66,20,Wallet,Returned
590,211,178,2024-03-20,10:31:00,18,2,142.06,0.0,40,Cash on Delivery,Cancelled
591,500,27,2024-12-14,14:52:00,52,5,983.4,0.0,30,Wallet,Delivered
592,158,218,2025-05-31,11:58:00,23,2,1660.05,83.0,40,Net Banking,Delivered
593,208,200,2025-02-13,14:04:00,32,4,395.85,0.0,49,Wallet,Delivered
594,151,119,2026-06-16,11:47:00,22,2,147.87,7.39,20,Debit Card,Delivered
595,488,170,2025-06-27,22:22:00,31,1,1677.24,0.0,30,Cash on Delivery,Cancelled
596,155,102,2025-05-29,21:32:00,36,1,861.45,0.0,0,UPI,Returned
597,392,188,2026-08-08,21:12:00,33,2,796.52,79.65,30,Net Banking,Delivered
598,506,133,2025-03-19,11:43:00,18,6,538.23,0.0,20,UPI,Delivered
599,37,148,2024-09-29,15:04:00,49,1,582.77,58.28,40,Cash on Delivery,Delivered
600,104,57,2026-01-21,16:31:00,28,2,1440.02,0.0,30,Wallet,Delivered
601,295,188,2024-01-04,11:11:00,47,6,1165.16,174.77,30,Wallet,Cancelled
602,175,81,2025-11-28,10:10:00,26,3,1631.78,0.0,0,Wallet,Delivered
603,439,86,2024-01-22,13:16:00,19,2,1261.06,252.21,0,Net Banking,Delivered
604,486,150,2024-01-02,23:55:00,30,4,303.77,60.75,0,Net Banking,Returned
605,298,214,2024-08-21,13:48:00,24,1,287.99,57.6,30,Cash on Delivery,Delivered
606,360,140,2024-09-20,23:16:00,38,4,142.78,0.0,30,Wallet,Delivered
607,531,199,2025-11-10,23:07:00,32,6,992.44,148.87,0,Credit Card,Delivered
608,226,169,2024-05-25,19:31:00,16,2,1090.34,163.55,40,Debit Card,Cancelled
609,92,50,2026-07-31,20:40:00,21,3,1593.6,239.04,49,Cash on Delivery,Delivered
610,180,68,2026-07-21,19:56:00,36,4,1109.77,0.0,30,Credit Card,Delivered
611,594,134,2025-12-19,18:53:00,54,1,848.21,42.41,49,Debit Card,Delivered
612,113,249,2024-01-09,23:59:00,58,2,903.41,0.0,49,Debit Card,Delivered
613,572,171,2024-06-15,17:31:00,33,1,1463.64,0.0,40,UPI,Cancelled
614,290,212,2025-08-30,11:03:00,46,3,128.55,0.0,0,UPI,Delivered
615,142,90,2026-06-18,17:50:00,47,6,1730.32,173.03,20,UPI,Returned
616,278,37,2026-01-20,14:27:00,52,1,608.55,0.0,40,Debit Card,Cancelled
617,396,109,2025-02-12,11:57:00,31,3,1123.03,0.0,49,Cash on Delivery,Returned
618,331,206,2025-08-15,12:43:00,64,2,540.03,27.0,49,Credit Card,Delivered
619,313,22,2024-10-31,22:34:00,26,4,1434.44,286.89,40,UPI,Cancelled
620,540,114,2025-12-11,18:32:00,58,6,720.7,0.0,40,Cash on Delivery,Delivered
621,421,119,2024-01-29,08:49:00,41,1,1389.84,138.98,30,Credit Card,Delivered
622,525,96,2024-05-10,17:03:00,63,4,331.57,49.74,0,Cash on Delivery,Delivered
623,472,215,2024-02-25,10:03:00,32,6,299.84,29.98,0,Debit Card,Delivered
624,494,177,2024-12-05,09:07:00,62,5,1253.01,187.95,0,Wallet,Cancelled
625,529,37,2025-07-29,23:08:00,29,6,1194.64,0.0,30,Wallet,Delivered
626,7,207,2025-05-11,14:07:00,19,1,377.08,0.0,49,UPI,Cancelled
627,210,27,2025-04-30,08:53:00,47,4,776.4,0.0,30,Cash on Delivery,Delivered
628,189,210,2024-08-28,16:52:00,54,6,857.74,128.66,49,UPI,Delivered
629,150,163,2024-01-23,13:09:00,62,6,524.35,52.44,49,Credit Card,Delivered
630,492,75,2024-10-23,11:37:00,46,3,1241.74,62.09,40,Wallet,Delivered
631,476,107,2026-04-13,21:09:00,16,3,887.9,88.79,40,UPI,Delivered
632,311,9,2025-10-22,22:02:00,37,2,906.08,135.91,40,Debit Card,Delivered
633,163,92,2025-05-27,14:22:00,60,5,776.25,0.0,20,Wallet,Cancelled
634,361,168,2026-01-06,18:29:00,60,2,587.61,117.52,30,Cash on Delivery,Delivered
635,496,97,2026-09-12,23:38:00,57,2,1087.75,108.78,49,Debit Card,Cancelled
636,332,151,2026-09-05,19:37:00,54,4,233.52,0.0,20,Credit Card,Delivered
637,109,128,2026-08-14,23:20:00,63,2,1768.63,353.73,20,UPI,Cancelled
638,394,194,2026-09-23,21:59:00,19,1,1148.0,0.0,0,Wallet,Delivered
639,453,196,2025-01-18,08:59:00,26,3,300.87,15.04,40,Credit Card,Returned
640,588,143,2024-07-23,14:16:00,46,4,1260.47,0.0,20,Wallet,Cancelled
641,445,209,2025-06-25,14:05:00,52,1,1176.91,176.54,0,Credit Card,Delivered
642,144,229,2024-01-06,19:49:00,41,5,1038.26,0.0,30,Credit Card,Returned
643,541,128,2024-07-13,14:36:00,45,5,711.54,71.15,49,Credit Card,Delivered
644,450,110,2025-10-02,20:55:00,19,5,251.28,50.26,49,Debit Card,Delivered
645,121,128,2024-08-24,09:38:00,49,3,157.87,31.57,30,Debit Card,Delivered
646,367,18,2026-06-12,13:18:00,19,5,1086.6,217.32,49,Net Banking,Delivered
647,320,103,2025-09-25,09:34:00,59,1,1099.06,0.0,0,UPI,Delivered
648,432,67,2024-07-24,18:56:00,63,1,354.0,35.4,30,Wallet,Delivered
649,242,127,2024-03-15,09:22:00,19,4,1124.89,112.49,0,Net Banking,Delivered
650,133,70,2026-01-10,09:06:00,17,4,972.78,145.92,30,Cash on Delivery,Delivered
651,311,201,2026-05-20,15:01:00,18,1,1419.67,283.93,20,Net Banking,Delivered
652,389,175,2025-12-01,08:35:00,45,1,770.37,38.52,20,Cash on Delivery,Returned
653,438,141,2024-05-21,11:28:00,22,5,1770.66,0.0,30,Credit Card,Delivered
654,448,236,2024-02-29,15:14:00,20,5,136.88,6.84,49,Net Banking,Delivered
655,16,224,2026-01-07,15:52:00,18,1,215.18,10.76,20,Debit Card,Delivered
656,322,90,2025-09-08,15:18:00,23,5,788.34,118.25,0,Wallet,Delivered
657,79,65,2026-08-18,14:31:00,60,6,1486.55,297.31,20,Cash on Delivery,Returned
658,310,242,2025-01-10,17:55:00,56,2,1005.1,0.0,30,Wallet,Delivered
659,516,27,2024-02-25,19:57:00,41,6,1716.95,85.85,30,UPI,Cancelled
660,141,216,2025-06-17,15:19:00,62,5,474.09,0.0,20,UPI,Cancelled
661,451,167,2026-02-21,22:07:00,16,4,1525.03,0.0,30,Net Banking,Delivered
662,308,212,2026-09-15,10:03:00,32,5,765.01,0.0,40,Cash on Delivery,Delivered
663,46,58,2024-07-29,20:11:00,57,4,1014.59,152.19,30,UPI,Delivered
664,357,240,2024-01-27,18:59:00,31,5,483.79,0.0,30,Wallet,Delivered
665,445,222,2025-03-13,09:51:00,21,5,772.03,115.8,30,Net Banking,Delivered
666,435,147,2026-01-06,16:10:00,39,4,1372.66,0.0,20,UPI,Delivered
667,281,22,2024-09-12,17:21:00,51,4,184.86,0.0,30,Debit Card,Returned
668,257,201,2025-10-30,08:07:00,34,5,1230.1,246.02,30,Credit Card,Delivered
669,474,5,2025-03-26,08:29:00,17,3,926.75,185.35,49,Credit Card,Delivered
670,60,149,2026-08-19,10:17:00,54,5,647.56,0.0,40,Credit Card,Delivered
671,283,67,2026-06-08,23:08:00,29,6,413.15,82.63,49,Wallet,Delivered
672,239,30,2025-11-01,09:11:00,58,5,1565.76,156.58,30,UPI,Delivered
673,234,16,2026-09-01,16:16:00,16,6,1539.48,307.9,30,Net Banking,Returned
674,46,154,2024-08-28,19:06:00,19,5,865.61,86.56,0,Credit Card,Cancelled
675,334,147,2025-01-15,21:04:00,56,4,1591.43,0.0,0,Debit Card,Delivered
676,369,86,2025-02-21,19:30:00,33,5,172.34,0.0,0,Debit Card,Cancelled
677,27,28,2025-09-15,14:51:00,35,5,1322.49,198.37,49,Net Banking,Returned
678,353,241,2024-08-08,20:53:00,52,1,1223.86,0.0,40,Wallet,Delivered
679,80,246,2026-08-15,15:36:00,47,5,1178.94,176.84,40,Net Banking,Returned
680,125,217,2026-06-18,09:38:00,45,6,1001.07,50.05,30,Debit Card,Cancelled
681,590,76,2026-07-21,15:21:00,30,3,507.9,0.0,0,Wallet,Cancelled
682,456,188,2026-09-07,21:23:00,20,3,1061.57,0.0,30,Wallet,Delivered
683,236,115,2026-03-16,21:14:00,51,2,1675.2,0.0,40,Wallet,Delivered
684,142,156,2024-09-23,17:21:00,35,1,256.93,12.85,49,Credit Card,Delivered
685,507,162,2026-06-21,14:57:00,26,4,146.06,0.0,40,Debit Card,Delivered
686,482,191,2024-04-13,12:55:00,17,4,160.2,0.0,0,Credit Card,Delivered
687,543,236,2025-02-01,21:22:00,23,4,1290.84,0.0,30,UPI,Delivered
688,345,152,2025-09-15,11:46:00,17,1,1361.1,0.0,40,Cash on Delivery,Returned
689,461,190,2026-05-04,21:18:00,63,4,1296.19,194.43,20,Wallet,Delivered
690,522,22,2024-06-04,08:37:00,52,3,1252.16,62.61,40,Debit Card,Delivered
691,181,131,2026-01-09,16:49:00,21,2,619.55,0.0,0,Net Banking,Delivered
692,538,149,2025-06-04,21:18:00,35,4,655.21,0.0,20,UPI,Returned
693,216,111,2025-06-15,16:36:00,54,3,287.1,0.0,20,UPI,Delivered
694,281,125,2025-03-25,15:56:00,25,3,1697.86,0.0,49,UPI,Cancelled
695,286,37,2024-04-08,14:35:00,47,2,165.95,0.0,49,Net Banking,Cancelled
696,7,126,2026-05-02,08:23:00,28,3,1702.23,170.22,40,Wallet,Delivered
697,534,33,2026-04-30,22:18:00,22,6,1306.62,261.32,0,Cash on Delivery,Delivered
698,506,68,2024-03-29,12:17:00,61,6,315.66,0.0,0,Wallet,Cancelled
699,77,84,2024-06-09,18:17:00,44,6,1355.68,203.35,0,Wallet,Returned
700,323,229,2026-08-04,09:27:00,21,6,1454.25,0.0,20,Net Banking,Returned
701,37,243,2025-10-11,08:15:00,23,5,752.03,0.0,20,Debit Card,Delivered
702,156,125,2026-04-13,13:46:00,46,3,341.41,51.21,0,Net Banking,Returned
703,220,1,2025-03-20,10:31:00,50,5,470.36,0.0,0,Cash on Delivery,Returned
704,270,158,2025-01-24,15:40:00,37,4,1011.17,0.0,30,Credit Card,Delivered
705,497,126,2026-03-26,20:38:00,37,5,928.01,0.0,20,UPI,Delivered
706,430,249,2025-04-02,18:15:00,57,4,314.58,15.73,30,Wallet,Delivered
707,356,179,2025-02-11,12:49:00,45,4,1129.78,169.47,20,UPI,Delivered
708,275,130,2024-08-08,21:03:00,50,3,559.5,0.0,40,Cash on Delivery,Delivered
709,436,103,2024-09-23,09:17:00,46,6,487.83,73.17,0,Debit Card,Delivered
710,420,57,2025-08-09,13:34:00,28,6,305.33,30.53,49,Debit Card,Cancelled
711,553,6,2026-08-31,08:51:00,39,1,1431.13,0.0,30,Net Banking,Delivered
712,51,133,2024-08-03,19:34:00,27,2,1528.09,76.4,20,Debit Card,Cancelled
713,383,85,2025-02-27,14:35:00,61,2,1699.22,0.0,0,Net Banking,Delivered
714,514,102,2026-03-21,23:02:00,25,3,626.46,0.0,20,UPI,Delivered
715,127,209,2026-03-13,20:41:00,40,2,1494.74,0.0,0,UPI,Delivered
716,517,185,2025-12-21,21:01:00,15,6,1514.82,151.48,20,UPI,Returned
717,401,50,2026-05-01,17:50:00,35,4,980.76,0.0,30,Debit Card,Delivered
718,208,26,2024-09-27,23:24:00,33,4,276.34,13.82,49,Debit Card,Delivered
719,292,233,2025-12-20,15:24:00,16,4,1342.3,0.0,49,Wallet,Delivered
720,464,58,2025-08-14,08:25:00,64,2,871.1,43.56,49,UPI,Returned
721,319,86,2024-05-27,10:06:00,50,2,468.91,23.45,49,Credit Card,Delivered
722,145,104,2025-09-23,23:33:00,61,5,1397.78,0.0,40,Debit Card,Delivered
723,319,190,2024-12-11,12:02:00,35,6,1069.72,53.49,0,Debit Card,Returned
724,215,194,2025-07-29,23:34:00,46,3,1731.92,0.0,30,Cash on Delivery,Returned
725,495,132,2025-07-22,10:58:00,21,4,1294.75,64.74,20,UPI,Cancelled
726,533,192,2024-05-04,13:12:00,43,1,185.62,9.28,40,Credit Card,Returned
727,538,125,2024-05-23,21:25:00,15,3,317.54,0.0,30,Net Banking,Delivered
728,381,145,2025-10-27,13:09:00,33,5,1270.84,254.17,49,Wallet,Delivered
729,532,155,2024-09-14,23:29:00,28,3,1677.49,251.62,20,Credit Card,Delivered
730,486,3,2024-11-21,21:11:00,24,4,232.64,0.0,30,Wallet,Cancelled
731,205,178,2024-04-06,22:21:00,21,1,1169.95,117.0,20,UPI,Delivered
732,573,227,2024-08-19,19:40:00,15,2,581.3,116.26,40,Net Banking,Returned
733,314,95,2025-10-01,20:59:00,31,5,1028.91,154.34,20,UPI,Delivered
734,157,27,2026-01-18,14:17:00,26,3,1066.95,0.0,49,Net Banking,Returned
735,393,85,2025-08-12,16:51:00,62,5,1243.07,62.15,20,Credit Card,Delivered
736,238,56,2024-04-03,12:09:00,25,4,1589.35,0.0,0,UPI,Cancelled
737,524,207,2025-03-26,21:42:00,45,3,628.3,125.66,0,Credit Card,Delivered
738,403,97,2026-03-03,20:45:00,45,3,643.76,64.38,30,Net Banking,Delivered
739,220,245,2024-06-19,16:45:00,24,4,1061.62,53.08,30,Wallet,Delivered
740,572,231,2025-03-21,19:11:00,16,3,1557.03,311.41,30,Wallet,Delivered
741,219,158,2025-07-27,14:24:00,38,2,1687.76,0.0,20,Cash on Delivery,Delivered
742,539,50,2024-01-06,17:21:00,21,3,1658.56,165.86,0,Net Banking,Delivered
743,35,166,2024-10-08,23:25:00,17,6,1303.16,0.0,0,Net Banking,Delivered
744,483,156,2025-10-09,22:31:00,26,4,1379.89,206.98,49,UPI,Delivered
745,379,8,2025-09-19,12:45:00,62,2,1583.13,0.0,0,Cash on Delivery,Delivered
746,58,114,2025-10-14,09:20:00,21,5,586.16,117.23,20,Wallet,Delivered
747,18,86,2026-05-07,18:57:00,60,2,1641.62,164.16,30,Net Banking,Delivered
748,413,107,2026-05-07,09:04:00,27,5,367.82,0.0,0,Credit Card,Delivered
749,46,71,2025-09-15,14:44:00,47,4,410.59,61.59,0,Debit Card,Delivered
750,575,90,2024-04-30,18:29:00,51,6,264.64,13.23,0,UPI,Delivered
751,187,187,2024-03-29,13:20:00,52,6,1742.49,348.5,20,UPI,Cancelled
752,384,118,2024-03-24,15:19:00,58,6,1703.66,340.73,20,Wallet,Returned
753,136,80,2024-02-24,20:45:00,33,2,588.66,58.87,30,Cash on Delivery,Cancelled
754,193,70,2026-06-23,14:11:00,33,3,1291.9,0.0,0,Cash on Delivery,Delivered
755,593,94,2024-12-23,22:53:00,55,6,1517.31,0.0,49,Cash on Delivery,Cancelled
756,551,146,2024-08-03,21:22:00,56,6,1457.74,0.0,30,Wallet,Delivered
757,565,213,2026-01-30,16:05:00,47,2,553.8,27.69,30,UPI,Delivered
758,530,169,2025-10-08,13:30:00,23,4,1105.86,0.0,49,Cash on Delivery,Returned
759,35,83,2025-12-19,11:40:00,37,1,386.7,19.34,30,Debit Card,Returned
760,103,48,2026-07-24,19:19:00,25,4,1038.59,207.72,0,Cash on Delivery,Delivered
761,468,152,2025-08-12,21:46:00,40,4,1521.28,0.0,30,Net Banking,Delivered
762,495,174,2025-02-14,17:02:00,29,5,301.2,15.06,30,Net Banking,Delivered
763,30,42,2025-06-08,13:59:00,34,5,1741.6,174.16,20,Net Banking,Cancelled
764,134,170,2024-12-07,09:05:00,34,2,1466.5,73.33,40,Credit Card,Delivered
765,1,169,2024-05-31,14:56:00,26,3,636.64,0.0,20,Credit Card,Delivered
766,93,186,2024-09-07,12:43:00,50,3,128.31,0.0,30,UPI,Delivered
767,564,176,2025-02-07,14:58:00,45,6,752.17,37.61,20,UPI,Delivered
768,132,82,2026-02-20,12:25:00,64,3,1628.68,325.74,40,Net Banking,Delivered
769,547,19,2024-12-21,23:42:00,62,5,165.19,16.52,20,Credit Card,Delivered
770,371,88,2025-05-28,08:39:00,53,4,1656.5,248.47,20,Credit Card,Delivered
771,193,12,2024-08-04,17:27:00,20,3,765.23,0.0,40,Credit Card,Delivered
772,319,100,2025-11-22,23:02:00,31,4,421.59,21.08,49,UPI,Delivered
773,85,89,2025-12-03,11:41:00,40,1,390.28,0.0,49,Net Banking,Delivered
774,466,3,2025-05-12,20:27:00,64,1,628.96,0.0,0,Net Banking,Delivered
775,515,96,2026-03-10,23:45:00,36,5,1752.57,0.0,20,Cash on Delivery,Delivered
776,393,223,2025-11-21,10:09:00,15,3,1712.98,256.95,49,Debit Card,Cancelled
777,528,209,2025-09-21,22:27:00,18,4,593.28,0.0,40,Cash on Delivery,Delivered
778,52,228,2025-09-05,19:16:00,42,3,1253.99,250.8,0,Net Banking,Delivered
779,184,76,2024-12-31,21:01:00,43,3,620.11,0.0,49,UPI,Delivered
780,38,137,2026-01-26,20:15:00,26,1,1018.78,0.0,20,Wallet,Delivered
781,442,229,2024-10-08,19:29:00,59,5,530.09,106.02,49,Net Banking,Delivered
782,42,20,2024-11-30,19:02:00,24,5,1761.1,264.16,0,Cash on Delivery,Delivered
783,81,87,2026-08-07,17:27:00,40,1,429.0,64.35,30,Wallet,Returned
784,82,215,2026-07-23,21:07:00,65,2,1079.1,0.0,49,Net Banking,Delivered
785,250,178,2026-03-29,09:23:00,51,4,481.55,24.08,30,Wallet,Returned
786,191,71,2025-05-28,09:38:00,40,2,1259.39,0.0,0,Cash on Delivery,Cancelled
787,20,201,2025-02-28,12:17:00,32,4,1126.45,168.97,30,UPI,Cancelled
788,231,5,2025-12-27,18:14:00,19,5,603.56,90.53,49,Cash on Delivery,Delivered
789,431,163,2025-09-01,18:34:00,39,4,1682.19,0.0,30,Debit Card,Delivered
790,355,211,2025-03-31,12:29:00,62,4,473.87,71.08,20,Wallet,Delivered
791,262,104,2024-02-03,10:40:00,46,5,1774.71,0.0,20,Wallet,Delivered
792,379,78,2024-10-25,18:28:00,58,4,169.67,16.97,49,Credit Card,Delivered
793,361,145,2025-03-17,21:48:00,16,3,1054.82,52.74,20,Cash on Delivery,Delivered
794,135,97,2025-09-13,11:06:00,40,2,474.99,0.0,49,Debit Card,Cancelled
795,163,197,2026-03-07,20:35:00,41,3,1382.15,69.11,49,Debit Card,Delivered
796,372,162,2024-04-18,18:32:00,49,5,778.85,155.77,40,Cash on Delivery,Delivered
797,294,212,2026-08-04,22:10:00,26,4,604.53,60.45,30,Cash on Delivery,Returned
798,177,175,2026-07-18,11:24:00,52,6,822.41,41.12,40,Credit Card,Returned
799,30,159,2024-08-17,12:39:00,54,5,1798.17,179.82,49,Wallet,Delivered
800,24,84,2025-09-16,15:10:00,51,6,912.81,0.0,30,UPI,Returned
801,399,142,2025-06-07,14:54:00,25,4,740.03,148.01,20,Credit Card,Delivered
802,205,83,2024-05-15,17:04:00,16,2,1090.37,54.52,20,Wallet,Delivered
803,455,62,2026-03-26,13:29:00,47,6,306.74,30.67,30,Credit Card,Cancelled
804,474,185,2026-09-12,10:00:00,62,1,1265.8,63.29,49,Cash on Delivery,Delivered
805,73,201,2025-03-03,16:56:00,60,5,323.25,64.65,49,Wallet,Delivered
806,25,113,2025-05-07,09:18:00,40,6,1411.52,0.0,40,Wallet,Delivered
807,451,110,2026-03-17,11:06:00,24,3,1393.34,139.33,0,Wallet,Cancelled
808,376,106,2025-11-03,18:09:00,30,4,472.94,0.0,30,Wallet,Returned
809,76,118,2026-07-09,23:48:00,30,3,695.3,104.29,40,Debit Card,Delivered
810,265,146,2024-10-08,09:48:00,23,2,996.59,0.0,20,Debit Card,Delivered
811,372,183,2024-10-25,17:45:00,25,5,1184.94,59.25,40,Wallet,Delivered
812,159,191,2026-04-04,12:09:00,53,3,1563.37,0.0,20,UPI,Cancelled
813,598,78,2024-05-31,08:16:00,38,6,974.43,194.89,49,Cash on Delivery,Delivered
814,175,249,2024-12-18,12:37:00,47,3,999.21,49.96,40,Wallet,Cancelled
815,538,124,2024-06-28,23:57:00,39,1,1243.49,0.0,30,Credit Card,Delivered
816,212,58,2024-06-02,16:38:00,64,6,1445.98,216.9,20,Debit Card,Delivered
817,471,146,2026-07-23,08:53:00,62,5,1628.87,244.33,20,Debit Card,Returned
818,34,103,2025-10-03,11:21:00,47,1,576.08,57.61,49,UPI,Delivered
819,458,146,2025-06-19,15:15:00,31,6,426.91,64.04,20,Credit Card,Returned
820,468,46,2024-02-11,16:35:00,32,1,1368.43,205.26,0,Credit Card,Delivered
821,311,16,2024-07-31,15:15:00,52,5,921.83,0.0,49,UPI,Delivered
822,75,51,2025-05-04,11:28:00,20,4,451.63,45.16,49,Credit Card,Delivered
823,499,77,2025-08-05,08:37:00,42,1,1329.57,66.48,20,Net Banking,Returned
824,468,1,2024-09-14,21:38:00,32,4,1180.3,0.0,49,Cash on Delivery,Delivered
825,291,244,2025-10-22,17:16:00,49,2,693.12,103.97,49,Net Banking,Delivered
826,451,29,2026-02-13,13:31:00,15,3,1620.86,162.09,40,Cash on Delivery,Cancelled
827,184,17,2026-02-17,21:43:00,34,1,1674.5,83.73,30,Wallet,Returned
828,552,211,2024-07-06,14:49:00,21,2,478.2,47.82,30,Debit Card,Delivered
829,484,27,2025-12-02,17:59:00,54,2,1079.29,0.0,30,Credit Card,Cancelled
830,406,202,2024-06-24,13:39:00,57,2,667.14,66.71,40,Wallet,Delivered
831,427,200,2026-01-13,16:14:00,31,4,1689.67,337.93,30,Debit Card,Cancelled
832,314,86,2026-01-14,19:53:00,62,3,875.51,43.78,49,Cash on Delivery,Delivered
833,6,196,2026-08-20,20:03:00,41,3,1204.93,0.0,40,Debit Card,Delivered
834,208,54,2025-11-08,16:18:00,38,1,660.7,132.14,40,Debit Card,Delivered
835,574,190,2024-07-23,14:39:00,47,4,1558.76,0.0,0,Credit Card,Cancelled
836,334,186,2025-05-06,23:02:00,64,6,775.31,116.3,40,Credit Card,Delivered
837,385,16,2024-04-13,09:40:00,36,3,1023.66,51.18,30,UPI,Delivered
838,138,226,2026-02-06,10:20:00,64,6,815.15,0.0,20,Net Banking,Delivered
839,588,52,2025-07-29,10:28:00,30,3,1082.19,216.44,30,Net Banking,Delivered
840,299,177,2024-01-23,12:49:00,64,1,1582.82,237.42,30,Debit Card,Delivered
841,220,48,2024-11-24,22:14:00,44,3,679.46,101.92,30,Debit Card,Delivered
842,24,36,2024-05-02,21:27:00,40,4,1460.8,292.16,49,UPI,Delivered
843,383,5,2025-08-02,21:02:00,47,3,1447.43,72.37,30,Net Banking,Delivered
844,69,189,2024-03-18,10:35:00,64,1,1013.36,202.67,49,UPI,Delivered
845,480,157,2025-10-27,14:48:00,19,6,843.99,0.0,40,Cash on Delivery,Returned
846,156,167,2024-12-04,10:11:00,56,5,690.88,69.09,40,UPI,Delivered
847,589,76,2024-01-07,20:01:00,15,2,661.61,0.0,30,Credit Card,Delivered
848,335,137,2025-04-13,14:49:00,51,3,1620.65,243.1,49,Credit Card,Cancelled
849,152,53,2024-11-11,13:06:00,16,5,1131.23,226.25,0,Credit Card,Delivered
850,357,245,2024-03-11,18:55:00,35,2,1225.72,0.0,30,Credit Card,Delivered
851,278,60,2026-08-16,14:49:00,37,1,350.68,17.53,0,Cash on Delivery,Delivered
852,455,223,2026-01-31,14:24:00,18,4,856.76,0.0,20,Cash on Delivery,Delivered
853,128,24,2026-09-19,13:32:00,52,6,987.71,0.0,20,UPI,Delivered
854,367,192,2024-11-20,21:12:00,28,1,1463.65,0.0,40,Debit Card,Delivered
855,115,242,2025-04-12,08:00:00,39,4,792.52,158.5,0,Debit Card,Delivered
856,318,215,2024-03-07,21:54:00,56,3,505.32,75.8,0,Wallet,Returned
857,400,225,2025-04-27,08:17:00,61,6,1627.52,0.0,20,Credit Card,Cancelled
858,579,3,2024-05-11,12:08:00,59,4,1400.64,0.0,49,Credit Card,Returned
859,301,96,2025-09-24,21:52:00,25,4,409.67,40.97,20,Wallet,Returned
860,186,94,2026-06-19,11:50:00,25,1,955.89,0.0,40,Wallet,Delivered
861,272,160,2024-11-24,08:50:00,16,3,167.87,8.39,0,Wallet,Cancelled
862,418,12,2025-07-06,20:48:00,53,6,1002.34,0.0,0,UPI,Delivered
863,229,24,2025-03-05,10:07:00,45,4,1772.06,354.41,49,Cash on Delivery,Cancelled
864,1,80,2025-05-02,23:57:00,31,2,662.43,66.24,30,Net Banking,Returned
865,99,123,2025-05-19,14:08:00,29,5,338.08,0.0,20,Wallet,Delivered
866,98,184,2025-02-17,17:56:00,54,1,539.63,0.0,20,Wallet,Returned
867,309,85,2025-12-28,22:42:00,52,5,988.4,0.0,20,Debit Card,Delivered
868,384,170,2024-05-28,09:47:00,39,6,200.67,0.0,20,UPI,Cancelled
869,35,214,2026-03-24,15:10:00,40,3,139.68,6.98,40,Debit Card,Cancelled
870,592,104,2025-04-07,14:29:00,54,3,1037.08,0.0,30,Wallet,Delivered
871,346,87,2026-07-02,13:16:00,36,4,1416.97,70.85,0,Wallet,Delivered
872,532,68,2024-03-05,19:27:00,56,1,1740.79,0.0,0,Credit Card,Delivered
873,114,31,2025-07-17,17:08:00,37,3,880.31,88.03,0,Net Banking,Cancelled
874,408,210,2026-08-21,14:09:00,58,2,1423.53,0.0,30,Net Banking,Delivered
875,156,145,2026-05-30,09:51:00,49,3,1026.29,153.94,49,Credit Card,Delivered
876,163,26,2025-11-27,13:40:00,55,5,500.11,100.02,20,Net Banking,Delivered
877,435,220,2024-07-26,16:03:00,40,3,774.82,77.48,40,Cash on Delivery,Delivered
878,330,35,2026-01-08,17:00:00,19,3,1310.01,196.5,30,Credit Card,Returned
879,69,16,2026-02-12,21:08:00,24,4,1501.7,300.34,20,Cash on Delivery,Cancelled
880,430,101,2025-08-28,14:15:00,37,1,500.19,0.0,20,Cash on Delivery,Delivered
881,600,242,2025-11-19,12:13:00,43,2,1249.36,249.87,30,UPI,Returned
882,121,134,2024-11-14,11:49:00,55,5,911.46,136.72,40,Debit Card,Delivered
883,555,191,2025-09-16,22:09:00,19,6,693.51,0.0,0,Cash on Delivery,Delivered
884,116,161,2025-04-22,21:37:00,25,6,1281.61,256.32,40,Debit Card,Cancelled
885,536,27,2024-03-31,19:15:00,57,4,1525.67,76.28,40,UPI,Returned
886,108,222,2026-02-27,16:53:00,61,6,583.45,0.0,49,Debit Card,Delivered
887,258,92,2024-03-26,08:06:00,60,4,527.81,26.39,20,Net Banking,Delivered
888,273,27,2026-03-10,23:35:00,53,5,751.38,75.14,40,UPI,Delivered
889,111,152,2026-05-08,11:36:00,21,1,1744.11,0.0,30,Net Banking,Returned
890,432,209,2025-02-07,09:22:00,56,4,1551.75,155.18,49,UPI,Delivered
891,443,172,2026-07-18,08:13:00,51,2,160.56,0.0,0,Debit Card,Delivered
892,30,187,2025-04-12,16:22:00,58,3,712.0,0.0,30,Cash on Delivery,Delivered
893,333,118,2025-12-16,16:49:00,65,2,471.76,94.35,49,Wallet,Delivered
894,411,193,2024-12-22,13:54:00,46,1,680.72,68.07,49,Wallet,Cancelled
895,325,213,2024-11-09,11:58:00,61,1,1194.28,0.0,49,Cash on Delivery,Returned
896,191,194,2025-01-26,14:16:00,60,4,709.0,141.8,40,Debit Card,Cancelled
897,173,83,2024-01-17,11:12:00,52,3,1646.83,247.02,49,Debit Card,Delivered
898,552,46,2025-02-11,10:12:00,20,1,1315.6,197.34,40,Debit Card,Cancelled
899,349,137,2024-12-28,20:08:00,39,1,1539.62,230.94,30,Net Banking,Delivered
900,85,83,2024-08-18,22:52:00,17,2,1040.62,156.09,30,UPI,Delivered
901,230,214,2025-12-12,15:15:00,29,4,1208.46,0.0,20,UPI,Delivered
902,250,247,2024-01-22,23:53:00,43,4,1054.62,105.46,20,Cash on Delivery,Cancelled
903,532,149,2025-02-13,20:47:00,31,6,1458.62,0.0,30,Cash on Delivery,Delivered
904,374,231,2026-08-05,15:20:00,49,3,249.43,37.41,20,Debit Card,Returned
905,253,204,2025-07-05,12:06:00,65,5,1310.03,131.0,30,UPI,Delivered
906,234,185,2024-12-22,15:29:00,32,5,1525.51,76.28,49,Cash on Delivery,Delivered
907,447,17,2026-09-03,13:01:00,50,4,1059.11,0.0,30,Cash on Delivery,Returned
908,152,17,2025-11-29,19:04:00,61,3,1077.19,161.58,0,Wallet,Delivered
909,503,111,2025-12-22,12:25:00,28,6,879.55,87.95,30,Debit Card,Cancelled
910,584,205,2026-06-15,21:09:00,64,5,1766.7,176.67,30,UPI,Delivered
911,55,183,2026-02-11,19:37:00,22,1,1151.27,115.13,40,Wallet,Cancelled
912,200,64,2025-09-07,13:53:00,26,1,1211.0,60.55,0,Debit Card,Delivered
913,97,243,2025-02-17,20:51:00,41,4,1289.98,0.0,30,Credit Card,Delivered
914,319,91,2024-06-30,21:56:00,31,4,272.43,0.0,40,Credit Card,Cancelled
915,360,166,2025-10-10,10:21:00,43,1,1000.1,0.0,49,UPI,Delivered
916,61,175,2025-01-17,11:10:00,15,5,141.13,0.0,40,Debit Card,Delivered
917,582,145,2025-01-18,10:11:00,27,6,1163.07,0.0,49,Credit Card,Delivered
918,100,224,2025-11-30,12:38:00,38,5,417.24,20.86,20,Net Banking,Cancelled
919,456,8,2025-09-29,09:59:00,49,1,1476.1,0.0,30,UPI,Delivered
920,185,152,2025-06-14,13:57:00,21,4,444.51,0.0,49,Debit Card,Delivered
921,562,213,2025-02-02,22:07:00,57,5,229.98,0.0,30,Credit Card,Cancelled
922,503,49,2026-03-24,20:02:00,37,1,1659.91,83.0,49,UPI,Delivered
923,94,170,2025-11-01,18:58:00,48,5,1086.15,108.62,49,Cash on Delivery,Delivered
924,206,73,2024-11-24,12:28:00,63,2,612.17,91.83,40,Cash on Delivery,Delivered
925,387,22,2025-05-17,08:31:00,21,3,1062.91,106.29,40,Debit Card,Delivered
926,295,198,2025-12-01,09:33:00,17,2,1710.59,0.0,49,Wallet,Delivered
927,556,45,2025-10-18,18:47:00,18,5,166.98,0.0,40,Credit Card,Delivered
928,551,14,2026-04-23,21:47:00,47,5,1546.69,154.67,30,Wallet,Returned
929,46,234,2024-08-07,11:29:00,26,2,1316.85,0.0,20,Cash on Delivery,Cancelled
930,585,164,2025-09-19,08:02:00,39,2,1632.54,0.0,30,UPI,Cancelled
931,339,46,2025-02-03,15:23:00,40,1,381.96,38.2,20,Net Banking,Returned
932,265,226,2026-08-02,21:43:00,51,6,1571.09,235.66,30,Credit Card,Returned
933,280,105,2025-12-07,08:26:00,41,4,587.19,0.0,40,Debit Card,Delivered
934,11,161,2025-12-10,20:02:00,59,4,336.53,50.48,20,UPI,Returned
935,118,30,2024-06-11,23:04:00,26,5,670.0,100.5,30,Wallet,Returned
936,408,73,2025-07-03,17:18:00,51,3,302.27,0.0,40,Credit Card,Delivered
937,569,217,2025-05-24,14:08:00,48,1,907.85,0.0,0,Credit Card,Delivered
938,398,48,2024-03-26,10:15:00,42,5,743.12,111.47,20,Cash on Delivery,Delivered
939,43,170,2026-08-14,14:49:00,28,6,654.11,65.41,0,Credit Card,Delivered
940,257,236,2024-06-28,19:29:00,27,6,214.8,10.74,20,Debit Card,Delivered
941,66,58,2024-07-07,14:21:00,57,6,857.3,171.46,40,UPI,Cancelled
942,542,74,2025-07-24,13:09:00,50,3,215.28,32.29,0,Cash on Delivery,Delivered
943,548,5,2025-09-25,13:46:00,35,3,184.56,0.0,20,UPI,Delivered
944,4,145,2024-02-29,20:49:00,51,1,1559.77,311.95,0,Net Banking,Delivered
945,76,6,2025-10-26,23:59:00,51,6,768.57,115.29,49,Cash on Delivery,Delivered
946,244,175,2025-05-17,16:22:00,55,4,924.94,0.0,40,Net Banking,Delivered
947,230,37,2024-10-20,13:24:00,31,2,738.37,0.0,40,Debit Card,Cancelled
948,44,118,2025-02-24,15:25:00,23,6,712.94,35.65,40,Cash on Delivery,Delivered
949,464,114,2026-09-02,20:29:00,38,3,667.7,33.39,20,Wallet,Delivered
950,211,63,2024-08-10,14:36:00,27,6,1227.67,122.77,30,Cash on Delivery,Delivered
951,419,96,2025-10-21,17:13:00,40,2,909.99,91.0,40,Debit Card,Delivered
952,423,14,2024-07-23,14:21:00,50,2,1228.21,122.82,40,Credit Card,Delivered
953,25,178,2024-07-30,20:36:00,57,2,579.18,86.88,49,Credit Card,Returned
954,412,148,2026-03-11,14:09:00,41,3,907.21,181.44,20,Cash on Delivery,Delivered
955,544,189,2025-10-05,09:43:00,21,1,264.06,0.0,0,Debit Card,Delivered
956,321,239,2026-07-12,19:12:00,62,2,1729.37,0.0,0,Debit Card,Delivered
957,324,150,2026-07-15,22:30:00,36,6,414.37,0.0,0,Net Banking,Cancelled
958,156,42,2025-03-01,11:34:00,54,4,385.91,38.59,40,Wallet,Delivered
959,256,250,2024-04-26,12:58:00,43,1,1389.53,0.0,40,Cash on Delivery,Delivered
960,489,44,2026-02-24,08:37:00,59,3,1683.98,168.4,49,Credit Card,Delivered
961,21,249,2025-05-18,19:56:00,36,1,1609.3,0.0,20,Credit Card,Delivered
962,308,174,2025-02-07,12:07:00,65,6,451.18,67.68,30,Debit Card,Returned
963,86,91,2025-09-09,23:01:00,54,5,821.8,0.0,30,Debit Card,Cancelled
964,526,72,2025-06-16,08:31:00,35,2,207.38,0.0,30,Debit Card,Delivered
965,444,87,2024-02-11,16:47:00,63,6,889.59,0.0,30,Net Banking,Delivered
966,134,224,2026-08-06,08:47:00,51,1,628.55,0.0,40,Cash on Delivery,Delivered
967,37,178,2025-11-19,16:44:00,39,3,736.21,73.62,40,Cash on Delivery,Returned
968,351,34,2026-08-23,19:46:00,31,5,444.08,0.0,30,UPI,Delivered
969,87,207,2025-11-13,18:55:00,47,1,158.65,0.0,0,Credit Card,Delivered
970,182,96,2024-03-07,12:36:00,30,1,1571.0,0.0,0,Wallet,Delivered
971,73,40,2025-08-19,22:40:00,36,6,297.8,0.0,0,Wallet,Cancelled
972,205,236,2026-02-02,10:11:00,20,6,1718.34,0.0,40,Wallet,Cancelled
973,216,13,2026-01-04,10:24:00,35,6,1009.28,50.46,20,Wallet,Delivered
974,191,121,2024-10-21,09:28:00,26,5,130.61,0.0,20,Debit Card,Cancelled
975,556,148,2026-09-23,14:44:00,22,6,1399.6,0.0,20,Debit Card,Cancelled
976,167,102,2025-10-12,17:38:00,41,5,1196.2,0.0,40,Debit Card,Delivered
977,247,136,2024-01-08,16:18:00,63,2,228.62,0.0,40,Debit Card,Returned
978,62,159,2026-02-12,21:05:00,58,6,869.17,130.38,0,Debit Card,Delivered
979,371,179,2025-11-28,10:36:00,31,6,1530.74,76.54,30,Wallet,Delivered
980,380,128,2024-11-03,23:20:00,49,6,439.68,43.97,20,UPI,Returned
981,362,105,2025-04-21,22:20:00,65,4,898.89,44.94,40,Credit Card,Cancelled
982,395,108,2026-08-30,08:55:00,23,3,760.85,152.17,20,Cash on Delivery,Delivered
983,15,112,2026-03-21,13:09:00,52,2,484.55,0.0,40,Cash on Delivery,Cancelled
984,278,87,2024-07-21,08:31:00,40,2,629.92,125.98,49,Debit Card,Cancelled
985,195,125,2025-09-13,23:27:00,42,2,938.73,140.81,0,Debit Card,Delivered
986,69,244,2024-11-27,23:38:00,33,2,515.06,25.75,20,Cash on Delivery,Delivered
987,14,245,2024-11-11,13:21:00,55,3,1269.22,63.46,49,UPI,Delivered
988,133,136,2024-10-15,18:46:00,38,6,1571.68,0.0,49,Cash on Delivery,Delivered
989,19,115,2025-01-13,21:15:00,28,3,1276.31,255.26,30,Wallet,Delivered
990,288,143,2024-12-14,18:44:00,27,2,1742.0,348.4,49,Credit Card,Returned
991,243,209,2026-04-19,15:31:00,51,4,1616.14,0.0,49,UPI,Delivered
992,152,160,2024-11-25,10:33:00,46,4,1132.37,169.86,30,UPI,Delivered
993,399,200,2024-07-16,16:45:00,24,3,1544.26,0.0,40,Credit Card,Cancelled
994,4,84,2024-12-30,23:35:00,24,3,1727.2,86.36,30,Net Banking,Delivered
995,205,211,2026-04-10,14:59:00,53,5,322.21,48.33,0,Wallet,Cancelled
996,537,205,2025-05-31,17:15:00,65,4,830.63,166.13,0,Debit Card,Delivered
997,210,37,2024-10-30,08:01:00,56,6,1400.79,0.0,30,Cash on Delivery,Cancelled
998,458,161,2025-01-26,13:38:00,43,3,301.01,0.0,40,Debit Card,Cancelled
999,465,73,2024-06-15,12:20:00,16,1,208.07,0.0,49,Cash on Delivery,Delivered
1000,146,81,2026-05-01,20:35:00,16,6,849.56,0.0,40,Credit Card,Delivered
1001,36,165,2024-10-16,18:36:00,63,5,186.16,18.62,0,Wallet,Returned
1002,136,128,2024-03-06,10:08:00,24,1,998.27,149.74,20,UPI,Delivered
1003,366,87,2024-03-24,21:21:00,63,1,947.33,94.73,0,Net Banking,Delivered
1004,406,178,2024-06-07,10:52:00,28,4,387.22,77.44,30,Credit Card,Cancelled
1005,58,166,2025-11-30,08:03:00,56,6,498.87,0.0,0,Credit Card,Cancelled
1006,157,245,2026-06-10,12:32:00,35,3,771.04,115.66,40,UPI,Delivered
1007,297,127,2024-01-25,21:35:00,19,1,456.21,0.0,20,Credit Card,Delivered
1008,504,2,2024-12-23,10:37:00,38,5,1629.61,0.0,40,Credit Card,Cancelled
1009,550,2,2026-07-26,17:17:00,50,3,978.28,0.0,20,Net Banking,Delivered
1010,343,51,2024-11-30,16:25:00,22,6,599.44,0.0,40,Net Banking,Returned
1011,525,198,2025-02-19,14:11:00,22,1,770.92,0.0,20,Credit Card,Delivered
1012,306,214,2025-12-07,14:56:00,52,3,726.38,0.0,20,Net Banking,Delivered
1013,223,131,2024-01-25,17:00:00,28,2,1565.4,0.0,40,Wallet,Delivered
1014,336,118,2025-02-04,13:58:00,46,4,1062.19,0.0,20,UPI,Delivered
1015,110,227,2024-01-01,08:39:00,18,1,1710.6,0.0,30,Cash on Delivery,Delivered
1016,582,247,2024-06-12,11:03:00,38,2,1204.9,60.25,30,UPI,Delivered
1017,428,168,2024-01-23,17:49:00,17,1,627.44,0.0,40,Credit Card,Delivered
1018,32,226,2026-08-11,23:11:00,15,1,264.64,0.0,40,Net Banking,Returned
1019,571,70,2024-10-03,08:44:00,51,4,226.32,33.95,20,Credit Card,Delivered
1020,408,174,2025-01-21,08:02:00,46,4,1515.16,75.76,20,UPI,Delivered
1021,46,169,2024-03-05,16:45:00,33,6,925.01,185.0,30,UPI,Returned
1022,279,247,2026-06-11,14:15:00,59,4,1481.39,222.21,0,Net Banking,Delivered
1023,573,244,2025-12-20,23:50:00,29,6,1545.41,0.0,30,Debit Card,Delivered
1024,377,117,2026-04-20,23:34:00,25,3,1226.45,0.0,49,Net Banking,Cancelled
1025,329,189,2025-10-16,19:26:00,26,5,794.99,39.75,30,Debit Card,Cancelled
1026,507,173,2025-07-09,21:23:00,42,1,1131.62,0.0,30,Debit Card,Returned
1027,478,116,2026-02-10,13:56:00,17,3,970.67,194.13,20,Net Banking,Delivered
1028,554,162,2026-05-01,13:54:00,51,2,1761.75,352.35,20,Wallet,Delivered
1029,84,211,2025-03-05,11:32:00,49,1,992.88,99.29,0,Debit Card,Delivered
1030,169,190,2024-08-20,18:31:00,22,3,1349.52,269.9,30,Net Banking,Delivered
1031,536,169,2026-04-19,20:14:00,51,3,1379.71,206.96,0,Credit Card,Returned
1032,465,40,2026-05-04,14:45:00,15,5,1463.89,73.19,20,UPI,Returned
1033,314,62,2026-02-12,20:19:00,28,5,1192.26,238.45,20,UPI,Delivered
1034,32,76,2024-05-03,14:11:00,64,6,239.84,0.0,40,UPI,Delivered
1035,367,170,2025-02-16,08:44:00,53,3,696.52,0.0,20,Debit Card,Delivered
1036,490,163,2025-09-21,09:43:00,46,1,959.99,0.0,0,Debit Card,Returned
1037,485,221,2026-03-27,20:48:00,49,1,830.14,83.01,49,Debit Card,Returned
1038,503,7,2025-01-24,09:31:00,63,1,917.78,91.78,0,UPI,Cancelled
1039,97,117,2025-01-23,18:15:00,53,4,177.69,0.0,49,Wallet,Delivered
1040,222,158,2025-02-24,11:00:00,58,2,1116.96,167.54,0,Net Banking,Delivered
1041,71,129,2024-07-04,22:17:00,59,5,772.14,77.21,0,Debit Card,Delivered
1042,121,179,2025-06-13,23:11:00,43,3,1553.97,0.0,30,Net Banking,Delivered
1043,437,29,2025-12-04,12:53:00,19,2,930.01,0.0,0,Cash on Delivery,Returned
1044,181,198,2025-01-20,09:19:00,26,2,691.32,103.7,49,Cash on Delivery,Cancelled
1045,456,207,2025-12-18,11:06:00,25,2,341.76,34.18,49,UPI,Delivered
1046,509,94,2026-03-24,21:01:00,60,5,1628.12,0.0,49,UPI,Delivered
1047,486,9,2024-10-12,21:35:00,59,4,232.46,0.0,30,Wallet,Delivered
1048,487,103,2025-06-03,15:58:00,23,1,160.5,0.0,49,Credit Card,Returned
1049,202,115,2025-11-06,19:35:00,31,4,232.26,46.45,20,Net Banking,Delivered
1050,119,144,2024-02-10,15:12:00,24,3,343.8,51.57,40,UPI,Delivered
1051,62,131,2026-03-18,08:07:00,48,6,566.69,56.67,0,Debit Card,Cancelled
1052,328,236,2024-09-06,23:51:00,28,2,1235.58,61.78,40,Credit Card,Delivered
1053,177,100,2025-07-20,10:09:00,57,2,1561.18,0.0,0,Cash on Delivery,Delivered
1054,75,145,2024-06-17,15:40:00,63,4,1530.82,0.0,20,Debit Card,Delivered
1055,62,193,2025-03-18,09:55:00,35,4,166.48,24.97,30,Cash on Delivery,Delivered
1056,231,192,2026-07-18,12:30:00,54,5,1613.09,241.96,20,Credit Card,Delivered
1057,534,74,2025-05-24,10:27:00,53,1,821.09,82.11,0,Wallet,Cancelled
1058,41,95,2024-10-11,20:17:00,44,6,1475.44,0.0,30,Net Banking,Delivered
1059,335,236,2024-11-11,23:32:00,46,4,1392.46,278.49,49,Wallet,Delivered
1060,588,36,2025-04-25,18:05:00,59,4,1758.38,175.84,49,Net Banking,Returned
1061,65,65,2025-10-06,16:59:00,32,3,1118.65,0.0,30,Debit Card,Cancelled
1062,580,49,2024-12-22,17:12:00,36,5,1255.85,0.0,30,Net Banking,Delivered
1063,193,197,2025-09-19,12:51:00,64,6,615.63,92.34,30,Wallet,Delivered
1064,567,83,2024-07-28,22:37:00,48,2,316.91,47.54,30,Wallet,Cancelled
1065,211,154,2026-03-19,18:11:00,56,4,750.0,37.5,40,Wallet,Delivered
1066,582,118,2025-07-04,18:09:00,31,5,241.04,0.0,40,Net Banking,Delivered
1067,4,18,2024-07-12,16:59:00,46,4,1690.38,169.04,49,Debit Card,Delivered
1068,582,108,2024-07-22,16:03:00,42,6,1769.25,176.93,0,Cash on Delivery,Delivered
1069,397,81,2024-05-02,12:11:00,22,3,1397.01,0.0,0,UPI,Delivered
1070,111,141,2025-07-02,16:08:00,65,1,1675.26,251.29,40,Credit Card,Delivered
1071,581,16,2024-01-11,11:21:00,54,6,585.65,29.28,20,Credit Card,Cancelled
1072,585,193,2024-09-30,19:53:00,30,2,158.56,15.86,30,Credit Card,Cancelled
1073,393,53,2025-07-08,08:10:00,20,5,1363.97,0.0,40,UPI,Delivered
1074,253,217,2025-02-20,15:15:00,44,5,398.28,0.0,20,Debit Card,Delivered
1075,4,62,2025-11-18,17:27:00,52,5,1547.31,77.37,20,Credit Card,Delivered
1076,84,105,2025-12-30,22:28:00,24,6,1612.04,322.41,49,Cash on Delivery,Delivered
1077,555,196,2024-10-05,14:56:00,58,4,853.57,85.36,30,Debit Card,Delivered
1078,512,130,2025-09-22,20:53:00,43,5,465.19,0.0,0,Net Banking,Returned
1079,387,44,2026-03-17,20:13:00,28,3,713.49,0.0,20,Wallet,Delivered
1080,237,98,2025-09-06,23:01:00,58,5,530.04,79.51,0,Cash on Delivery,Returned
1081,23,100,2025-08-08,19:23:00,39,1,944.81,141.72,40,Cash on Delivery,Delivered
1082,448,66,2024-12-22,15:17:00,38,3,923.93,0.0,20,Net Banking,Returned
1083,530,154,2025-06-27,14:54:00,17,4,732.48,146.5,20,UPI,Returned
1084,163,24,2025-09-22,09:16:00,20,5,1685.78,84.29,20,Debit Card,Cancelled
1085,447,72,2026-06-10,13:14:00,41,3,399.94,0.0,20,UPI,Delivered
1086,54,147,2025-11-01,13:18:00,50,4,1702.59,0.0,20,UPI,Cancelled
1087,79,18,2026-03-02,11:17:00,65,2,1017.04,203.41,40,Net Banking,Delivered
1088,184,40,2025-06-30,13:15:00,65,1,666.8,0.0,30,Net Banking,Delivered
1089,513,130,2026-07-05,09:25:00,23,2,201.22,0.0,20,Credit Card,Delivered
1090,377,147,2026-03-12,16:29:00,30,4,414.24,0.0,20,Credit Card,Returned
1091,44,18,2025-01-21,12:00:00,33,4,1008.54,50.43,40,Net Banking,Delivered
1092,414,228,2025-06-21,22:41:00,48,3,1441.13,144.11,40,Debit Card,Delivered
1093,418,43,2025-05-30,23:08:00,17,2,243.34,0.0,30,UPI,Delivered
1094,423,98,2025-01-19,17:23:00,16,3,938.53,187.71,0,Credit Card,Delivered
1095,151,116,2026-06-04,12:41:00,65,3,785.89,0.0,0,Credit Card,Delivered
1096,259,125,2025-02-12,22:45:00,44,3,1602.4,80.12,20,Cash on Delivery,Delivered
1097,252,243,2024-05-29,11:18:00,38,1,708.93,35.45,40,UPI,Delivered
1098,302,91,2026-04-20,23:02:00,45,1,712.17,0.0,30,Net Banking,Cancelled
1099,12,26,2024-05-29,16:03:00,16,5,487.41,48.74,30,UPI,Delivered
1100,414,86,2026-03-28,22:22:00,54,3,598.68,0.0,49,Net Banking,Delivered
1101,449,195,2025-05-14,21:48:00,47,1,1239.42,123.94,49,Net Banking,Delivered
1102,158,239,2026-04-24,20:21:00,57,6,858.97,128.85,30,Credit Card,Cancelled
1103,202,24,2025-09-23,20:17:00,40,2,190.38,0.0,0,Credit Card,Cancelled
1104,429,146,2024-07-17,21:51:00,24,4,1039.05,0.0,20,UPI,Delivered
1105,168,220,2024-02-08,16:46:00,45,1,488.08,0.0,40,UPI,Delivered
1106,471,208,2026-07-09,18:39:00,61,3,1549.0,0.0,49,Net Banking,Delivered
1107,339,162,2025-11-11,18:33:00,24,6,1265.69,189.85,49,Net Banking,Returned
1108,286,207,2025-08-31,15:14:00,16,4,932.11,0.0,49,Debit Card,Delivered
1109,415,14,2026-09-01,17:51:00,31,1,1504.44,150.44,20,Credit Card,Cancelled
1110,476,232,2024-06-05,11:44:00,49,5,729.83,109.47,40,Cash on Delivery,Delivered
1111,340,77,2024-03-24,15:10:00,54,4,1713.47,257.02,0,Debit Card,Delivered
1112,447,104,2026-04-14,21:09:00,41,4,1763.64,0.0,30,UPI,Delivered
1113,242,125,2026-06-19,23:59:00,40,5,479.57,23.98,20,Debit Card,Cancelled
1114,169,87,2024-06-12,18:37:00,39,1,289.11,0.0,0,Credit Card,Delivered
1115,439,127,2026-07-07,10:59:00,65,6,1208.59,0.0,0,Cash on Delivery,Cancelled
1116,34,35,2024-10-25,19:43:00,58,6,720.18,72.02,0,UPI,Cancelled
1117,318,85,2024-04-12,09:37:00,20,1,1152.13,230.43,20,Credit Card,Delivered
1118,503,28,2024-09-30,17:39:00,48,1,1517.43,0.0,20,UPI,Delivered
1119,267,41,2025-10-20,11:31:00,53,2,1277.57,0.0,40,Debit Card,Returned
1120,167,178,2025-04-29,22:22:00,47,3,613.34,92.0,40,Cash on Delivery,Cancelled
1121,317,171,2024-11-30,14:15:00,44,2,1301.43,0.0,0,UPI,Delivered
1122,121,38,2024-04-20,22:08:00,24,6,243.38,48.68,30,Wallet,Delivered
1123,594,62,2026-01-05,23:27:00,41,1,1682.19,252.33,49,Wallet,Delivered
1124,310,240,2025-12-27,14:57:00,45,6,176.84,0.0,40,Credit Card,Delivered
1125,68,13,2024-02-02,16:24:00,26,4,898.69,44.93,30,Cash on Delivery,Cancelled
1126,335,191,2026-09-16,21:42:00,35,5,1578.46,0.0,0,Credit Card,Delivered
1127,426,24,2025-05-13,18:09:00,17,2,523.24,52.32,40,Debit Card,Cancelled
1128,185,107,2024-02-09,08:40:00,38,6,696.18,69.62,30,Debit Card,Delivered
1129,108,124,2026-03-01,14:13:00,24,3,1263.0,252.6,49,Debit Card,Delivered
1130,401,228,2025-06-25,14:27:00,64,6,1464.47,73.22,49,Net Banking,Delivered
1131,552,194,2025-04-12,09:18:00,36,1,804.32,120.65,0,Cash on Delivery,Delivered
1132,475,235,2026-06-24,15:59:00,35,5,494.47,0.0,30,Wallet,Delivered
1133,235,172,2026-07-15,16:25:00,31,1,1011.65,0.0,20,Cash on Delivery,Cancelled
1134,407,1,2025-03-16,09:04:00,32,5,1488.23,148.82,40,UPI,Delivered
1135,314,197,2025-09-06,09:31:00,52,2,1017.27,101.73,30,UPI,Cancelled
1136,399,144,2026-01-13,18:11:00,49,6,456.43,68.46,40,UPI,Delivered
1137,252,243,2025-05-06,08:06:00,23,6,1348.11,0.0,30,Wallet,Delivered
1138,426,42,2026-07-16,21:13:00,61,2,727.2,145.44,30,Debit Card,Delivered
1139,562,164,2024-03-11,10:09:00,22,1,1722.02,0.0,30,Credit Card,Delivered
1140,463,87,2024-05-04,22:32:00,22,4,1242.24,0.0,0,Debit Card,Delivered
1141,362,46,2025-02-01,14:34:00,31,6,150.62,15.06,0,UPI,Cancelled
1142,150,88,2024-06-13,14:30:00,63,6,710.32,0.0,40,Cash on Delivery,Delivered
1143,525,199,2026-04-11,20:13:00,25,2,1163.41,58.17,49,Wallet,Returned
1144,69,250,2026-02-01,15:53:00,57,4,1056.53,52.83,40,Debit Card,Returned
1145,378,51,2026-07-10,09:02:00,43,2,126.25,0.0,0,Wallet,Delivered
1146,347,107,2026-02-06,08:20:00,44,1,345.25,0.0,49,Net Banking,Delivered
1147,120,152,2024-05-19,23:31:00,50,5,1339.52,0.0,0,Net Banking,Delivered
1148,325,63,2024-11-15,21:18:00,17,1,212.25,0.0,20,Wallet,Delivered
1149,389,40,2024-10-14,18:54:00,41,1,1758.22,0.0,0,Cash on Delivery,Delivered
1150,308,105,2024-01-24,08:18:00,35,2,1315.82,263.16,20,Net Banking,Delivered
1151,103,93,2024-04-26,11:16:00,64,3,654.76,0.0,20,Net Banking,Cancelled
1152,597,205,2024-03-21,15:03:00,32,3,1533.66,153.37,49,UPI,Returned
1153,563,240,2025-08-14,17:58:00,50,6,619.88,30.99,0,Debit Card,Delivered
1154,96,169,2024-12-07,16:47:00,18,2,235.5,23.55,0,UPI,Delivered
1155,44,121,2026-04-08,19:25:00,49,1,563.99,56.4,49,Credit Card,Delivered
1156,343,44,2024-07-08,11:40:00,16,4,486.94,73.04,20,Credit Card,Returned
1157,522,62,2025-02-21,08:43:00,48,3,1088.84,163.33,20,Cash on Delivery,Delivered
1158,244,16,2025-03-16,14:39:00,57,4,443.35,44.34,30,Debit Card,Cancelled
1159,415,250,2025-08-27,21:58:00,52,3,572.53,57.25,0,Wallet,Delivered
1160,262,166,2025-09-11,23:00:00,22,4,1112.44,166.87,30,Wallet,Cancelled
1161,591,48,2026-04-13,11:42:00,30,2,1314.59,0.0,20,Wallet,Delivered
1162,74,176,2025-02-08,12:13:00,32,1,1085.29,162.79,20,Wallet,Delivered
1163,15,106,2024-04-19,18:13:00,43,2,366.94,55.04,0,Debit Card,Delivered
1164,421,97,2025-11-06,16:28:00,57,2,1561.03,0.0,20,Cash on Delivery,Delivered
1165,193,223,2025-11-12,15:31:00,46,3,854.92,0.0,0,Cash on Delivery,Delivered
1166,163,16,2026-03-11,09:47:00,44,5,605.64,30.28,0,Debit Card,Cancelled
1167,291,72,2024-06-30,21:49:00,15,4,1439.97,144.0,0,Net Banking,Delivered
1168,357,78,2025-10-21,15:28:00,27,6,1571.26,314.25,40,Cash on Delivery,Delivered
1169,165,123,2024-08-13,22:57:00,23,1,1432.09,214.81,40,Cash on Delivery,Cancelled
1170,565,131,2025-10-19,12:07:00,32,6,743.0,0.0,0,Debit Card,Returned
1171,529,205,2024-11-13,20:01:00,19,5,1728.02,0.0,20,Debit Card,Delivered
1172,251,194,2026-09-07,13:40:00,46,5,125.66,0.0,30,Wallet,Delivered
1173,430,146,2024-12-15,08:30:00,27,2,302.22,0.0,40,Debit Card,Returned
1174,279,151,2024-07-23,20:42:00,53,5,1067.56,0.0,40,Cash on Delivery,Delivered
1175,201,228,2024-09-07,18:02:00,36,3,911.92,0.0,49,Debit Card,Delivered
1176,234,111,2026-09-07,08:44:00,19,1,1069.47,0.0,20,Cash on Delivery,Delivered
1177,210,120,2025-02-26,10:06:00,58,5,861.35,0.0,20,Wallet,Cancelled
1178,224,95,2024-04-09,09:16:00,15,5,807.35,0.0,49,Cash on Delivery,Cancelled
1179,96,88,2026-08-03,15:39:00,22,1,1473.1,294.62,49,Net Banking,Returned
1180,247,12,2025-05-02,16:34:00,25,6,1392.31,208.85,0,Cash on Delivery,Cancelled
1181,422,228,2024-12-04,11:05:00,47,5,505.27,50.53,30,UPI,Delivered
1182,358,240,2024-12-31,22:35:00,59,2,165.19,0.0,49,UPI,Returned
1183,282,50,2024-06-25,13:14:00,62,1,1350.5,0.0,20,Credit Card,Cancelled
1184,303,118,2024-03-03,22:14:00,54,2,172.9,25.93,20,Debit Card,Returned
1185,307,214,2025-12-04,21:09:00,59,1,1520.48,0.0,40,Cash on Delivery,Delivered
1186,176,96,2024-02-05,13:43:00,41,1,262.51,0.0,20,UPI,Cancelled
1187,426,28,2025-03-21,15:44:00,25,3,1319.01,197.85,49,Wallet,Delivered
1188,600,85,2026-06-26,22:10:00,53,5,1229.67,0.0,40,Cash on Delivery,Cancelled
1189,456,72,2024-11-19,16:38:00,28,6,1461.15,292.23,0,Credit Card,Delivered
1190,303,97,2026-03-02,22:59:00,20,5,313.78,47.07,20,UPI,Cancelled
1191,547,244,2026-05-27,11:35:00,45,4,1647.68,164.77,20,UPI,Delivered
1192,185,138,2026-06-15,15:51:00,23,2,1645.44,164.54,49,Net Banking,Delivered
1193,248,138,2025-07-19,10:21:00,48,5,277.14,0.0,30,Net Banking,Cancelled
1194,183,12,2025-03-13,23:54:00,28,2,1468.82,0.0,0,Net Banking,Cancelled
1195,453,19,2025-03-08,10:47:00,63,3,894.31,134.15,30,Debit Card,Delivered
1196,34,196,2024-01-12,08:49:00,57,6,160.67,32.13,0,UPI,Delivered
1197,169,194,2026-01-30,10:05:00,59,2,927.71,185.54,0,Cash on Delivery,Delivered
1198,381,15,2026-03-17,08:46:00,24,3,645.58,96.84,0,Net Banking,Returned
1199,297,193,2024-10-26,16:10:00,20,5,1485.45,148.55,49,Net Banking,Delivered
1200,295,126,2025-06-18,10:09:00,26,3,962.38,192.48,0,Debit Card,Delivered
1201,481,11,2025-06-03,21:29:00,16,1,1126.68,0.0,30,Credit Card,Delivered
1202,354,163,2024-12-15,10:23:00,61,5,582.13,0.0,40,Cash on Delivery,Delivered
1203,126,61,2025-02-26,12:51:00,32,5,502.78,0.0,30,Wallet,Delivered
1204,375,80,2026-04-21,13:50:00,51,4,1345.73,134.57,0,Wallet,Delivered
1205,55,105,2024-07-31,15:26:00,53,5,1057.88,105.79,30,UPI,Delivered
1206,539,48,2024-05-08,10:03:00,32,1,1679.27,335.85,40,Debit Card,Delivered
1207,128,228,2025-07-23,08:16:00,55,6,554.55,110.91,20,Net Banking,Delivered
1208,511,226,2026-08-11,15:33:00,27,4,1326.54,0.0,49,Wallet,Delivered
1209,410,69,2024-09-05,12:43:00,19,2,1290.36,129.04,30,Wallet,Cancelled
1210,535,147,2025-10-22,17:26:00,34,2,154.79,7.74,20,Debit Card,Returned
1211,542,111,2024-08-07,11:19:00,64,3,258.04,51.61,0,Cash on Delivery,Delivered
1212,400,41,2024-12-29,19:48:00,33,1,433.47,86.69,20,Wallet,Returned
1213,378,88,2025-07-10,13:18:00,27,6,159.08,0.0,40,Cash on Delivery,Delivered
1214,422,203,2024-10-13,17:32:00,51,5,968.76,0.0,20,Wallet,Delivered
1215,378,62,2025-07-23,13:53:00,32,3,1338.83,0.0,40,Net Banking,Returned
1216,64,173,2025-12-05,18:02:00,33,6,1193.66,238.73,30,Credit Card,Cancelled
1217,222,54,2026-09-20,19:12:00,48,3,1106.36,165.95,0,Cash on Delivery,Returned
1218,228,207,2024-05-24,11:05:00,21,6,1127.76,112.78,40,Wallet,Delivered
1219,558,13,2025-09-13,14:15:00,52,1,1179.87,0.0,40,Credit Card,Cancelled
1220,415,165,2024-11-26,15:02:00,41,1,1335.25,0.0,49,Net Banking,Delivered
1221,336,100,2024-04-07,22:32:00,41,5,1330.08,133.01,0,UPI,Cancelled
1222,214,211,2024-01-28,08:37:00,21,3,1428.1,0.0,49,Credit Card,Delivered
1223,537,237,2024-01-14,15:44:00,39,3,913.42,137.01,40,Debit Card,Returned
1224,291,211,2025-09-02,11:46:00,41,1,1602.23,240.33,20,Cash on Delivery,Delivered
1225,355,35,2026-06-26,09:04:00,34,5,239.13,0.0,49,Wallet,Delivered
1226,294,28,2025-07-06,17:14:00,29,4,1010.21,0.0,0,Net Banking,Cancelled
1227,418,50,2024-06-23,13:13:00,53,5,969.83,0.0,20,Cash on Delivery,Delivered
1228,344,87,2025-03-04,10:05:00,31,1,1288.3,257.66,30,Credit Card,Delivered
1229,549,105,2026-08-21,09:53:00,38,6,155.71,31.14,30,Credit Card,Delivered
1230,405,110,2025-03-21,09:33:00,59,1,315.74,0.0,40,UPI,Delivered
1231,198,224,2024-02-26,14:23:00,39,4,1606.03,0.0,0,Cash on Delivery,Cancelled
1232,467,19,2024-11-24,14:06:00,26,2,546.77,0.0,30,UPI,Delivered
1233,522,141,2024-07-06,21:36:00,21,4,1172.32,58.62,40,Net Banking,Returned
1234,147,160,2024-08-03,16:18:00,62,1,314.59,0.0,49,UPI,Delivered
1235,459,200,2024-07-17,18:19:00,30,4,1569.56,156.96,49,Credit Card,Delivered
1236,48,55,2024-08-27,19:39:00,61,1,209.71,31.46,30,Cash on Delivery,Returned
1237,19,156,2026-04-21,09:32:00,38,5,1095.82,0.0,30,Debit Card,Delivered
1238,187,240,2024-01-17,22:16:00,52,2,796.8,79.68,49,Net Banking,Returned
1239,431,197,2025-10-01,20:55:00,64,6,617.97,61.8,49,Net Banking,Returned
1240,468,23,2026-06-29,17:09:00,49,3,1093.19,163.98,49,Credit Card,Cancelled
1241,339,145,2024-04-15,17:01:00,64,5,1610.73,161.07,49,Credit Card,Cancelled
1242,195,28,2024-07-08,15:18:00,64,2,1424.13,71.21,40,Net Banking,Delivered
1243,57,105,2025-09-29,08:35:00,45,2,788.63,0.0,40,Cash on Delivery,Delivered
1244,453,45,2026-02-06,14:19:00,50,6,503.23,50.32,20,Debit Card,Returned
1245,371,167,2024-09-06,12:42:00,50,1,1524.43,0.0,0,Debit Card,Delivered
1246,121,37,2026-07-12,21:21:00,16,5,1471.7,294.34,20,Cash on Delivery,Delivered
1247,368,140,2025-11-23,12:27:00,57,3,277.08,27.71,40,Net Banking,Delivered
1248,353,105,2025-10-07,10:59:00,28,1,1063.81,212.76,40,UPI,Returned
1249,150,197,2024-07-13,18:36:00,36,1,543.24,0.0,30,Cash on Delivery,Delivered
1250,153,62,2025-08-24,17:54:00,47,3,1171.75,0.0,0,Credit Card,Delivered
1251,230,1,2024-01-07,21:38:00,40,4,225.18,0.0,0,Cash on Delivery,Delivered
1252,207,20,2024-03-24,14:52:00,54,3,1503.58,300.72,0,UPI,Delivered
1253,385,136,2024-02-27,16:05:00,33,6,1138.98,227.8,30,UPI,Delivered
1254,418,199,2024-06-30,14:55:00,52,4,1198.68,179.8,20,UPI,Returned
1255,378,57,2025-10-14,16:17:00,16,4,860.29,86.03,30,Cash on Delivery,Cancelled
1256,60,183,2026-08-23,22:56:00,23,6,797.41,159.48,40,Wallet,Cancelled
1257,141,89,2024-01-20,10:47:00,46,6,1170.65,58.53,40,UPI,Cancelled
1258,579,180,2026-08-12,10:49:00,64,3,158.19,15.82,49,Debit Card,Delivered
1259,200,51,2024-07-26,22:14:00,20,2,1723.04,0.0,30,Wallet,Cancelled
1260,208,89,2026-07-26,20:06:00,44,5,1677.64,83.88,0,Credit Card,Cancelled
1261,105,21,2025-09-09,13:00:00,39,1,487.7,24.39,20,Net Banking,Returned
1262,326,34,2025-04-23,23:34:00,51,3,751.65,0.0,20,Cash on Delivery,Delivered
1263,559,76,2024-11-10,16:37:00,18,6,1734.88,346.98,49,Debit Card,Delivered
1264,145,222,2025-02-09,17:32:00,17,1,844.35,0.0,0,Credit Card,Delivered
1265,210,175,2024-09-13,11:25:00,45,5,301.91,0.0,40,Wallet,Delivered
1266,526,44,2026-07-26,13:04:00,15,2,1193.62,59.68,49,Net Banking,Cancelled
1267,105,161,2024-07-17,16:33:00,41,2,1081.83,0.0,40,Wallet,Returned
1268,449,60,2026-02-15,21:55:00,29,5,528.29,0.0,49,Credit Card,Delivered
1269,327,105,2024-01-30,18:14:00,51,4,1732.41,0.0,40,Wallet,Delivered
1270,558,185,2025-10-13,21:25:00,58,1,882.0,132.3,0,Cash on Delivery,Delivered
1271,242,231,2025-02-18,12:55:00,65,1,733.34,0.0,40,Net Banking,Cancelled
1272,87,169,2026-05-10,13:11:00,29,6,706.83,106.02,20,UPI,Delivered
1273,375,4,2026-03-06,18:34:00,43,1,1273.74,63.69,49,Credit Card,Returned
1274,75,134,2025-10-28,13:04:00,51,2,670.02,33.5,40,Net Banking,Delivered
1275,571,152,2025-07-01,16:15:00,42,5,1143.05,0.0,49,UPI,Cancelled
1276,130,229,2026-07-29,09:54:00,36,1,1718.35,257.75,20,Wallet,Delivered
1277,444,250,2026-01-06,16:32:00,33,6,338.38,33.84,30,Wallet,Delivered
1278,525,142,2025-10-06,10:41:00,20,3,702.59,105.39,49,Net Banking,Delivered
1279,37,178,2025-11-01,22:05:00,37,2,515.27,51.53,40,Cash on Delivery,Delivered
1280,490,51,2025-07-06,13:01:00,54,4,581.83,116.37,0,Net Banking,Delivered
1281,473,127,2025-09-17,23:24:00,49,2,1559.8,155.98,40,Net Banking,Delivered
1282,158,215,2026-05-04,12:20:00,48,5,449.54,67.43,0,Wallet,Delivered
1283,326,175,2025-06-20,08:25:00,56,2,1266.33,253.27,20,Debit Card,Delivered
1284,276,227,2024-01-31,19:48:00,39,4,1342.52,0.0,40,Net Banking,Delivered
1285,32,173,2024-05-07,13:17:00,49,2,1427.68,0.0,30,Debit Card,Delivered
1286,187,240,2025-06-20,20:29:00,52,4,449.46,0.0,49,Debit Card,Cancelled
1287,253,163,2026-09-01,12:43:00,49,6,1087.77,0.0,40,Credit Card,Cancelled
1288,560,246,2026-07-12,11:21:00,40,2,558.02,83.7,30,Credit Card,Delivered
1289,346,185,2026-08-12,23:11:00,36,4,401.7,40.17,20,Cash on Delivery,Delivered
1290,227,223,2025-12-12,15:21:00,48,5,1433.23,0.0,0,Credit Card,Delivered
1291,109,144,2025-12-28,20:23:00,38,1,1718.74,85.94,49,Debit Card,Delivered
1292,573,84,2024-01-17,18:48:00,46,6,602.67,0.0,20,UPI,Cancelled
1293,314,161,2025-09-30,11:56:00,58,5,1504.87,0.0,0,Cash on Delivery,Delivered
1294,496,43,2024-02-18,14:33:00,60,3,1097.72,0.0,0,UPI,Delivered
1295,216,101,2024-11-10,10:20:00,33,4,300.64,60.13,30,Credit Card,Delivered
1296,222,187,2024-06-26,19:39:00,28,4,919.44,183.89,49,UPI,Cancelled
1297,437,115,2026-05-21,18:02:00,16,5,566.47,113.29,20,Wallet,Returned
1298,112,73,2026-08-31,10:02:00,64,3,417.91,20.9,49,Net Banking,Delivered
1299,537,122,2025-07-28,09:38:00,61,2,1393.04,0.0,30,Debit Card,Cancelled
1300,241,217,2025-06-10,19:25:00,25,2,1691.09,169.11,40,Cash on Delivery,Delivered
1301,333,222,2026-03-02,21:50:00,63,4,1025.38,0.0,30,Credit Card,Cancelled
1302,505,181,2024-12-11,18:47:00,57,3,1029.47,0.0,49,Cash on Delivery,Delivered
1303,325,202,2025-12-30,17:11:00,47,2,631.63,63.16,0,UPI,Returned
1304,439,86,2024-01-27,12:59:00,15,1,192.03,38.41,30,Debit Card,Returned
1305,236,151,2025-10-24,15:04:00,30,2,1199.65,239.93,0,Debit Card,Delivered
1306,71,54,2024-01-06,18:21:00,45,1,996.6,149.49,40,Net Banking,Returned
1307,187,175,2024-04-12,17:19:00,33,5,1001.65,50.08,40,Net Banking,Delivered
1308,503,37,2025-05-26,15:27:00,43,6,1445.23,216.78,30,Wallet,Delivered
1309,154,192,2024-01-07,12:23:00,47,6,1302.19,0.0,30,Credit Card,Delivered
1310,539,56,2026-04-04,13:45:00,49,1,1358.24,0.0,0,Credit Card,Cancelled
1311,147,225,2026-05-11,08:40:00,34,5,275.57,13.78,0,UPI,Delivered
1312,251,107,2024-09-25,23:10:00,28,6,1048.61,0.0,0,Net Banking,Cancelled
1313,483,104,2025-06-15,10:42:00,44,2,1442.03,0.0,40,Cash on Delivery,Delivered
1314,267,192,2026-09-23,19:35:00,55,3,932.84,46.64,20,Net Banking,Delivered
1315,334,37,2025-09-25,10:32:00,64,6,1366.39,68.32,49,Credit Card,Returned
1316,105,101,2024-02-24,13:45:00,43,1,1204.31,0.0,0,Cash on Delivery,Returned
1317,221,51,2025-03-29,14:59:00,51,6,1098.69,0.0,0,Debit Card,Cancelled
1318,177,40,2025-08-13,14:47:00,41,2,1724.97,258.75,40,Debit Card,Returned
1319,600,20,2025-10-17,17:15:00,50,5,361.71,0.0,30,Wallet,Delivered
1320,251,203,2025-08-14,14:20:00,50,3,568.19,0.0,40,Wallet,Returned
1321,475,189,2026-01-31,23:14:00,25,4,606.94,0.0,49,Debit Card,Delivered
1322,260,148,2026-04-10,23:39:00,60,6,315.68,15.78,49,Net Banking,Delivered
1323,3,48,2025-08-07,13:28:00,19,2,213.14,0.0,49,Cash on Delivery,Delivered
1324,510,185,2024-04-25,14:31:00,60,3,352.3,35.23,49,Credit Card,Cancelled
1325,153,8,2026-04-11,11:08:00,65,3,787.18,157.44,0,Net Banking,Cancelled
1326,178,10,2026-06-23,09:16:00,63,5,941.43,188.29,40,Net Banking,Delivered
1327,519,222,2025-08-05,22:22:00,58,2,1284.78,192.72,30,Wallet,Delivered
1328,366,48,2024-08-30,20:59:00,18,1,459.35,0.0,30,Credit Card,Delivered
1329,84,209,2025-08-09,18:07:00,44,1,702.77,140.55,20,Credit Card,Returned
1330,585,231,2026-08-08,10:01:00,64,2,1200.09,0.0,49,Wallet,Delivered
1331,25,24,2024-11-06,14:30:00,32,6,1578.0,157.8,20,UPI,Delivered
1332,202,234,2024-01-06,21:30:00,20,2,1273.78,63.69,0,Net Banking,Delivered
1333,149,102,2024-02-19,12:46:00,24,1,468.17,0.0,40,Cash on Delivery,Delivered
1334,143,14,2024-04-27,10:07:00,22,4,796.53,0.0,20,UPI,Delivered
1335,33,115,2024-05-19,18:42:00,62,5,1396.72,0.0,20,Net Banking,Returned
1336,220,10,2024-10-27,14:27:00,39,3,470.12,0.0,20,Cash on Delivery,Returned
1337,309,199,2025-06-17,11:09:00,63,3,415.91,0.0,30,UPI,Delivered
1338,405,161,2025-06-21,12:59:00,36,1,1088.4,0.0,20,Credit Card,Delivered
1339,294,97,2024-05-11,08:53:00,52,2,1297.05,0.0,30,Wallet,Delivered
1340,68,208,2026-01-29,08:51:00,28,6,1240.48,124.05,30,Credit Card,Returned
1341,598,128,2026-04-23,08:49:00,21,2,1747.73,0.0,20,Debit Card,Cancelled
1342,435,240,2025-01-02,18:34:00,38,4,635.67,0.0,20,UPI,Delivered
1343,77,228,2026-01-30,12:01:00,24,4,1682.71,84.14,0,Debit Card,Delivered
1344,166,123,2024-08-24,23:17:00,18,2,1126.43,0.0,40,Wallet,Returned
1345,88,111,2025-03-12,08:26:00,29,2,332.49,0.0,49,Wallet,Delivered
1346,351,82,2024-09-24,13:52:00,58,6,1198.63,0.0,30,UPI,Cancelled
1347,61,32,2024-01-18,19:58:00,40,4,1068.24,213.65,40,Debit Card,Delivered
1348,316,160,2024-03-07,19:28:00,52,6,1427.68,0.0,30,Debit Card,Delivered
1349,177,243,2024-09-09,16:30:00,21,2,1525.77,0.0,40,Cash on Delivery,Delivered
1350,114,12,2025-07-22,09:49:00,22,5,326.03,0.0,0,Wallet,Delivered
1351,568,59,2024-04-12,22:25:00,32,1,941.49,47.07,49,UPI,Delivered
1352,14,133,2024-04-09,19:28:00,21,2,1115.82,223.16,0,Debit Card,Returned
1353,63,119,2024-03-27,14:32:00,17,4,880.98,0.0,0,Cash on Delivery,Returned
1354,235,86,2024-03-22,09:52:00,33,3,1749.55,0.0,40,Debit Card,Cancelled
1355,411,45,2024-04-26,14:01:00,16,5,850.96,0.0,49,Net Banking,Returned
1356,364,115,2025-03-12,21:38:00,31,4,169.87,0.0,49,UPI,Delivered
1357,204,172,2026-04-02,14:38:00,40,2,1501.94,75.1,30,Cash on Delivery,Delivered
1358,448,211,2024-06-01,10:22:00,52,1,1001.35,200.27,20,Wallet,Delivered
1359,20,9,2024-02-28,16:25:00,41,4,288.28,0.0,49,UPI,Delivered
1360,120,13,2025-04-02,23:42:00,44,1,1655.4,0.0,0,Wallet,Returned
1361,269,150,2024-08-29,10:52:00,60,5,1392.24,278.45,30,Net Banking,Delivered
1362,323,64,2025-11-14,10:20:00,65,2,191.06,19.11,49,Net Banking,Delivered
1363,305,166,2026-04-30,23:59:00,40,5,1009.04,50.45,20,Wallet,Delivered
1364,204,119,2025-08-27,22:43:00,22,4,762.13,76.21,30,UPI,Delivered
1365,392,245,2024-04-11,12:13:00,46,3,1720.28,86.01,40,Net Banking,Delivered
1366,255,60,2026-04-30,13:48:00,35,4,427.47,64.12,49,Wallet,Delivered
1367,297,150,2025-08-05,11:39:00,43,1,232.55,46.51,30,Credit Card,Delivered
1368,143,7,2024-08-07,22:03:00,47,4,1497.29,149.73,20,UPI,Delivered
1369,421,15,2026-05-11,13:42:00,57,6,166.08,33.22,30,UPI,Delivered
1370,86,61,2025-01-13,22:57:00,24,1,260.28,13.01,0,Wallet,Delivered
1371,516,161,2025-08-24,17:59:00,57,5,171.3,34.26,0,Net Banking,Delivered
1372,267,78,2025-07-01,12:10:00,63,1,878.17,0.0,49,Net Banking,Returned
1373,239,147,2025-03-26,19:28:00,15,5,409.93,81.99,0,Debit Card,Delivered
1374,48,108,2025-04-30,18:30:00,57,1,1512.4,0.0,20,Cash on Delivery,Delivered
1375,88,77,2025-09-01,20:05:00,63,6,1242.21,0.0,49,Cash on Delivery,Returned
1376,277,203,2024-06-18,21:35:00,47,2,898.44,179.69,40,Net Banking,Returned
1377,489,171,2025-10-12,09:17:00,17,5,715.8,107.37,0,Debit Card,Delivered
1378,595,109,2024-04-25,19:27:00,17,4,1631.31,244.7,20,Credit Card,Delivered
1379,291,173,2026-07-04,15:21:00,61,4,714.79,142.96,40,Net Banking,Returned
1380,408,47,2024-10-26,09:56:00,53,4,1299.38,0.0,49,Cash on Delivery,Delivered
1381,560,64,2026-01-07,16:59:00,54,4,163.04,8.15,49,Debit Card,Cancelled
1382,67,114,2024-01-12,12:35:00,36,1,768.37,0.0,30,Net Banking,Cancelled
1383,417,71,2025-07-09,12:00:00,47,5,1733.06,346.61,20,Debit Card,Delivered
1384,410,137,2025-12-14,15:39:00,17,4,350.93,0.0,40,Cash on Delivery,Cancelled
1385,540,114,2025-09-08,10:27:00,16,5,1519.47,0.0,30,UPI,Cancelled
1386,116,151,2026-07-06,15:22:00,57,5,1195.36,0.0,20,Wallet,Delivered
1387,111,60,2024-08-06,23:46:00,41,1,694.1,0.0,0,Debit Card,Delivered
1388,570,131,2024-04-06,20:21:00,64,6,156.84,0.0,30,Debit Card,Delivered
1389,508,38,2024-09-25,11:39:00,21,4,654.04,0.0,20,Wallet,Delivered
1390,281,8,2026-03-17,21:25:00,19,4,1389.42,69.47,0,Net Banking,Cancelled
1391,265,153,2025-07-05,09:34:00,49,6,124.79,6.24,40,Net Banking,Cancelled
1392,100,70,2024-03-22,22:17:00,41,5,1544.29,0.0,20,Debit Card,Delivered
1393,190,236,2025-02-07,20:16:00,49,4,1155.67,115.57,49,Credit Card,Returned
1394,596,102,2025-12-14,22:19:00,47,4,1072.93,160.94,0,Debit Card,Delivered
1395,268,81,2026-04-02,09:07:00,22,5,346.41,34.64,20,UPI,Returned
1396,490,93,2024-09-09,20:56:00,59,1,710.12,0.0,40,UPI,Delivered
1397,64,59,2026-05-02,20:13:00,41,3,537.57,80.64,20,UPI,Delivered
1398,594,67,2024-12-01,19:38:00,18,4,935.65,0.0,0,Net Banking,Returned
1399,587,78,2026-04-06,12:19:00,48,5,540.37,0.0,30,Cash on Delivery,Delivered
1400,281,202,2026-07-13,21:27:00,46,4,204.0,40.8,40,Debit Card,Cancelled
1401,15,210,2026-03-20,17:20:00,42,3,943.25,47.16,30,Net Banking,Delivered
1402,585,116,2026-03-12,17:49:00,35,2,443.04,44.3,49,UPI,Delivered
1403,134,63,2026-05-27,19:16:00,40,4,1435.91,287.18,20,Cash on Delivery,Delivered
1404,297,14,2024-04-21,20:40:00,36,5,1141.84,0.0,0,UPI,Returned
1405,436,42,2026-05-26,13:07:00,26,2,614.11,122.82,40,Cash on Delivery,Delivered
1406,486,80,2025-02-14,12:48:00,35,5,233.12,0.0,0,UPI,Cancelled
1407,288,182,2024-04-12,10:23:00,47,3,1016.13,101.61,40,UPI,Delivered
1408,550,4,2024-04-20,23:37:00,48,4,928.42,46.42,49,Credit Card,Cancelled
1409,82,45,2025-08-14,19:28:00,65,1,1684.06,0.0,40,Credit Card,Returned
1410,419,203,2024-09-26,13:40:00,42,1,367.42,0.0,20,UPI,Cancelled
1411,542,65,2024-08-22,23:21:00,29,4,700.81,70.08,40,Net Banking,Delivered
1412,473,142,2024-12-24,13:23:00,31,5,413.71,0.0,0,Wallet,Delivered
1413,239,129,2024-11-28,16:23:00,63,3,199.21,29.88,40,Debit Card,Delivered
1414,377,74,2025-10-29,22:21:00,62,2,1581.38,316.28,0,UPI,Cancelled
1415,199,40,2026-08-15,22:18:00,64,5,1152.82,172.92,40,Wallet,Delivered
1416,87,116,2025-03-24,20:48:00,28,2,1236.36,185.45,20,Cash on Delivery,Cancelled
1417,32,50,2026-06-07,20:43:00,25,1,1628.2,0.0,0,Wallet,Delivered
1418,63,206,2026-05-17,10:38:00,65,4,1736.69,347.34,0,Debit Card,Delivered
1419,200,9,2025-01-30,15:20:00,61,5,965.11,0.0,30,Net Banking,Cancelled
1420,339,218,2024-08-23,17:00:00,17,6,1443.57,216.54,0,Net Banking,Delivered
1421,406,113,2025-04-30,17:32:00,19,4,700.17,0.0,30,Debit Card,Delivered
1422,369,67,2024-09-25,21:03:00,49,2,1496.67,0.0,0,Cash on Delivery,Delivered
1423,223,116,2025-12-22,11:00:00,56,6,1213.53,242.71,30,Credit Card,Returned
1424,127,38,2025-07-03,22:32:00,47,6,549.17,54.92,40,Net Banking,Delivered
1425,594,109,2025-08-23,12:56:00,63,6,1126.07,0.0,30,Cash on Delivery,Delivered
1426,137,215,2025-05-05,11:17:00,43,6,351.05,17.55,20,UPI,Delivered
1427,554,192,2026-09-13,20:45:00,31,2,569.9,0.0,49,Wallet,Cancelled
1428,461,42,2025-06-17,15:15:00,51,1,373.59,0.0,49,Cash on Delivery,Delivered
1429,402,236,2026-04-16,13:56:00,51,2,1772.12,177.21,49,UPI,Returned
1430,592,143,2026-08-04,14:10:00,24,1,195.23,0.0,0,Credit Card,Cancelled
1431,180,228,2024-01-03,08:04:00,59,5,768.38,38.42,40,UPI,Delivered
1432,31,131,2026-05-11,23:45:00,39,1,138.82,0.0,30,Credit Card,Delivered
1433,393,204,2024-04-05,17:03:00,61,2,1628.2,0.0,30,Wallet,Cancelled
1434,88,151,2025-06-06,09:50:00,45,3,827.52,165.5,49,Wallet,Cancelled
1435,200,81,2024-11-12,21:55:00,52,3,1517.86,303.57,0,UPI,Delivered
1436,204,188,2026-03-02,08:29:00,63,4,1658.88,0.0,30,Debit Card,Delivered
1437,389,113,2026-05-04,10:21:00,16,6,197.41,9.87,40,Cash on Delivery,Delivered
1438,95,19,2024-01-14,20:58:00,38,3,1577.41,236.61,0,Wallet,Cancelled
1439,289,1,2026-04-07,22:34:00,35,1,790.02,158.0,49,Debit Card,Delivered
1440,481,11,2025-06-19,08:23:00,64,5,1397.15,69.86,40,Net Banking,Cancelled
1441,302,142,2024-05-24,20:34:00,61,5,1068.53,53.43,20,Cash on Delivery,Delivered
1442,471,201,2024-01-16,15:34:00,42,5,1053.11,157.97,49,UPI,Delivered
1443,542,175,2025-11-07,23:50:00,54,1,731.66,0.0,49,Cash on Delivery,Cancelled
1444,372,117,2026-05-14,10:36:00,44,4,159.27,15.93,20,Credit Card,Delivered
1445,90,34,2025-03-17,19:29:00,55,5,1089.88,217.98,20,Cash on Delivery,Delivered
1446,310,21,2025-07-20,08:48:00,51,3,1690.0,0.0,40,Debit Card,Delivered
1447,523,81,2026-09-21,11:29:00,46,4,608.52,0.0,20,Cash on Delivery,Delivered
1448,395,155,2024-07-08,10:06:00,49,6,1459.35,218.9,49,Credit Card,Delivered
1449,95,156,2025-12-30,20:08:00,42,3,417.4,0.0,49,Cash on Delivery,Delivered
1450,525,151,2024-03-17,22:03:00,60,3,1331.29,0.0,30,Credit Card,Delivered
1451,567,89,2025-11-28,17:23:00,46,1,655.85,131.17,49,Credit Card,Delivered
1452,592,37,2024-05-09,19:31:00,15,6,1085.2,162.78,0,UPI,Returned
1453,409,57,2026-08-05,18:26:00,32,1,891.72,0.0,20,Debit Card,Delivered
1454,182,129,2024-06-15,18:56:00,61,3,128.5,0.0,40,Net Banking,Returned
1455,530,47,2024-06-13,16:45:00,43,2,271.35,13.57,0,Cash on Delivery,Delivered
1456,383,2,2025-05-08,10:03:00,65,3,1704.19,255.63,0,UPI,Delivered
1457,589,96,2024-01-02,13:54:00,44,1,1768.17,265.23,0,Debit Card,Cancelled
1458,438,21,2026-02-04,09:47:00,38,2,1710.97,342.19,40,UPI,Delivered
1459,140,52,2024-02-14,09:29:00,19,4,1117.33,167.6,0,UPI,Delivered
1460,263,232,2025-12-18,10:56:00,47,5,1439.15,143.92,30,Wallet,Delivered
1461,233,208,2025-10-23,12:51:00,51,5,906.79,90.68,49,Net Banking,Cancelled
1462,423,89,2024-05-14,16:17:00,45,1,814.54,122.18,0,Net Banking,Returned
1463,528,237,2024-05-24,23:12:00,34,5,258.84,51.77,0,UPI,Delivered
1464,341,12,2024-06-06,19:49:00,50,6,1146.1,0.0,20,UPI,Delivered
1465,304,55,2026-09-21,19:28:00,31,5,1403.42,280.68,20,Debit Card,Cancelled
1466,431,136,2024-03-02,20:55:00,32,5,851.51,127.73,40,Cash on Delivery,Cancelled
1467,562,57,2026-01-04,16:57:00,34,5,965.68,96.57,30,Credit Card,Delivered
1468,234,98,2026-08-01,17:25:00,23,5,199.69,0.0,0,Cash on Delivery,Delivered
1469,284,181,2024-02-21,20:23:00,43,5,683.75,0.0,30,Cash on Delivery,Cancelled
1470,211,145,2024-07-06,08:38:00,17,5,1694.02,338.8,30,UPI,Delivered
1471,506,162,2025-12-17,17:46:00,16,6,1783.39,0.0,20,UPI,Delivered
1472,103,119,2026-03-08,20:06:00,53,6,152.08,0.0,30,Wallet,Delivered
1473,399,14,2025-12-04,13:10:00,55,1,802.29,80.23,30,Credit Card,Delivered
1474,275,179,2026-08-21,10:43:00,26,1,1620.19,243.03,20,Credit Card,Delivered
1475,322,201,2026-03-23,19:55:00,18,1,385.29,19.26,0,UPI,Delivered
1476,114,87,2024-08-07,13:58:00,37,6,1273.13,127.31,30,Cash on Delivery,Returned
1477,348,9,2025-03-24,17:02:00,46,1,1405.17,210.78,20,Credit Card,Delivered
1478,564,13,2026-08-11,19:45:00,62,5,1252.44,187.87,0,Credit Card,Returned
1479,68,13,2024-01-10,20:18:00,58,5,483.27,0.0,0,Credit Card,Returned
1480,593,31,2024-01-04,16:22:00,23,1,1595.52,79.78,0,Net Banking,Delivered
1481,292,17,2024-03-14,17:40:00,54,1,1725.09,258.76,30,Net Banking,Delivered
1482,179,246,2025-07-12,19:22:00,63,2,1647.63,247.14,49,Debit Card,Cancelled
1483,47,93,2025-02-01,10:02:00,18,4,1739.11,173.91,49,UPI,Returned
1484,20,102,2025-08-07,21:58:00,50,1,243.8,12.19,40,Cash on Delivery,Delivered
1485,46,200,2025-12-13,15:30:00,47,3,1286.57,0.0,20,Wallet,Cancelled
1486,584,218,2024-10-22,17:37:00,59,3,1567.97,0.0,0,Cash on Delivery,Delivered
1487,470,97,2026-02-15,13:21:00,35,1,486.18,72.93,30,UPI,Delivered
1488,506,55,2025-01-23,18:16:00,23,4,428.52,0.0,40,Net Banking,Delivered
1489,189,150,2024-03-03,13:42:00,51,6,1428.89,0.0,20,Debit Card,Delivered
1490,98,18,2024-01-16,09:36:00,17,6,1623.65,81.18,0,Debit Card,Cancelled
1491,6,164,2026-02-21,21:32:00,31,2,143.43,0.0,0,Cash on Delivery,Delivered
1492,455,57,2026-03-24,12:39:00,15,3,1625.93,0.0,40,Debit Card,Delivered
1493,570,203,2025-07-10,22:20:00,51,2,267.38,26.74,49,Cash on Delivery,Delivered
1494,172,102,2024-02-17,15:53:00,30,4,1247.34,0.0,0,Wallet,Cancelled
1495,469,95,2024-12-28,13:04:00,31,4,1771.95,0.0,49,Credit Card,Delivered
1496,456,30,2024-04-03,19:53:00,25,2,1319.01,131.9,0,Credit Card,Cancelled
1497,442,180,2026-09-07,13:06:00,56,5,1338.94,0.0,0,Debit Card,Delivered
1498,128,134,2025-08-09,23:46:00,15,6,734.95,0.0,40,UPI,Delivered
1499,516,112,2024-08-04,19:21:00,50,5,257.01,25.7,30,Net Banking,Returned
1500,475,177,2026-09-23,23:10:00,60,6,278.25,27.83,49,UPI,Returned
1501,52,193,2026-03-02,18:58:00,30,4,1018.76,203.75,49,Credit Card,Delivered
1502,561,97,2025-09-15,12:32:00,52,4,1630.68,326.14,49,Debit Card,Delivered
1503,319,222,2024-02-24,11:32:00,23,2,1333.6,66.68,20,UPI,Delivered
1504,182,142,2024-08-06,17:34:00,23,6,1676.72,0.0,20,Wallet,Cancelled
1505,61,65,2024-03-31,16:17:00,46,3,1220.12,183.02,20,Wallet,Delivered
1506,113,17,2025-03-07,19:36:00,53,6,449.76,0.0,20,Wallet,Returned
1507,14,33,2024-02-06,14:03:00,32,6,1289.08,0.0,20,Credit Card,Returned
1508,450,128,2025-01-02,12:44:00,21,2,746.52,0.0,0,Credit Card,Delivered
1509,96,107,2024-12-09,09:26:00,31,4,451.03,67.65,0,Debit Card,Returned
1510,237,240,2026-04-28,22:29:00,44,3,788.44,78.84,0,Net Banking,Delivered
1511,230,34,2026-02-25,10:43:00,16,6,391.99,39.2,0,Cash on Delivery,Returned
1512,76,121,2024-11-01,20:55:00,53,1,1565.81,0.0,49,Wallet,Delivered
1513,224,31,2026-08-24,08:16:00,30,6,1029.24,0.0,0,Net Banking,Delivered
1514,402,42,2024-06-03,10:51:00,27,1,825.26,0.0,49,UPI,Delivered
1515,416,143,2026-06-25,19:53:00,41,4,893.65,178.73,0,Cash on Delivery,Cancelled
1516,404,239,2024-06-05,10:36:00,47,4,728.25,0.0,30,Net Banking,Delivered
1517,261,77,2025-11-02,09:28:00,42,4,1765.89,264.88,30,Net Banking,Cancelled
1518,231,146,2025-03-02,19:00:00,34,6,1135.59,0.0,40,Credit Card,Cancelled
1519,173,99,2024-05-17,21:56:00,22,1,616.47,0.0,30,Credit Card,Delivered
1520,141,236,2026-04-28,18:41:00,50,6,658.54,98.78,20,UPI,Returned
1521,528,218,2025-06-09,09:34:00,62,4,1714.56,171.46,49,UPI,Returned
1522,418,38,2025-10-16,15:46:00,34,6,262.19,26.22,49,Wallet,Delivered
1523,270,57,2024-07-24,18:51:00,30,2,1329.88,0.0,40,Credit Card,Delivered
1524,59,94,2025-06-28,15:14:00,30,3,1714.72,342.94,0,Wallet,Cancelled
1525,80,21,2025-12-24,19:54:00,57,5,959.17,0.0,30,Wallet,Delivered
1526,379,222,2025-04-23,20:58:00,59,5,1254.23,62.71,30,Cash on Delivery,Delivered
1527,275,185,2026-03-01,18:12:00,38,2,853.46,85.35,40,Debit Card,Delivered
1528,396,239,2026-01-15,20:51:00,19,4,470.48,0.0,20,UPI,Cancelled
1529,352,74,2025-01-13,08:34:00,59,1,1082.11,216.42,49,Debit Card,Delivered
1530,90,209,2024-12-15,13:48:00,40,5,359.56,71.91,30,Net Banking,Delivered
1531,407,78,2026-05-14,22:11:00,22,2,142.76,28.55,30,Credit Card,Cancelled
1532,377,199,2026-01-04,11:17:00,26,4,325.87,65.17,30,UPI,Returned
1533,272,167,2025-07-11,14:15:00,65,2,1700.81,340.16,0,Debit Card,Delivered
1534,317,55,2026-01-05,09:28:00,51,4,489.62,97.92,40,Credit Card,Delivered
1535,19,8,2025-06-30,11:31:00,48,3,1665.18,0.0,0,UPI,Delivered
1536,563,115,2024-04-04,16:20:00,25,2,729.42,109.41,30,Wallet,Cancelled
1537,444,228,2026-07-16,22:16:00,32,6,1212.82,181.92,40,UPI,Delivered
1538,510,50,2025-10-20,13:55:00,56,6,162.53,16.25,40,Debit Card,Returned
1539,152,57,2026-07-15,22:29:00,43,2,1089.87,54.49,30,Cash on Delivery,Cancelled
1540,200,120,2024-01-04,11:17:00,18,6,1510.06,302.01,30,Credit Card,Delivered
1541,550,17,2024-01-26,19:20:00,56,5,1225.92,0.0,0,UPI,Cancelled
1542,496,220,2025-11-29,13:46:00,23,1,639.44,0.0,40,Wallet,Cancelled
1543,123,109,2024-01-28,17:14:00,51,6,1450.16,290.03,20,Cash on Delivery,Delivered
1544,89,127,2024-06-17,09:12:00,22,2,755.18,0.0,30,Wallet,Cancelled
1545,531,199,2025-02-04,13:58:00,61,1,1129.57,0.0,49,Wallet,Returned
1546,497,201,2024-09-09,19:08:00,61,3,1743.49,0.0,20,Credit Card,Cancelled
1547,174,39,2025-10-17,22:14:00,59,5,439.37,43.94,49,Net Banking,Cancelled
1548,2,74,2025-01-07,23:44:00,59,2,1433.52,0.0,20,Credit Card,Delivered
1549,438,23,2025-06-03,19:02:00,45,4,273.95,0.0,49,Cash on Delivery,Delivered
1550,524,48,2025-02-02,23:50:00,22,5,1475.64,295.13,20,Cash on Delivery,Delivered
1551,102,4,2025-05-18,11:09:00,40,1,715.09,143.02,49,Credit Card,Delivered
1552,574,162,2026-09-11,13:45:00,20,4,1239.25,247.85,40,Wallet,Delivered
1553,547,221,2024-09-21,20:30:00,27,3,863.6,0.0,20,Credit Card,Cancelled
1554,222,177,2024-06-05,12:10:00,60,5,148.37,0.0,49,Debit Card,Delivered
1555,158,89,2025-07-27,12:45:00,57,6,1180.64,0.0,20,Wallet,Delivered
1556,415,15,2025-01-21,13:52:00,54,3,474.59,71.19,0,Cash on Delivery,Cancelled
1557,491,222,2026-03-28,15:04:00,56,1,1013.04,0.0,40,Wallet,Delivered
1558,283,27,2026-04-27,15:00:00,46,6,649.63,129.93,49,Debit Card,Delivered
1559,576,83,2024-06-01,08:56:00,57,1,489.18,24.46,20,Cash on Delivery,Returned
1560,59,131,2026-03-14,17:42:00,40,2,1079.13,161.87,40,Wallet,Delivered
1561,396,17,2024-11-17,16:50:00,45,1,727.37,0.0,49,UPI,Cancelled
1562,69,95,2024-03-29,21:46:00,32,1,250.19,50.04,30,Debit Card,Delivered
1563,279,5,2025-08-06,10:36:00,61,4,1115.27,0.0,49,Debit Card,Delivered
1564,561,128,2025-01-01,13:03:00,45,1,1482.82,0.0,30,Credit Card,Delivered
1565,163,171,2024-01-16,10:39:00,56,4,281.44,42.22,0,Credit Card,Delivered
1566,76,241,2024-07-25,15:48:00,60,4,1641.97,164.2,40,Cash on Delivery,Delivered
1567,581,166,2025-04-09,20:02:00,51,5,917.27,0.0,20,Cash on Delivery,Delivered
1568,496,60,2024-03-22,13:08:00,43,6,774.2,154.84,0,Cash on Delivery,Delivered
1569,591,247,2025-06-27,23:41:00,49,4,712.06,142.41,20,Wallet,Returned
1570,586,231,2026-07-26,17:12:00,22,5,274.05,54.81,40,Debit Card,Delivered
1571,193,8,2026-09-03,18:11:00,29,1,363.15,0.0,0,Net Banking,Delivered
1572,361,216,2024-01-25,19:31:00,39,3,1788.55,178.86,40,Debit Card,Delivered
1573,8,183,2024-02-21,08:08:00,41,5,899.97,0.0,30,Net Banking,Returned
1574,446,128,2025-02-14,17:36:00,43,5,876.23,0.0,0,Cash on Delivery,Cancelled
1575,395,228,2024-12-21,21:44:00,17,3,1561.27,0.0,0,Cash on Delivery,Cancelled
1576,362,81,2025-12-16,15:30:00,27,1,1109.29,55.46,30,Net Banking,Delivered
1577,191,247,2025-04-20,22:05:00,22,6,1069.93,0.0,20,Net Banking,Returned
1578,390,58,2024-11-24,14:03:00,59,3,1117.19,167.58,0,Credit Card,Delivered
1579,359,29,2024-06-14,13:29:00,41,6,466.7,0.0,20,UPI,Delivered
1580,297,235,2025-06-21,18:39:00,40,3,1669.97,83.5,40,Credit Card,Delivered
1581,339,193,2024-09-25,17:47:00,29,3,1311.18,262.24,0,Debit Card,Delivered
1582,125,102,2025-08-06,15:48:00,53,2,1520.76,304.15,30,Debit Card,Delivered
1583,462,73,2024-08-19,16:56:00,41,3,148.86,29.77,49,Credit Card,Cancelled
1584,230,13,2025-08-30,18:32:00,41,2,1137.14,56.86,20,Net Banking,Returned
1585,546,165,2026-02-28,16:06:00,30,2,294.07,0.0,49,Cash on Delivery,Cancelled
1586,63,177,2024-06-26,11:55:00,45,1,924.6,0.0,49,Debit Card,Cancelled
1587,294,162,2025-12-27,21:23:00,36,4,1464.59,0.0,20,UPI,Cancelled
1588,11,11,2024-11-05,16:36:00,42,3,760.92,0.0,20,Wallet,Delivered
1589,229,146,2024-02-25,08:09:00,62,3,299.15,59.83,0,Credit Card,Returned
1590,473,86,2026-05-29,20:55:00,37,5,1307.72,65.39,20,Debit Card,Delivered
1591,346,161,2025-11-24,23:00:00,50,4,1751.03,0.0,49,Net Banking,Cancelled
1592,71,67,2025-12-23,19:35:00,34,2,555.75,0.0,40,Cash on Delivery,Cancelled
1593,87,19,2024-08-16,19:03:00,28,3,1615.62,0.0,40,Credit Card,Returned
1594,139,9,2026-05-28,15:12:00,34,4,611.83,0.0,40,Credit Card,Returned
1595,111,5,2024-11-04,15:42:00,43,6,1093.47,109.35,40,Net Banking,Delivered
1596,34,142,2026-03-21,18:45:00,60,2,1076.06,0.0,40,Net Banking,Delivered
1597,157,227,2026-04-04,10:41:00,57,4,856.1,0.0,0,Cash on Delivery,Delivered
1598,193,10,2024-11-05,14:53:00,35,1,380.68,38.07,30,UPI,Cancelled
1599,166,209,2025-07-26,16:27:00,40,3,424.37,84.87,30,Wallet,Cancelled
1600,204,52,2024-05-16,12:39:00,65,2,135.66,0.0,20,Debit Card,Delivered
1601,588,28,2024-08-08,14:56:00,15,2,156.9,0.0,30,Cash on Delivery,Delivered
1602,452,18,2026-01-21,11:42:00,42,4,733.54,146.71,0,Cash on Delivery,Delivered
1603,146,199,2025-05-04,19:48:00,35,2,1629.72,0.0,20,Debit Card,Returned
1604,380,54,2024-02-27,10:57:00,26,2,1354.32,135.43,30,Cash on Delivery,Cancelled
1605,241,8,2024-08-09,16:45:00,65,2,198.4,19.84,30,Cash on Delivery,Delivered
1606,596,208,2026-01-29,08:05:00,44,6,393.91,0.0,20,Debit Card,Delivered
1607,383,15,2025-03-25,21:58:00,31,6,1603.6,80.18,0,Cash on Delivery,Returned
1608,508,83,2026-04-24,16:26:00,21,5,1441.59,144.16,20,Debit Card,Delivered
1609,396,93,2025-10-17,15:34:00,43,2,1444.88,72.24,20,Debit Card,Delivered
1610,66,47,2024-06-08,18:38:00,17,5,1433.66,0.0,40,Cash on Delivery,Delivered
1611,289,183,2024-09-17,12:15:00,46,2,1173.7,58.69,49,UPI,Cancelled
1612,103,34,2024-03-27,10:03:00,22,5,889.25,88.93,0,Credit Card,Returned
1613,355,177,2025-07-20,21:51:00,62,5,203.99,0.0,40,UPI,Delivered
1614,299,178,2024-02-06,15:38:00,24,3,294.0,29.4,49,Debit Card,Returned
1615,364,46,2025-09-04,18:47:00,63,1,949.91,0.0,20,Credit Card,Delivered
1616,398,192,2024-09-17,15:14:00,50,4,425.4,0.0,30,Debit Card,Cancelled
1617,148,29,2025-01-19,13:24:00,58,3,1270.97,0.0,49,Wallet,Delivered
1618,197,233,2024-07-18,08:44:00,49,2,459.96,0.0,30,Debit Card,Delivered
1619,19,79,2025-05-29,23:32:00,53,5,1669.71,0.0,30,Cash on Delivery,Delivered
1620,171,3,2026-05-30,19:39:00,58,4,1406.8,211.02,30,UPI,Delivered
1621,321,49,2026-03-17,22:31:00,31,5,1299.34,0.0,40,Cash on Delivery,Returned
1622,215,41,2026-08-28,18:26:00,29,3,430.78,21.54,40,Debit Card,Cancelled
1623,164,234,2025-01-02,12:01:00,41,1,1608.18,0.0,49,UPI,Cancelled
1624,138,8,2025-10-31,19:36:00,61,2,373.53,0.0,0,UPI,Delivered
1625,421,56,2024-02-13,12:37:00,35,3,1392.52,208.88,49,Cash on Delivery,Cancelled
1626,447,63,2025-04-19,12:41:00,41,2,1508.8,226.32,30,Wallet,Cancelled
1627,44,111,2025-01-21,10:21:00,57,3,1167.48,0.0,49,Debit Card,Delivered
1628,200,53,2026-01-11,11:14:00,56,5,1397.28,0.0,0,Debit Card,Delivered
1629,548,219,2026-05-21,15:45:00,25,1,1495.79,0.0,20,Credit Card,Delivered
1630,178,201,2024-03-19,19:47:00,33,5,1233.41,0.0,30,Net Banking,Cancelled
1631,446,140,2025-03-03,23:25:00,34,1,294.69,29.47,0,Net Banking,Delivered
1632,269,143,2025-07-04,09:24:00,34,3,1380.13,276.03,0,UPI,Delivered
1633,182,146,2026-08-08,23:28:00,55,5,927.14,185.43,30,Net Banking,Delivered
1634,398,164,2025-02-15,17:55:00,40,6,642.13,96.32,0,Net Banking,Delivered
1635,133,56,2024-10-30,13:07:00,54,2,1320.96,66.05,20,Credit Card,Delivered
1636,198,47,2024-01-18,17:44:00,19,1,597.66,59.77,30,Net Banking,Cancelled
1637,116,73,2026-01-20,23:32:00,51,6,1574.61,0.0,40,Net Banking,Delivered
1638,158,212,2026-02-17,21:37:00,54,5,1760.96,0.0,49,Wallet,Delivered
1639,99,167,2024-06-13,14:07:00,62,5,153.44,0.0,40,Cash on Delivery,Delivered
1640,22,189,2025-12-05,13:45:00,15,1,129.04,0.0,20,Net Banking,Delivered
1641,199,140,2025-02-09,14:55:00,21,1,660.57,0.0,30,Credit Card,Delivered
1642,251,227,2025-06-26,15:35:00,60,1,1691.33,169.13,20,Cash on Delivery,Delivered
1643,176,169,2026-03-08,09:03:00,43,4,1017.09,50.85,20,Cash on Delivery,Delivered
1644,250,220,2024-08-20,13:54:00,50,2,1601.78,160.18,49,Cash on Delivery,Returned
1645,209,55,2026-04-14,23:26:00,62,1,969.51,145.43,0,Wallet,Delivered
1646,413,46,2025-02-11,22:06:00,30,4,1047.61,209.52,0,UPI,Delivered
1647,195,40,2025-11-10,13:12:00,29,6,1142.74,0.0,49,Net Banking,Returned
1648,230,90,2026-07-08,13:29:00,62,5,1343.58,0.0,49,Cash on Delivery,Delivered
1649,21,104,2026-09-02,23:31:00,39,1,1213.08,60.65,30,Net Banking,Cancelled
1650,7,163,2026-07-09,11:54:00,56,3,535.57,0.0,49,Credit Card,Delivered
1651,456,245,2025-02-23,11:29:00,47,6,305.92,30.59,40,Net Banking,Delivered
1652,253,139,2025-12-10,17:22:00,57,4,419.37,62.91,0,Wallet,Returned
1653,155,180,2025-02-04,20:23:00,59,4,1016.9,203.38,20,Net Banking,Delivered
1654,589,213,2024-04-06,12:20:00,43,2,637.52,63.75,49,Net Banking,Cancelled
1655,352,84,2024-08-16,16:42:00,42,6,1189.26,237.85,40,Wallet,Delivered
1656,140,149,2026-06-01,08:28:00,32,6,918.3,183.66,49,Cash on Delivery,Delivered
1657,312,17,2026-02-21,22:36:00,54,4,933.84,93.38,0,Net Banking,Delivered
1658,469,79,2025-12-03,23:16:00,50,3,1271.78,254.36,49,Debit Card,Delivered
1659,283,20,2026-09-03,14:51:00,53,5,1542.93,0.0,40,Cash on Delivery,Cancelled
1660,296,215,2025-04-14,18:13:00,40,6,1096.96,219.39,49,UPI,Delivered
1661,300,199,2025-08-21,08:16:00,33,3,136.59,13.66,20,Wallet,Returned
1662,528,207,2025-02-07,08:20:00,25,1,1523.97,0.0,20,Cash on Delivery,Cancelled
1663,470,11,2025-02-10,20:18:00,50,5,1634.91,0.0,49,Credit Card,Delivered
1664,548,214,2024-09-15,19:33:00,21,2,120.92,12.09,49,Net Banking,Cancelled
1665,43,85,2025-05-09,17:42:00,49,5,518.09,51.81,40,Debit Card,Returned
1666,109,142,2024-12-21,21:55:00,30,1,370.95,18.55,30,UPI,Delivered
1667,1,55,2024-02-17,19:46:00,39,6,797.54,79.75,49,Debit Card,Returned
1668,209,5,2026-07-22,19:24:00,33,1,1057.37,211.47,49,Credit Card,Delivered
1669,555,171,2026-05-14,17:27:00,43,5,207.0,41.4,40,Wallet,Delivered
1670,122,136,2025-04-28,13:26:00,56,1,172.47,25.87,20,Cash on Delivery,Delivered
1671,126,13,2024-08-24,16:58:00,33,3,1715.49,0.0,20,Net Banking,Delivered
1672,45,101,2025-05-10,16:42:00,36,4,1058.49,52.92,30,Credit Card,Delivered
1673,40,97,2024-05-25,12:07:00,35,3,1146.95,57.35,40,Credit Card,Delivered
1674,436,197,2024-07-01,13:54:00,26,1,1143.1,0.0,20,Credit Card,Returned
1675,302,113,2026-03-23,08:16:00,46,3,927.07,46.35,30,Net Banking,Delivered
1676,334,96,2025-09-03,15:38:00,42,3,406.81,81.36,20,Net Banking,Cancelled
1677,321,2,2025-05-15,10:08:00,33,3,1344.14,0.0,0,Credit Card,Returned
1678,58,1,2026-01-28,15:25:00,23,6,430.52,0.0,0,Wallet,Delivered
1679,243,237,2026-03-08,12:40:00,44,4,383.85,76.77,30,Net Banking,Returned
1680,559,188,2024-09-09,19:35:00,35,6,1254.18,125.42,30,Credit Card,Cancelled
1681,599,172,2024-11-08,13:43:00,37,2,1317.51,0.0,0,Cash on Delivery,Delivered
1682,515,84,2025-05-15,19:39:00,20,4,231.82,0.0,0,Net Banking,Returned
1683,49,93,2024-11-11,10:16:00,43,4,636.19,31.81,20,Debit Card,Returned
1684,220,92,2026-03-01,12:19:00,43,5,1349.42,269.88,30,UPI,Delivered
1685,122,92,2025-08-17,17:44:00,51,4,455.06,0.0,49,Credit Card,Delivered
1686,342,60,2025-05-15,08:14:00,27,1,1010.15,50.51,0,UPI,Returned
1687,206,62,2026-04-25,13:27:00,17,5,917.05,91.7,20,Net Banking,Delivered
1688,362,204,2024-06-27,23:34:00,45,2,136.2,27.24,49,Cash on Delivery,Cancelled
1689,324,176,2024-03-05,18:11:00,22,4,1281.74,64.09,30,Wallet,Cancelled
1690,336,187,2024-08-19,23:51:00,65,5,204.0,20.4,49,UPI,Delivered
1691,436,176,2025-05-04,14:18:00,32,4,954.23,143.13,40,Cash on Delivery,Returned
1692,388,239,2024-06-15,20:37:00,19,3,497.13,99.43,40,Credit Card,Delivered
1693,590,66,2026-06-28,20:40:00,65,4,560.15,0.0,0,Net Banking,Delivered
1694,589,150,2026-03-20,08:44:00,17,1,201.02,20.1,49,Debit Card,Delivered
1695,234,148,2024-01-18,15:53:00,58,6,691.84,0.0,0,Net Banking,Delivered
1696,420,170,2025-06-18,17:57:00,33,2,1212.93,60.65,30,Wallet,Delivered
1697,530,77,2025-09-26,22:37:00,38,4,406.77,0.0,40,Debit Card,Returned
1698,585,90,2026-02-11,12:33:00,62,1,1535.55,0.0,20,Credit Card,Delivered
1699,452,191,2025-08-20,22:46:00,49,5,1229.36,184.4,0,Credit Card,Delivered
1700,542,139,2024-07-11,22:57:00,20,4,144.17,0.0,49,Net Banking,Delivered
1701,269,237,2024-12-02,11:50:00,32,2,834.76,166.95,20,Net Banking,Delivered
1702,536,27,2024-03-25,13:46:00,28,6,169.87,16.99,49,Debit Card,Delivered
1703,550,30,2026-03-04,10:36:00,30,5,1776.6,88.83,49,UPI,Delivered
1704,345,148,2024-01-12,08:47:00,65,5,1223.24,244.65,49,Wallet,Cancelled
1705,108,114,2025-04-24,09:23:00,35,2,1061.26,53.06,40,Net Banking,Cancelled
1706,227,211,2026-03-19,19:05:00,55,6,645.98,64.6,49,UPI,Returned
1707,476,247,2026-02-05,08:49:00,57,3,447.87,67.18,40,UPI,Returned
1708,125,32,2025-08-12,15:50:00,52,1,137.53,27.51,49,Credit Card,Delivered
1709,486,79,2024-05-17,18:22:00,22,2,1335.49,0.0,49,UPI,Returned
1710,544,84,2026-04-26,11:54:00,47,6,326.67,0.0,30,UPI,Cancelled
1711,307,55,2026-01-01,22:13:00,40,1,1641.71,246.26,49,Cash on Delivery,Cancelled
1712,389,194,2025-02-15,12:58:00,43,1,484.62,0.0,49,Wallet,Delivered
1713,411,146,2024-09-08,14:22:00,30,5,221.39,0.0,30,Net Banking,Delivered
1714,441,24,2025-01-10,17:28:00,57,2,264.39,0.0,40,Cash on Delivery,Cancelled
1715,599,125,2025-08-04,13:22:00,37,1,290.12,0.0,20,Cash on Delivery,Returned
1716,44,169,2024-05-17,15:30:00,46,2,887.65,177.53,20,Net Banking,Delivered
1717,432,197,2025-10-27,20:26:00,15,3,1655.71,0.0,20,Net Banking,Delivered
1718,387,207,2024-09-18,16:04:00,60,6,812.51,0.0,0,Net Banking,Returned
1719,473,246,2026-08-29,18:40:00,28,3,1019.49,203.9,30,Cash on Delivery,Delivered
1720,44,250,2025-01-17,11:02:00,27,6,1061.16,0.0,20,Cash on Delivery,Cancelled
1721,9,68,2024-05-26,23:26:00,28,4,345.66,69.13,49,UPI,Delivered
1722,266,174,2024-10-04,22:07:00,48,5,506.26,0.0,20,UPI,Delivered
1723,422,148,2026-03-27,09:26:00,46,4,557.01,111.4,49,Wallet,Returned
1724,4,146,2024-06-26,13:32:00,49,3,1696.65,169.67,40,Debit Card,Delivered
1725,360,29,2026-05-26,15:53:00,64,3,1023.23,51.16,20,Cash on Delivery,Delivered
1726,465,69,2026-06-28,14:01:00,56,4,1474.15,147.42,0,UPI,Delivered
1727,278,199,2026-01-08,09:12:00,34,2,1112.29,222.46,49,UPI,Delivered
1728,506,53,2025-07-15,23:28:00,56,6,723.36,72.34,20,Wallet,Cancelled
1729,220,104,2024-10-17,23:28:00,15,3,278.41,41.76,0,Net Banking,Delivered
1730,116,242,2026-09-01,19:12:00,47,6,1587.22,0.0,20,Net Banking,Cancelled
1731,406,35,2024-12-23,16:50:00,25,1,1672.03,0.0,20,Credit Card,Delivered
1732,36,186,2025-10-30,19:28:00,44,2,132.3,26.46,30,UPI,Delivered
1733,58,182,2025-12-07,23:44:00,52,6,577.15,57.72,20,Credit Card,Delivered
1734,381,200,2024-09-02,10:03:00,54,4,1320.51,0.0,0,Wallet,Cancelled
1735,148,193,2024-10-10,22:01:00,52,6,1355.44,67.77,20,Wallet,Delivered
1736,262,222,2026-08-13,21:13:00,26,2,746.97,37.35,30,Credit Card,Cancelled
1737,297,4,2024-09-28,14:11:00,41,1,301.24,60.25,49,UPI,Delivered
1738,198,79,2025-01-26,21:06:00,59,4,481.39,24.07,0,Credit Card,Delivered
1739,409,115,2025-12-12,13:03:00,24,1,173.42,0.0,20,Cash on Delivery,Delivered
1740,139,18,2025-08-07,19:12:00,41,5,1100.1,0.0,30,Cash on Delivery,Delivered
1741,321,8,2024-03-02,11:31:00,30,2,680.34,136.07,49,UPI,Delivered
1742,473,56,2025-09-22,22:05:00,27,1,1219.31,0.0,20,UPI,Delivered
1743,210,139,2026-04-12,20:36:00,17,6,975.65,0.0,40,Cash on Delivery,Cancelled
1744,191,31,2024-01-26,16:20:00,60,3,1369.05,273.81,0,Cash on Delivery,Delivered
1745,584,43,2025-07-14,10:30:00,15,4,551.48,0.0,40,UPI,Cancelled
1746,231,195,2024-11-04,17:54:00,65,2,428.56,0.0,0,Wallet,Delivered
1747,16,37,2024-12-16,13:13:00,52,3,1388.95,0.0,0,Net Banking,Delivered
1748,313,190,2026-04-23,22:51:00,45,2,751.39,0.0,20,Wallet,Cancelled
1749,431,165,2025-10-02,19:20:00,21,2,1670.55,83.53,40,UPI,Returned
1750,477,155,2026-04-17,17:46:00,50,1,1750.46,262.57,20,Debit Card,Delivered
1751,368,150,2025-07-07,19:07:00,39,1,340.77,0.0,49,Wallet,Delivered
1752,328,245,2026-08-10,10:10:00,42,5,1599.81,319.96,30,Wallet,Delivered
1753,549,227,2025-02-27,16:30:00,50,4,1449.16,144.92,40,Credit Card,Cancelled
1754,475,98,2024-03-01,08:32:00,48,3,644.1,0.0,0,Net Banking,Returned
1755,237,113,2026-04-20,10:36:00,22,5,174.65,0.0,49,Net Banking,Cancelled
1756,88,112,2024-11-03,09:03:00,40,5,1358.12,271.62,49,Credit Card,Delivered
1757,131,214,2024-07-21,18:14:00,32,5,571.95,28.6,30,Cash on Delivery,Delivered
1758,517,41,2024-04-30,15:36:00,48,4,655.18,32.76,20,Credit Card,Returned
1759,10,44,2024-03-08,13:12:00,62,6,946.0,141.9,20,UPI,Delivered
1760,337,1,2026-06-18,14:48:00,28,1,222.41,0.0,49,Net Banking,Delivered
1761,255,204,2024-10-25,20:29:00,30,5,306.87,0.0,0,Net Banking,Delivered
1762,586,197,2026-03-07,10:07:00,31,1,802.41,0.0,0,Net Banking,Delivered
1763,394,146,2026-02-10,12:52:00,30,2,1271.66,0.0,40,Wallet,Delivered
1764,545,242,2026-03-02,22:47:00,60,5,195.15,0.0,49,Wallet,Delivered
1765,308,140,2026-05-12,10:54:00,50,4,926.45,0.0,40,Credit Card,Delivered
1766,52,6,2026-08-01,16:43:00,29,2,850.06,0.0,20,Cash on Delivery,Delivered
1767,99,134,2026-06-22,10:20:00,20,6,1134.94,170.24,30,Wallet,Delivered
1768,338,129,2024-05-24,17:09:00,16,2,1188.35,237.67,0,UPI,Delivered
1769,209,83,2026-02-19,15:17:00,41,4,170.35,0.0,40,Net Banking,Delivered
1770,257,73,2025-08-18,16:55:00,40,4,861.92,129.29,0,UPI,Delivered
1771,564,36,2024-09-30,08:51:00,23,6,1413.58,0.0,49,Credit Card,Cancelled
1772,228,132,2025-04-02,17:00:00,24,4,356.44,35.64,30,Net Banking,Delivered
1773,509,68,2025-12-06,18:57:00,23,4,502.03,0.0,20,Cash on Delivery,Delivered
1774,164,244,2026-08-10,15:22:00,44,1,134.15,0.0,20,Net Banking,Delivered
1775,574,244,2024-05-22,18:06:00,50,1,1273.52,0.0,20,Wallet,Delivered
1776,355,145,2024-01-19,17:42:00,40,1,1604.06,0.0,40,Net Banking,Cancelled
1777,225,15,2024-09-27,21:26:00,16,1,263.23,26.32,20,Net Banking,Cancelled
1778,470,23,2024-01-31,10:46:00,62,2,456.85,0.0,49,Wallet,Returned
1779,438,18,2024-12-25,10:08:00,16,6,1639.48,163.95,30,UPI,Delivered
1780,440,112,2026-02-08,18:14:00,64,6,1654.59,330.92,30,Debit Card,Delivered
1781,48,249,2026-06-15,17:41:00,26,2,1763.83,88.19,20,Wallet,Delivered
1782,393,212,2026-09-16,08:06:00,54,1,679.27,0.0,30,Cash on Delivery,Returned
1783,210,247,2026-01-19,17:31:00,24,3,514.6,51.46,40,UPI,Delivered
1784,420,137,2024-06-22,13:20:00,63,1,1379.08,0.0,40,Wallet,Cancelled
1785,404,116,2024-01-04,20:54:00,41,6,1479.52,0.0,40,Credit Card,Cancelled
1786,283,20,2026-09-06,22:56:00,41,5,862.56,172.51,30,Net Banking,Delivered
1787,485,120,2026-04-29,10:42:00,25,5,220.95,0.0,30,UPI,Delivered
1788,423,250,2026-08-13,11:51:00,47,3,961.01,48.05,30,Credit Card,Cancelled
1789,241,81,2026-06-03,16:51:00,28,3,210.13,31.52,40,Wallet,Delivered
1790,561,40,2026-08-28,11:09:00,20,3,1448.26,72.41,30,Net Banking,Returned
1791,365,42,2024-12-31,16:36:00,65,2,148.88,7.44,30,Debit Card,Returned
1792,91,197,2024-05-06,11:42:00,60,5,948.34,0.0,49,Net Banking,Delivered
1793,544,38,2025-04-19,15:00:00,57,4,512.28,0.0,30,Wallet,Delivered
1794,295,129,2026-06-14,13:46:00,19,5,988.25,98.83,40,Net Banking,Delivered
1795,415,104,2024-09-22,08:22:00,21,1,1788.18,0.0,0,Credit Card,Delivered
1796,319,51,2025-11-03,16:05:00,61,2,535.19,0.0,0,Wallet,Delivered
1797,53,80,2025-09-17,21:00:00,30,4,359.03,53.85,49,Cash on Delivery,Delivered
1798,60,52,2024-06-16,09:44:00,27,1,1119.05,111.91,49,Net Banking,Delivered
1799,51,21,2024-04-01,16:02:00,15,2,620.33,31.02,0,Credit Card,Delivered
1800,509,192,2024-04-11,22:48:00,56,5,817.1,163.42,0,Wallet,Delivered
1801,160,195,2026-08-20,19:43:00,60,5,1762.65,0.0,49,Debit Card,Delivered
1802,596,166,2024-10-18,22:52:00,48,3,1577.12,0.0,0,UPI,Cancelled
1803,449,88,2024-08-16,18:33:00,25,6,320.56,16.03,20,Net Banking,Delivered
1804,455,134,2026-02-01,08:30:00,23,4,1125.89,0.0,20,Cash on Delivery,Delivered
1805,426,28,2025-03-12,08:35:00,59,5,306.59,30.66,40,Credit Card,Cancelled
1806,208,174,2025-09-02,20:16:00,45,4,1421.82,142.18,20,Cash on Delivery,Delivered
1807,233,11,2025-04-03,21:35:00,21,1,425.86,0.0,49,UPI,Returned
1808,563,94,2026-03-14,19:29:00,47,1,144.75,21.71,30,Wallet,Delivered
1809,199,205,2026-02-25,12:13:00,40,2,392.61,78.52,0,Cash on Delivery,Delivered
1810,39,203,2025-01-28,20:35:00,37,4,556.1,83.42,40,UPI,Delivered
1811,454,175,2025-11-30,19:04:00,42,5,1279.36,0.0,49,Debit Card,Returned
1812,146,23,2024-11-25,09:47:00,22,4,1623.01,324.6,20,Cash on Delivery,Delivered
1813,5,123,2026-08-08,08:13:00,27,3,197.99,39.6,49,Debit Card,Cancelled
1814,289,218,2024-08-04,11:39:00,49,2,1090.85,0.0,49,Debit Card,Delivered
1815,68,57,2024-01-25,08:19:00,21,6,834.15,166.83,0,UPI,Delivered
1816,235,12,2024-05-30,11:23:00,19,4,920.14,0.0,49,Cash on Delivery,Returned
1817,298,104,2025-12-31,15:14:00,57,5,1569.0,0.0,30,Net Banking,Delivered
1818,96,1,2024-11-29,08:52:00,22,3,1652.3,82.62,30,Credit Card,Delivered
1819,518,210,2026-04-07,21:54:00,22,3,913.73,91.37,30,Debit Card,Returned
1820,114,36,2025-07-13,10:57:00,43,4,673.59,0.0,20,Credit Card,Delivered
1821,382,196,2025-07-30,23:32:00,21,3,728.63,0.0,40,Wallet,Delivered
1822,473,42,2024-08-20,20:01:00,24,3,1441.77,72.09,30,Debit Card,Delivered
1823,474,120,2024-05-24,09:22:00,19,4,290.93,14.55,20,UPI,Delivered
1824,475,32,2025-01-05,20:51:00,31,6,927.55,139.13,20,Cash on Delivery,Returned
1825,63,56,2024-04-10,23:20:00,34,2,1010.53,202.11,20,Cash on Delivery,Delivered
1826,75,216,2024-11-04,18:45:00,44,6,424.19,0.0,20,Net Banking,Cancelled
1827,341,67,2026-02-28,20:43:00,48,4,1768.53,88.43,20,Net Banking,Delivered
1828,308,12,2025-04-04,21:27:00,31,2,137.28,20.59,40,Wallet,Cancelled
1829,148,123,2026-08-26,10:55:00,60,2,1704.37,0.0,49,Cash on Delivery,Delivered
1830,428,178,2024-05-21,19:38:00,23,2,1620.44,81.02,49,Cash on Delivery,Delivered
1831,54,105,2026-07-06,08:51:00,31,5,1663.12,166.31,40,Net Banking,Returned
1832,240,46,2024-02-28,18:49:00,38,2,556.31,0.0,0,Wallet,Delivered
1833,149,122,2024-07-23,21:47:00,20,3,1121.58,56.08,40,Debit Card,Delivered
1834,322,50,2025-11-29,18:26:00,43,1,1357.73,135.77,49,Cash on Delivery,Delivered
1835,348,89,2024-09-17,13:27:00,19,5,1303.5,0.0,20,Net Banking,Delivered
1836,151,217,2024-07-04,23:13:00,40,6,1526.65,76.33,20,Credit Card,Delivered
1837,181,45,2026-08-24,12:30:00,21,1,1399.45,279.89,40,Debit Card,Returned
1838,502,110,2025-09-13,11:31:00,21,4,396.16,79.23,30,Credit Card,Delivered
1839,557,96,2024-04-26,17:17:00,50,4,1089.57,0.0,0,Debit Card,Cancelled
1840,107,214,2025-03-11,08:13:00,52,2,434.46,0.0,40,Net Banking,Delivered
1841,15,25,2026-06-30,16:11:00,58,4,571.31,114.26,0,UPI,Delivered
1842,560,7,2026-06-08,10:28:00,44,1,1668.27,333.65,0,Cash on Delivery,Cancelled
1843,457,228,2026-03-08,09:56:00,36,6,138.11,0.0,30,Net Banking,Cancelled
1844,214,48,2025-02-27,22:11:00,31,3,752.91,0.0,0,Cash on Delivery,Cancelled
1845,577,72,2026-03-12,22:27:00,30,5,128.95,0.0,49,UPI,Returned
1846,408,194,2026-08-09,18:16:00,18,2,1600.04,160.0,49,Net Banking,Delivered
1847,112,179,2025-09-10,15:47:00,53,2,333.73,50.06,20,Cash on Delivery,Cancelled
1848,554,221,2024-03-30,13:57:00,51,1,1501.37,0.0,30,Wallet,Delivered
1849,306,250,2026-03-01,21:03:00,23,4,1327.12,66.36,40,Wallet,Delivered
1850,176,117,2026-06-02,13:35:00,56,3,717.91,0.0,49,Cash on Delivery,Delivered
1851,383,6,2025-04-08,08:32:00,49,4,626.27,0.0,40,Wallet,Delivered
1852,373,193,2025-02-26,08:10:00,17,5,137.19,20.58,0,Net Banking,Cancelled
1853,48,43,2024-07-09,10:57:00,38,3,1601.96,0.0,49,UPI,Delivered
1854,266,139,2025-08-09,09:37:00,29,2,1629.9,0.0,20,Credit Card,Cancelled
1855,178,2,2026-09-07,13:15:00,37,1,188.44,37.69,30,Wallet,Delivered
1856,353,219,2026-09-23,09:07:00,54,6,500.09,0.0,30,Debit Card,Returned
1857,35,58,2026-05-25,20:37:00,47,5,1478.34,0.0,20,Net Banking,Cancelled
1858,252,50,2026-06-15,13:18:00,30,4,1664.15,166.42,40,Credit Card,Delivered
1859,551,7,2024-12-21,15:07:00,23,3,1384.47,0.0,20,Net Banking,Delivered
1860,455,200,2024-12-07,20:20:00,54,5,1152.84,0.0,0,Credit Card,Cancelled
1861,509,103,2024-07-21,10:30:00,44,3,1107.84,0.0,20,UPI,Delivered
1862,394,47,2025-09-01,16:41:00,20,5,461.29,23.06,30,Net Banking,Delivered
1863,136,47,2025-02-09,22:04:00,59,2,287.79,0.0,20,Wallet,Delivered
1864,132,242,2025-03-09,16:30:00,35,2,1241.87,124.19,40,Debit Card,Delivered
1865,106,230,2026-07-16,12:44:00,16,5,835.22,41.76,20,UPI,Delivered
1866,585,152,2024-06-11,16:20:00,23,3,222.62,0.0,0,UPI,Delivered
1867,236,221,2024-12-05,19:00:00,35,1,575.12,86.27,20,UPI,Delivered
1868,108,77,2024-08-31,09:33:00,43,4,1661.11,83.06,20,Debit Card,Delivered
1869,130,96,2025-12-10,16:55:00,23,2,1750.86,175.09,49,Credit Card,Returned
1870,261,161,2026-03-28,18:44:00,49,1,1112.38,166.86,0,Debit Card,Delivered
1871,495,127,2024-02-12,21:31:00,55,4,1513.58,0.0,20,Credit Card,Cancelled
1872,572,111,2024-12-28,11:22:00,54,1,398.76,19.94,49,Wallet,Delivered
1873,444,71,2024-02-28,18:40:00,47,3,1355.2,135.52,20,Wallet,Delivered
1874,176,250,2026-03-04,18:44:00,42,6,1453.47,0.0,40,Credit Card,Delivered
1875,521,69,2025-02-11,23:08:00,57,5,1428.58,0.0,30,Credit Card,Returned
1876,327,189,2025-01-17,10:50:00,52,4,403.54,0.0,20,Credit Card,Delivered
1877,9,194,2024-04-18,13:22:00,61,6,1688.83,84.44,20,Debit Card,Delivered
1878,177,142,2025-02-25,14:37:00,63,3,1599.76,239.96,0,UPI,Cancelled
1879,167,63,2026-08-02,16:05:00,33,5,1083.31,108.33,0,UPI,Delivered
1880,428,101,2024-06-23,22:02:00,23,4,789.48,0.0,30,UPI,Delivered
1881,370,111,2024-07-17,13:04:00,45,3,1206.99,0.0,20,Net Banking,Delivered
1882,52,189,2026-02-17,10:36:00,29,2,742.84,0.0,49,Net Banking,Cancelled
1883,138,42,2024-11-01,22:05:00,20,5,493.28,98.66,0,Wallet,Delivered
1884,430,248,2024-01-22,12:29:00,46,6,182.62,9.13,30,Cash on Delivery,Delivered
1885,429,213,2026-05-10,09:30:00,42,2,776.75,0.0,49,Wallet,Delivered
1886,11,4,2025-08-09,18:14:00,44,2,455.81,22.79,0,Cash on Delivery,Delivered
1887,151,220,2024-08-16,11:13:00,27,4,312.64,46.9,49,Debit Card,Delivered
1888,96,248,2025-03-21,17:08:00,27,6,286.56,0.0,30,Debit Card,Delivered
1889,202,118,2024-07-01,22:30:00,57,4,999.24,49.96,40,UPI,Delivered
1890,214,203,2024-09-14,17:11:00,54,1,1495.57,74.78,0,Cash on Delivery,Delivered
1891,349,26,2025-06-07,22:01:00,20,4,1161.13,116.11,20,Credit Card,Delivered
1892,188,11,2026-06-22,13:18:00,50,2,868.1,0.0,30,UPI,Delivered
1893,173,57,2024-10-02,19:27:00,64,3,1457.5,145.75,40,Net Banking,Delivered
1894,460,146,2026-02-18,08:10:00,37,3,1418.15,0.0,20,Cash on Delivery,Cancelled
1895,429,144,2025-08-04,09:17:00,59,4,410.57,41.06,40,Wallet,Returned
1896,273,17,2025-10-30,08:00:00,53,3,501.59,100.32,30,Wallet,Delivered
1897,494,190,2026-08-24,16:11:00,20,4,1339.87,0.0,30,Net Banking,Delivered
1898,17,214,2026-03-28,09:37:00,64,2,921.29,0.0,30,Wallet,Delivered
1899,52,79,2025-05-15,21:47:00,21,3,493.18,49.32,49,Debit Card,Delivered
1900,218,118,2024-02-22,20:46:00,39,1,1030.95,51.55,30,Cash on Delivery,Delivered
1901,425,218,2025-04-23,12:43:00,39,2,798.94,159.79,0,Debit Card,Returned
1902,305,226,2025-12-11,10:33:00,38,5,1374.2,137.42,0,UPI,Cancelled
1903,464,122,2026-08-04,13:36:00,22,1,1425.48,0.0,30,UPI,Returned
1904,466,167,2026-05-11,20:01:00,33,2,730.41,146.08,40,UPI,Delivered
1905,38,59,2025-12-23,15:28:00,32,4,1114.8,0.0,20,UPI,Delivered
1906,495,166,2025-03-26,14:01:00,40,4,1297.42,0.0,49,Credit Card,Cancelled
1907,188,108,2025-02-24,23:58:00,51,6,592.43,0.0,49,UPI,Delivered
1908,463,131,2025-10-24,21:21:00,28,5,1396.68,209.5,49,UPI,Delivered
1909,483,193,2024-07-29,21:13:00,34,6,1486.19,222.93,49,Wallet,Delivered
1910,516,194,2025-05-08,20:01:00,62,3,1462.02,219.3,30,UPI,Returned
1911,310,147,2024-05-21,12:53:00,22,6,885.09,0.0,49,Cash on Delivery,Returned
1912,80,140,2026-06-04,20:43:00,61,4,169.96,8.5,20,Credit Card,Delivered
1913,72,103,2026-02-20,13:36:00,58,1,917.27,183.45,49,Net Banking,Cancelled
1914,522,215,2025-09-22,10:43:00,51,5,1683.22,84.16,0,Net Banking,Cancelled
1915,429,180,2024-11-26,14:49:00,29,4,271.93,40.79,0,Net Banking,Delivered
1916,316,157,2024-09-25,13:25:00,52,3,384.99,0.0,49,Net Banking,Returned
1917,241,249,2026-06-24,10:43:00,64,2,1728.84,0.0,49,Wallet,Delivered
1918,116,73,2025-01-02,21:28:00,16,4,1126.01,0.0,49,Debit Card,Delivered
1919,450,49,2024-01-03,19:16:00,53,5,392.84,0.0,20,Net Banking,Delivered
1920,285,169,2026-03-16,15:51:00,18,6,366.45,73.29,0,Cash on Delivery,Returned
1921,552,29,2025-02-28,23:32:00,15,4,1185.15,177.77,30,Wallet,Cancelled
1922,117,88,2026-06-23,09:06:00,39,6,1549.54,309.91,49,Wallet,Returned
1923,146,231,2026-05-20,10:21:00,15,2,1698.33,339.67,0,UPI,Delivered
1924,56,240,2025-09-05,12:26:00,55,3,191.45,0.0,20,UPI,Delivered
1925,553,9,2025-06-14,10:29:00,25,4,372.37,0.0,49,Cash on Delivery,Delivered
1926,179,167,2026-06-10,17:53:00,34,5,668.1,0.0,0,Cash on Delivery,Cancelled
1927,529,130,2025-11-06,18:36:00,26,6,1206.7,181.0,30,UPI,Delivered
1928,430,139,2024-01-03,21:59:00,52,6,308.72,30.87,40,UPI,Cancelled
1929,484,104,2025-02-05,12:00:00,50,1,1011.04,202.21,0,Credit Card,Delivered
1930,123,117,2024-02-28,13:59:00,41,2,1249.83,0.0,30,Debit Card,Cancelled
1931,334,206,2025-09-01,20:40:00,56,2,1198.43,0.0,49,Wallet,Delivered
1932,7,21,2024-07-01,08:47:00,62,3,1481.65,222.25,20,Debit Card,Cancelled
1933,383,56,2025-02-21,08:37:00,20,2,1727.47,86.37,30,Credit Card,Delivered
1934,188,142,2026-07-20,16:36:00,43,4,1502.5,225.38,0,Credit Card,Delivered
1935,386,167,2026-02-18,22:00:00,23,3,527.04,0.0,20,Wallet,Delivered
1936,44,91,2024-12-29,15:44:00,63,4,549.81,109.96,0,Wallet,Delivered
1937,451,203,2025-01-11,16:43:00,16,2,1587.82,317.56,30,Net Banking,Delivered
1938,151,31,2024-12-26,22:31:00,30,5,740.66,111.1,40,Cash on Delivery,Cancelled
1939,203,246,2024-05-10,15:27:00,17,4,797.43,39.87,49,Net Banking,Delivered
1940,418,73,2025-08-22,10:08:00,38,5,641.49,128.3,40,Wallet,Cancelled
1941,139,192,2024-02-21,16:11:00,53,5,770.08,0.0,40,Net Banking,Delivered
1942,132,3,2025-01-28,21:25:00,19,4,1713.69,171.37,49,Cash on Delivery,Cancelled
1943,194,229,2024-12-19,20:39:00,52,5,1224.27,0.0,49,Wallet,Delivered
1944,562,64,2024-08-08,18:48:00,50,6,922.13,46.11,49,Net Banking,Delivered
1945,508,116,2025-09-17,13:23:00,64,4,140.76,0.0,20,Debit Card,Delivered
1946,177,13,2025-06-19,16:57:00,53,2,280.68,0.0,49,Net Banking,Returned
1947,195,250,2026-02-21,10:09:00,23,4,136.54,0.0,0,Debit Card,Delivered
1948,51,168,2025-11-05,22:59:00,40,2,1531.33,229.7,0,Debit Card,Returned
1949,233,219,2024-02-04,17:46:00,51,1,485.78,0.0,0,Credit Card,Delivered
1950,589,127,2024-11-25,12:57:00,55,5,909.73,0.0,49,Net Banking,Delivered
1951,446,165,2024-12-01,20:19:00,25,6,1440.32,216.05,20,Debit Card,Delivered
1952,338,159,2026-09-19,12:03:00,48,2,512.33,102.47,20,UPI,Delivered
1953,497,110,2025-03-14,11:39:00,31,5,1641.65,82.08,20,Net Banking,Delivered
1954,35,167,2026-05-27,19:25:00,49,2,1597.3,0.0,40,Wallet,Delivered
1955,252,161,2026-08-15,08:28:00,54,4,807.19,80.72,40,Net Banking,Delivered
1956,492,40,2026-02-14,17:54:00,15,3,536.49,0.0,40,Debit Card,Delivered
1957,168,82,2024-08-18,10:42:00,27,4,1229.6,0.0,40,UPI,Delivered
1958,54,128,2025-05-16,23:12:00,56,2,243.1,0.0,0,Credit Card,Delivered
1959,89,194,2025-08-12,13:02:00,24,6,680.32,68.03,49,Net Banking,Returned
1960,73,152,2024-07-22,23:12:00,28,4,187.73,0.0,20,Debit Card,Delivered
1961,282,217,2025-04-04,17:35:00,53,1,1429.95,71.5,40,UPI,Delivered
1962,548,107,2026-06-05,12:49:00,29,3,1777.23,0.0,40,Cash on Delivery,Delivered
1963,79,200,2026-02-14,10:50:00,45,6,177.31,26.6,49,Debit Card,Delivered
1964,495,178,2024-09-01,13:55:00,49,5,703.15,0.0,30,Cash on Delivery,Cancelled
1965,262,10,2025-09-11,10:35:00,65,3,974.92,0.0,30,Net Banking,Returned
1966,81,187,2026-01-24,11:20:00,43,3,575.7,115.14,49,Cash on Delivery,Returned
1967,375,64,2025-09-08,11:58:00,40,1,1206.31,241.26,40,UPI,Delivered
1968,292,3,2025-08-24,15:57:00,15,6,643.29,0.0,0,Net Banking,Delivered
1969,19,195,2024-09-11,12:11:00,20,5,160.54,0.0,49,Cash on Delivery,Delivered
1970,165,197,2026-08-20,09:15:00,47,3,1657.77,165.78,49,Cash on Delivery,Returned
1971,286,161,2026-09-22,08:42:00,43,5,1028.01,0.0,40,Debit Card,Cancelled
1972,347,24,2026-09-21,20:18:00,59,4,1311.61,0.0,20,Wallet,Cancelled
1973,351,185,2025-03-03,12:12:00,18,2,1136.23,56.81,30,Debit Card,Delivered
1974,516,233,2025-06-03,09:48:00,64,4,938.8,93.88,49,Net Banking,Delivered
1975,44,153,2024-06-21,09:43:00,60,1,1127.14,112.71,0,Net Banking,Returned
1976,289,222,2024-08-15,10:05:00,27,6,1558.35,0.0,40,Cash on Delivery,Delivered
1977,99,86,2025-07-04,16:35:00,36,5,199.04,0.0,40,Credit Card,Cancelled
1978,123,29,2025-08-31,20:02:00,33,4,1461.85,219.28,20,Credit Card,Delivered
1979,322,58,2025-09-07,23:43:00,15,4,922.04,0.0,30,Wallet,Delivered
1980,304,123,2026-01-13,09:55:00,49,6,1618.08,323.62,20,Wallet,Cancelled
1981,82,114,2026-02-07,10:18:00,39,6,243.36,24.34,49,Debit Card,Returned
1982,250,148,2024-10-05,21:56:00,65,4,1470.56,73.53,20,Cash on Delivery,Cancelled
1983,255,84,2025-12-20,20:59:00,15,3,509.91,0.0,20,Wallet,Delivered
1984,76,190,2025-07-01,17:01:00,23,3,936.75,93.68,40,UPI,Cancelled
1985,398,133,2025-02-14,09:21:00,18,4,517.33,25.87,40,Credit Card,Delivered
1986,9,95,2024-02-15,12:46:00,48,6,267.39,40.11,40,Debit Card,Delivered
1987,559,151,2024-05-03,08:55:00,28,5,193.59,0.0,20,UPI,Returned
1988,243,164,2024-01-30,12:23:00,23,1,1141.96,0.0,20,Wallet,Cancelled
1989,472,194,2025-01-14,22:44:00,53,3,508.53,0.0,49,Wallet,Cancelled
1990,402,11,2024-02-20,21:02:00,23,4,706.01,141.2,40,Debit Card,Returned
1991,330,66,2026-04-10,16:40:00,52,2,193.66,0.0,49,Net Banking,Delivered
1992,293,237,2024-12-03,15:32:00,20,1,1056.5,158.47,49,UPI,Returned
1993,562,153,2025-02-02,19:40:00,37,5,475.09,95.02,30,Debit Card,Delivered
1994,416,41,2026-06-06,13:38:00,65,6,743.27,0.0,40,Net Banking,Delivered
1995,54,81,2025-12-17,21:24:00,15,2,1748.77,87.44,0,Cash on Delivery,Cancelled
1996,318,139,2025-03-09,08:28:00,15,3,874.17,131.13,20,Cash on Delivery,Delivered
1997,17,34,2024-07-20,19:51:00,19,3,966.67,0.0,0,Debit Card,Cancelled
1998,5,18,2025-03-27,15:43:00,61,6,1717.89,85.89,40,UPI,Delivered
1999,434,14,2024-12-21,22:36:00,18,3,336.63,0.0,30,UPI,Cancelled
2000,252,152,2024-11-30,17:28:00,51,3,215.11,10.76,30,Wallet,Returned
2001,375,55,2024-04-09,18:44:00,44,5,211.42,31.71,40,UPI,Delivered
2002,82,195,2025-10-20,20:27:00,62,3,1543.99,77.2,49,Credit Card,Delivered
2003,339,100,2026-06-25,11:35:00,30,2,1600.26,240.04,49,Cash on Delivery,Delivered
2004,573,118,2025-02-09,08:23:00,58,4,202.62,0.0,20,Wallet,Returned
2005,490,217,2025-04-30,10:34:00,31,2,1557.3,311.46,0,Net Banking,Cancelled
2006,168,7,2025-09-09,19:27:00,46,2,484.58,96.92,20,Wallet,Returned
2007,491,55,2026-03-16,12:13:00,51,4,605.68,0.0,20,Net Banking,Cancelled
2008,330,62,2026-02-20,13:52:00,40,4,751.78,150.36,49,Wallet,Cancelled
2009,265,43,2025-03-25,23:58:00,30,5,1687.53,0.0,20,Wallet,Delivered
2010,347,167,2024-05-24,09:08:00,30,6,426.37,42.64,0,Debit Card,Returned
2011,1,17,2025-03-09,14:14:00,63,2,987.33,0.0,20,Credit Card,Delivered
2012,507,169,2024-03-13,12:56:00,53,1,1463.49,73.17,30,Debit Card,Delivered
2013,337,216,2024-10-02,18:08:00,39,1,1656.93,82.85,30,Cash on Delivery,Delivered
2014,72,52,2025-07-18,15:07:00,16,1,1323.92,66.2,30,Credit Card,Cancelled
2015,159,48,2026-03-03,21:40:00,61,2,1654.87,82.74,40,Cash on Delivery,Delivered
2016,224,53,2026-08-19,10:26:00,61,5,1295.74,0.0,40,Cash on Delivery,Delivered
2017,490,8,2026-08-05,22:00:00,28,5,727.33,0.0,40,UPI,Delivered
2018,321,44,2025-09-30,17:08:00,55,3,262.49,52.5,0,Wallet,Delivered
2019,305,187,2024-02-24,12:57:00,46,3,151.08,22.66,40,Cash on Delivery,Delivered
2020,519,43,2025-03-14,22:26:00,23,3,1076.21,0.0,40,Credit Card,Delivered
2021,41,63,2025-12-24,20:12:00,47,6,1769.95,265.49,40,Debit Card,Delivered
2022,73,73,2025-08-10,22:17:00,35,5,935.98,93.6,20,UPI,Delivered
2023,223,151,2025-12-16,23:47:00,51,5,1309.55,261.91,49,UPI,Delivered
2024,519,110,2024-02-05,18:52:00,35,1,1576.18,157.62,20,Credit Card,Delivered
2025,447,76,2024-08-09,12:08:00,62,2,1758.6,0.0,40,UPI,Cancelled
2026,104,41,2026-01-05,10:42:00,21,3,1154.74,115.47,30,Credit Card,Delivered
2027,17,2,2025-12-17,10:11:00,58,4,854.05,128.11,20,Credit Card,Cancelled
2028,544,181,2026-07-26,17:31:00,34,2,1508.87,226.33,20,Debit Card,Delivered
2029,473,192,2025-05-31,23:04:00,47,5,1004.28,0.0,20,Cash on Delivery,Delivered
2030,560,167,2025-05-09,09:21:00,57,5,1753.85,0.0,0,Cash on Delivery,Delivered
2031,51,99,2025-12-15,10:46:00,27,6,1335.21,133.52,30,Cash on Delivery,Delivered
2032,479,192,2025-08-11,16:25:00,16,6,665.27,33.26,40,Net Banking,Delivered
2033,581,199,2026-03-26,20:12:00,58,5,525.62,0.0,49,Cash on Delivery,Cancelled
2034,207,102,2026-04-03,11:03:00,49,1,1084.2,0.0,40,UPI,Delivered
2035,411,34,2024-01-08,11:26:00,35,3,1633.46,245.02,40,Wallet,Delivered
2036,417,244,2024-10-11,18:31:00,57,5,1711.0,0.0,30,Debit Card,Delivered
2037,361,26,2026-09-16,13:16:00,45,4,581.32,0.0,0,Cash on Delivery,Delivered
2038,458,87,2025-06-17,21:51:00,48,2,609.17,0.0,30,UPI,Delivered
2039,392,91,2024-09-18,18:06:00,24,2,1618.18,323.64,30,Debit Card,Delivered
2040,525,151,2025-09-18,23:59:00,33,1,361.45,72.29,20,Credit Card,Delivered
2041,417,234,2025-07-01,21:01:00,47,2,1525.32,305.06,40,UPI,Returned
2042,66,116,2024-01-21,15:26:00,27,1,1601.59,0.0,30,Credit Card,Cancelled
2043,525,165,2025-02-25,09:11:00,17,6,679.08,0.0,49,Net Banking,Returned
2044,548,58,2024-02-01,16:47:00,19,2,572.11,57.21,0,Net Banking,Delivered
2045,68,211,2025-09-13,23:38:00,46,5,1594.43,0.0,30,Debit Card,Cancelled
2046,569,69,2024-04-22,14:23:00,39,5,574.11,0.0,30,Debit Card,Delivered
2047,476,53,2024-12-28,20:48:00,59,4,622.58,62.26,0,Net Banking,Delivered
2048,511,164,2025-10-16,15:36:00,31,6,151.65,0.0,49,Wallet,Delivered
2049,47,36,2025-11-04,21:00:00,25,6,1156.55,0.0,20,Wallet,Delivered
2050,239,249,2024-04-02,19:58:00,48,5,1757.93,0.0,30,Net Banking,Delivered
2051,18,120,2024-07-14,17:09:00,17,2,281.9,42.28,40,Wallet,Delivered
2052,483,74,2025-06-29,21:29:00,38,5,733.7,0.0,30,UPI,Delivered
2053,436,189,2024-09-30,13:12:00,15,5,996.93,149.54,20,Net Banking,Delivered
2054,533,224,2025-02-09,16:06:00,51,4,387.41,58.11,20,Credit Card,Delivered
2055,32,189,2025-10-20,19:46:00,50,4,1323.6,264.72,30,Credit Card,Delivered
2056,431,215,2025-05-07,17:59:00,48,2,285.74,14.29,20,Wallet,Delivered
2057,394,104,2024-07-05,14:42:00,56,6,265.24,0.0,49,UPI,Delivered
2058,554,129,2024-06-02,17:49:00,24,4,1503.19,300.64,30,Net Banking,Delivered
2059,425,160,2025-07-15,08:59:00,41,2,515.75,25.79,20,Credit Card,Returned
2060,486,31,2025-04-06,08:09:00,25,2,912.16,182.43,49,UPI,Delivered
2061,439,81,2026-04-23,16:55:00,60,5,1174.51,58.73,0,Wallet,Delivered
2062,288,208,2025-04-22,22:37:00,35,6,555.94,83.39,40,Cash on Delivery,Delivered
2063,322,81,2024-07-26,10:52:00,49,5,1168.85,0.0,40,Wallet,Cancelled
2064,474,132,2024-03-08,19:37:00,19,3,950.11,0.0,49,Net Banking,Delivered
2065,379,131,2025-09-15,20:10:00,40,5,472.96,0.0,49,Net Banking,Delivered
2066,421,53,2025-06-21,08:55:00,24,1,1271.22,63.56,0,Credit Card,Cancelled
2067,409,175,2024-04-21,13:07:00,55,6,1132.41,169.86,30,Wallet,Delivered
2068,561,225,2026-04-06,11:09:00,51,6,1445.71,144.57,40,Wallet,Delivered
2069,524,197,2024-05-17,08:41:00,46,1,1657.89,82.89,49,UPI,Delivered
2070,49,117,2025-08-23,12:14:00,45,2,1110.33,0.0,40,Net Banking,Delivered
2071,237,58,2024-10-08,21:42:00,34,5,1635.56,0.0,20,Wallet,Delivered
2072,46,108,2025-05-17,18:29:00,47,5,815.13,81.51,20,Credit Card,Delivered
2073,363,177,2025-04-01,08:51:00,46,4,516.69,0.0,20,Wallet,Cancelled
2074,103,83,2024-12-03,18:40:00,17,6,1538.18,0.0,40,Wallet,Delivered
2075,367,33,2025-10-21,10:33:00,45,5,1133.89,170.08,20,Net Banking,Delivered
2076,287,68,2024-02-15,17:23:00,47,5,471.52,0.0,30,UPI,Delivered
2077,495,244,2024-02-22,11:48:00,24,2,1762.67,352.53,30,UPI,Cancelled
2078,411,138,2025-03-30,11:20:00,55,4,1496.15,299.23,49,Net Banking,Delivered
2079,39,150,2025-10-16,22:56:00,43,5,869.97,0.0,20,Credit Card,Returned
2080,310,206,2026-03-07,16:22:00,42,5,610.43,30.52,40,Net Banking,Delivered
2081,26,235,2026-02-18,15:52:00,64,4,1339.06,66.95,30,UPI,Delivered
2082,443,56,2026-08-18,12:39:00,35,4,487.3,24.37,49,Wallet,Cancelled
2083,122,91,2025-08-19,23:23:00,43,6,1660.55,166.06,20,Wallet,Delivered
2084,240,27,2025-06-05,20:35:00,64,6,470.07,0.0,20,Net Banking,Delivered
2085,340,144,2025-01-12,17:41:00,25,2,500.75,0.0,0,Cash on Delivery,Returned
2086,382,18,2025-07-17,19:40:00,62,3,1023.07,102.31,40,Cash on Delivery,Delivered
2087,478,234,2024-07-31,17:18:00,65,4,1542.22,231.33,30,Cash on Delivery,Cancelled
2088,126,89,2026-01-30,19:34:00,33,6,258.32,38.75,40,Debit Card,Returned
2089,118,109,2024-03-06,22:00:00,36,1,1713.15,0.0,0,Net Banking,Returned
2090,97,104,2025-08-01,10:41:00,33,1,502.92,100.58,30,Debit Card,Returned
2091,492,99,2025-12-16,09:45:00,52,3,1493.06,0.0,40,Cash on Delivery,Delivered
2092,27,189,2024-05-11,12:34:00,40,3,1236.26,0.0,20,UPI,Cancelled
2093,435,247,2026-05-23,19:59:00,62,1,1086.23,162.93,49,Cash on Delivery,Returned
2094,192,30,2025-07-25,14:26:00,39,4,892.26,89.23,40,Cash on Delivery,Delivered
2095,446,244,2024-03-20,08:08:00,35,6,782.18,0.0,30,Credit Card,Delivered
2096,138,204,2026-05-19,12:08:00,58,6,1764.47,0.0,49,Net Banking,Delivered
2097,41,19,2026-07-10,14:46:00,43,4,1050.26,52.51,40,Debit Card,Delivered
2098,17,25,2025-04-30,22:39:00,19,3,371.53,0.0,30,Cash on Delivery,Delivered
2099,281,76,2024-01-28,13:13:00,30,3,225.28,0.0,40,Debit Card,Delivered
2100,315,36,2026-06-08,20:52:00,18,1,1043.3,0.0,40,Credit Card,Delivered
2101,224,18,2025-08-04,19:47:00,56,4,1621.29,243.19,30,Debit Card,Delivered
2102,162,164,2024-07-06,23:43:00,43,4,1549.36,0.0,0,Debit Card,Delivered
2103,47,7,2024-08-09,18:00:00,26,6,1466.66,0.0,0,Wallet,Returned
2104,214,213,2026-08-17,16:49:00,33,6,549.77,54.98,40,Cash on Delivery,Cancelled
2105,185,137,2026-07-21,15:36:00,15,3,907.62,0.0,20,UPI,Delivered
2106,370,71,2025-01-22,10:23:00,58,4,611.25,122.25,20,Credit Card,Delivered
2107,96,30,2024-09-23,22:33:00,48,4,1110.6,0.0,20,UPI,Cancelled
2108,9,75,2024-01-15,18:18:00,30,4,952.52,47.63,40,UPI,Delivered
2109,199,14,2025-12-16,19:32:00,18,1,287.84,43.18,49,Cash on Delivery,Cancelled
2110,88,80,2024-07-30,10:20:00,20,1,540.29,27.01,40,Net Banking,Delivered
2111,175,162,2024-04-16,08:31:00,50,1,1041.97,0.0,0,Net Banking,Returned
2112,416,162,2025-06-21,18:27:00,34,2,675.52,33.78,0,Cash on Delivery,Returned
2113,562,167,2026-05-07,08:09:00,42,5,1223.0,0.0,0,Debit Card,Delivered
2114,184,181,2026-01-30,14:00:00,40,1,208.69,0.0,0,Credit Card,Delivered
2115,443,224,2024-12-09,18:58:00,59,1,1254.47,250.89,20,Credit Card,Delivered
2116,98,25,2024-10-23,12:01:00,40,4,927.07,0.0,30,UPI,Delivered
2117,328,190,2025-08-25,12:01:00,21,4,833.02,0.0,20,Wallet,Delivered
2118,145,33,2024-05-18,12:17:00,17,1,1785.24,0.0,49,Credit Card,Cancelled
2119,181,13,2025-01-16,20:08:00,56,1,280.62,42.09,49,UPI,Delivered
2120,117,195,2024-07-31,16:34:00,34,2,495.69,0.0,20,Credit Card,Returned
2121,179,94,2024-07-04,20:07:00,65,2,385.98,57.9,49,Debit Card,Delivered
2122,422,174,2024-10-17,18:08:00,28,3,431.93,21.6,30,Debit Card,Delivered
2123,454,110,2026-03-23,08:11:00,31,5,980.16,49.01,20,Debit Card,Cancelled
2124,56,187,2026-04-09,19:15:00,42,4,1189.58,59.48,20,Debit Card,Returned
2125,587,141,2025-10-14,19:11:00,54,4,1515.03,0.0,40,UPI,Delivered
2126,182,99,2026-09-09,20:23:00,36,5,1543.07,0.0,40,Cash on Delivery,Cancelled
2127,379,202,2024-09-09,09:39:00,41,4,624.25,0.0,40,Debit Card,Cancelled
2128,256,104,2026-05-19,19:10:00,33,4,1426.12,0.0,40,Cash on Delivery,Returned
2129,326,171,2024-08-26,18:13:00,50,5,1293.89,194.08,40,Credit Card,Returned
2130,591,142,2026-06-28,18:47:00,30,2,606.59,90.99,40,Cash on Delivery,Delivered
2131,155,77,2024-04-15,18:30:00,20,2,1196.8,239.36,40,Credit Card,Returned
2132,561,239,2024-08-17,18:17:00,28,6,601.52,60.15,30,Net Banking,Returned
2133,440,64,2025-11-15,08:26:00,65,1,780.74,78.07,20,Debit Card,Delivered
2134,482,152,2025-10-16,15:39:00,53,5,1442.71,0.0,40,UPI,Delivered
2135,230,173,2026-08-27,10:06:00,40,5,1221.71,183.26,40,UPI,Delivered
2136,251,6,2025-05-24,14:30:00,23,4,219.0,32.85,20,UPI,Delivered
2137,281,138,2025-09-20,21:52:00,45,5,1638.44,0.0,49,Credit Card,Delivered
2138,282,147,2024-07-31,11:08:00,22,3,789.03,0.0,49,Debit Card,Delivered
2139,407,48,2024-11-27,16:53:00,24,6,1091.3,218.26,20,Cash on Delivery,Returned
2140,304,89,2026-02-07,20:13:00,27,5,302.93,0.0,49,Net Banking,Returned
2141,308,3,2024-08-08,20:52:00,51,3,969.45,145.42,0,Wallet,Delivered
2142,186,165,2025-02-27,20:45:00,33,5,893.08,89.31,40,Cash on Delivery,Returned
2143,27,106,2025-11-29,15:13:00,36,2,1128.14,0.0,0,Cash on Delivery,Delivered
2144,174,90,2026-03-15,08:07:00,40,6,534.79,53.48,30,Wallet,Delivered
2145,35,195,2026-02-11,10:12:00,29,2,577.25,0.0,20,Cash on Delivery,Returned
2146,430,214,2025-05-08,14:43:00,32,5,1454.87,0.0,0,Net Banking,Delivered
2147,272,23,2026-01-15,09:04:00,42,4,1128.83,0.0,0,Debit Card,Delivered
2148,94,27,2025-02-14,08:18:00,52,6,1313.43,197.01,0,UPI,Delivered
2149,320,168,2026-07-09,13:57:00,17,2,1009.79,201.96,40,Cash on Delivery,Delivered
2150,414,235,2025-07-11,09:47:00,19,5,1131.73,0.0,30,Credit Card,Delivered
2151,206,67,2025-05-28,18:19:00,50,3,1612.1,0.0,20,Debit Card,Cancelled
2152,77,109,2024-03-03,23:36:00,57,1,935.91,93.59,0,Credit Card,Delivered
2153,392,16,2024-03-22,18:50:00,45,1,1556.76,0.0,40,UPI,Cancelled
2154,139,201,2025-12-23,11:37:00,58,3,1676.05,335.21,0,Credit Card,Delivered
2155,476,172,2026-06-07,08:10:00,48,5,1469.05,0.0,30,UPI,Delivered
2156,136,216,2025-06-30,22:54:00,55,3,652.75,32.64,0,Net Banking,Cancelled
2157,447,122,2026-05-19,19:31:00,39,3,1565.11,0.0,49,UPI,Cancelled
2158,568,202,2026-09-14,10:02:00,55,4,626.8,0.0,40,UPI,Delivered
2159,294,44,2024-09-12,12:07:00,37,3,1593.32,0.0,20,UPI,Delivered
2160,224,85,2024-02-22,21:38:00,57,4,1742.56,0.0,40,UPI,Delivered
2161,562,65,2026-04-13,19:21:00,25,3,414.84,62.23,40,Wallet,Delivered
2162,77,1,2024-05-22,19:18:00,46,6,1478.66,221.8,40,Net Banking,Delivered
2163,283,134,2025-06-22,19:27:00,39,5,594.31,59.43,49,Credit Card,Delivered
2164,32,95,2024-04-18,18:27:00,43,3,1697.65,84.88,20,Debit Card,Delivered
2165,517,76,2026-06-26,12:54:00,26,4,1192.09,0.0,40,Credit Card,Delivered
2166,414,35,2026-02-17,19:25:00,38,1,555.1,111.02,0,Cash on Delivery,Delivered
2167,44,22,2024-10-28,16:07:00,29,1,1777.87,88.89,49,Wallet,Delivered
2168,185,67,2024-02-11,22:49:00,21,1,125.76,18.86,40,Cash on Delivery,Delivered
2169,61,173,2024-10-05,11:31:00,23,5,356.41,17.82,40,Credit Card,Cancelled
2170,514,185,2024-04-23,11:22:00,65,6,391.05,0.0,20,Net Banking,Cancelled
2171,186,45,2025-07-23,12:18:00,15,5,586.57,0.0,20,Net Banking,Cancelled
2172,367,156,2025-08-28,17:02:00,15,3,275.01,41.25,49,Debit Card,Delivered
2173,119,59,2025-01-16,11:45:00,22,2,703.01,0.0,30,Credit Card,Delivered
2174,454,238,2024-05-29,13:49:00,56,5,1114.64,222.93,0,Cash on Delivery,Delivered
2175,121,164,2025-12-18,19:31:00,50,1,1125.98,56.3,49,Credit Card,Delivered
2176,131,238,2025-07-07,08:54:00,19,1,1623.52,0.0,49,Debit Card,Returned
2177,338,63,2024-11-04,10:39:00,36,2,1441.56,144.16,0,Wallet,Delivered
2178,295,121,2025-07-23,21:51:00,44,3,1351.04,202.66,20,Net Banking,Delivered
2179,180,22,2025-10-18,15:01:00,39,2,1390.09,69.5,49,Wallet,Returned
2180,26,173,2024-08-20,22:35:00,52,1,1241.63,0.0,20,Wallet,Delivered
2181,456,65,2026-08-11,15:52:00,61,4,1121.72,0.0,30,Debit Card,Delivered
2182,331,246,2024-12-18,23:50:00,38,5,1081.24,162.19,0,Net Banking,Delivered
2183,192,148,2026-07-05,08:53:00,41,5,1740.78,174.08,0,Wallet,Delivered
2184,368,229,2024-06-05,21:00:00,39,1,1342.85,67.14,30,Cash on Delivery,Delivered
2185,247,60,2025-04-08,16:23:00,43,1,259.43,0.0,20,Cash on Delivery,Delivered
2186,96,238,2024-08-16,21:42:00,50,1,622.05,62.2,0,Credit Card,Delivered
2187,226,163,2024-01-21,16:12:00,45,6,789.43,78.94,20,Wallet,Delivered
2188,408,76,2024-10-02,17:29:00,64,4,1564.26,0.0,30,UPI,Delivered
2189,289,173,2024-07-07,15:47:00,24,3,412.5,0.0,49,UPI,Delivered
2190,281,21,2025-04-10,12:19:00,22,6,676.07,0.0,40,Net Banking,Delivered
2191,336,137,2024-12-12,18:29:00,33,5,1679.32,83.97,20,Cash on Delivery,Delivered
2192,388,4,2024-06-15,16:10:00,38,4,223.21,44.64,20,Credit Card,Returned
2193,148,159,2026-03-24,18:43:00,53,3,722.85,0.0,0,Debit Card,Returned
2194,551,236,2026-04-09,12:33:00,39,2,197.43,0.0,20,Net Banking,Delivered
2195,402,48,2026-07-15,10:28:00,25,1,935.43,0.0,49,Credit Card,Cancelled
2196,28,78,2024-03-30,21:29:00,49,2,1640.69,0.0,20,Net Banking,Cancelled
2197,416,98,2025-09-10,14:30:00,15,4,491.77,0.0,30,UPI,Cancelled
2198,125,215,2024-08-24,13:32:00,17,3,1013.15,202.63,30,UPI,Cancelled
2199,155,12,2025-03-04,11:42:00,52,1,298.49,0.0,20,Credit Card,Delivered
2200,232,126,2025-09-10,23:05:00,53,1,123.46,18.52,0,Credit Card,Returned
2201,596,166,2024-12-15,21:06:00,39,2,429.47,0.0,40,Wallet,Returned
2202,288,180,2025-05-19,10:32:00,62,3,714.55,71.45,30,UPI,Returned
2203,461,149,2025-09-28,12:14:00,15,3,1453.79,0.0,20,Credit Card,Returned
2204,240,22,2026-09-12,20:41:00,55,4,901.99,180.4,49,UPI,Delivered
2205,340,97,2024-10-23,22:46:00,33,2,865.82,173.16,0,Net Banking,Delivered
2206,362,51,2025-11-24,11:58:00,20,6,878.28,43.91,40,Cash on Delivery,Returned
2207,439,88,2024-02-29,19:11:00,57,4,1208.81,241.76,40,UPI,Cancelled
2208,28,201,2025-08-12,13:35:00,20,6,1208.65,60.43,49,UPI,Delivered
2209,76,205,2026-01-08,09:09:00,23,2,236.34,0.0,40,Cash on Delivery,Returned
2210,561,175,2026-08-07,22:01:00,39,6,1507.52,226.13,40,Credit Card,Delivered
2211,252,35,2024-06-03,14:43:00,46,1,1025.77,102.58,20,UPI,Cancelled
2212,388,210,2025-10-13,17:41:00,47,3,815.66,40.78,0,UPI,Delivered
2213,156,156,2024-11-15,14:01:00,17,1,1697.45,0.0,40,Debit Card,Cancelled
2214,584,193,2025-07-04,12:55:00,30,6,1291.45,0.0,20,Debit Card,Delivered
2215,353,154,2025-11-05,20:24:00,54,2,333.04,16.65,49,Wallet,Delivered
2216,106,126,2025-11-05,14:51:00,58,4,813.39,81.34,0,Debit Card,Cancelled
2217,537,36,2024-02-12,11:06:00,64,3,1241.06,0.0,40,Debit Card,Cancelled
2218,439,101,2024-10-26,13:27:00,43,2,1584.13,0.0,0,Credit Card,Delivered
2219,188,72,2024-11-19,19:14:00,30,4,1716.31,0.0,40,Debit Card,Delivered
2220,481,106,2024-09-23,22:32:00,33,5,835.45,0.0,30,Net Banking,Delivered
2221,377,213,2024-05-03,08:19:00,41,6,351.99,0.0,40,Net Banking,Cancelled
2222,582,108,2024-11-30,20:34:00,36,1,360.23,54.03,0,Cash on Delivery,Cancelled
2223,459,225,2025-03-03,23:11:00,53,2,1362.69,204.4,0,Net Banking,Delivered
2224,599,200,2024-08-08,16:43:00,32,2,242.55,24.26,0,Debit Card,Delivered
2225,381,231,2024-01-05,13:09:00,65,2,611.75,30.59,40,Net Banking,Returned
2226,7,74,2026-07-21,19:31:00,61,5,898.92,0.0,30,UPI,Delivered
2227,299,179,2025-11-02,09:29:00,16,2,506.7,50.67,49,Credit Card,Delivered
2228,300,116,2025-07-22,12:49:00,30,2,867.11,130.07,20,Wallet,Delivered
2229,582,179,2025-12-21,16:20:00,19,6,1669.85,83.49,40,Wallet,Delivered
2230,13,102,2024-07-20,21:40:00,29,6,356.25,71.25,49,Cash on Delivery,Cancelled
2231,5,29,2024-03-09,12:56:00,65,2,165.47,33.09,0,Wallet,Returned
2232,531,75,2025-05-30,16:08:00,39,3,1419.03,283.81,49,Credit Card,Cancelled
2233,218,109,2026-05-19,22:43:00,51,4,158.54,31.71,49,Credit Card,Returned
2234,554,155,2025-02-19,23:46:00,62,6,264.13,0.0,40,UPI,Delivered
2235,260,156,2026-07-28,17:57:00,42,5,343.58,34.36,30,Cash on Delivery,Delivered
2236,582,184,2026-05-03,09:07:00,27,2,559.41,0.0,0,Net Banking,Cancelled
2237,384,13,2026-04-24,08:04:00,21,3,610.18,0.0,40,Debit Card,Delivered
2238,62,139,2026-06-17,09:13:00,48,6,976.08,146.41,0,Debit Card,Delivered
2239,70,16,2024-10-15,09:17:00,30,1,705.6,35.28,49,Debit Card,Delivered
2240,219,214,2024-12-04,14:33:00,55,6,293.09,29.31,20,Cash on Delivery,Delivered
2241,470,82,2024-12-26,09:12:00,17,5,1193.79,0.0,40,Net Banking,Delivered
2242,391,73,2025-04-03,11:31:00,43,5,560.6,0.0,49,UPI,Cancelled
2243,474,203,2026-07-22,11:25:00,53,5,1285.78,192.87,20,Cash on Delivery,Returned
2244,106,112,2024-04-05,11:23:00,48,4,832.81,166.56,49,Cash on Delivery,Delivered
2245,88,146,2025-08-07,23:52:00,39,4,718.5,107.77,49,Credit Card,Returned
2246,204,41,2025-02-27,10:30:00,17,6,659.02,0.0,30,Net Banking,Cancelled
2247,384,49,2024-09-18,19:41:00,49,1,1107.94,55.4,30,Cash on Delivery,Returned
2248,154,140,2025-01-13,15:23:00,30,2,1091.88,109.19,49,Credit Card,Delivered
2249,164,100,2025-02-13,12:06:00,44,6,929.72,92.97,0,UPI,Returned
2250,339,139,2026-04-13,16:59:00,42,4,1040.73,104.07,20,UPI,Cancelled
2251,7,39,2026-03-18,18:13:00,25,4,420.33,84.07,40,Cash on Delivery,Delivered
2252,574,208,2025-10-24,15:16:00,35,1,1191.79,238.36,0,Credit Card,Delivered
2253,129,224,2025-06-14,19:19:00,42,1,1746.71,0.0,49,Cash on Delivery,Cancelled
2254,8,138,2026-07-27,23:08:00,61,1,1193.37,238.67,20,Net Banking,Returned
2255,171,244,2025-05-10,23:30:00,44,6,1716.21,0.0,0,Net Banking,Delivered
2256,144,82,2024-05-11,23:41:00,47,4,453.34,90.67,49,UPI,Delivered
2257,454,233,2024-03-25,12:04:00,18,2,1323.43,0.0,20,Credit Card,Delivered
2258,298,126,2024-08-09,09:22:00,62,6,932.16,186.43,40,Cash on Delivery,Delivered
2259,438,240,2024-05-03,23:06:00,39,3,1312.42,65.62,30,Cash on Delivery,Delivered
2260,467,105,2024-10-30,09:38:00,54,6,1264.52,126.45,20,Credit Card,Delivered
2261,273,5,2024-01-18,19:09:00,25,3,1707.56,256.13,40,Wallet,Returned
2262,374,51,2026-03-10,22:39:00,27,6,426.26,85.25,0,Net Banking,Delivered
2263,265,63,2025-09-30,08:29:00,16,3,1284.71,64.24,20,Cash on Delivery,Delivered
2264,117,86,2025-05-19,11:05:00,36,1,1371.97,0.0,0,UPI,Delivered
2265,156,108,2024-01-10,08:32:00,17,2,794.23,79.42,49,Wallet,Cancelled
2266,268,217,2025-04-24,18:38:00,44,5,1663.1,0.0,20,Debit Card,Delivered
2267,520,129,2025-12-31,14:22:00,46,1,1128.21,0.0,30,Net Banking,Delivered
2268,484,146,2024-04-03,16:24:00,30,6,969.0,48.45,40,Debit Card,Returned
2269,246,208,2024-06-08,08:56:00,28,1,1703.25,85.16,20,Wallet,Delivered
2270,434,94,2024-05-29,12:19:00,40,5,679.56,135.91,49,Credit Card,Returned
2271,511,172,2024-05-11,17:00:00,17,1,1277.87,191.68,20,UPI,Delivered
2272,401,171,2024-02-20,10:19:00,57,6,753.34,0.0,30,UPI,Delivered
2273,25,144,2026-02-23,18:17:00,28,2,952.45,0.0,40,Wallet,Cancelled
2274,59,226,2025-10-22,14:15:00,35,4,1539.63,0.0,40,Net Banking,Returned
2275,206,208,2024-01-14,10:58:00,18,1,1333.6,133.36,0,Net Banking,Delivered
2276,241,17,2025-07-20,22:33:00,22,6,125.97,0.0,49,UPI,Cancelled
2277,540,165,2026-08-29,15:21:00,59,3,228.31,22.83,49,Credit Card,Delivered
2278,52,160,2026-01-27,15:03:00,31,6,490.65,24.53,40,Cash on Delivery,Delivered
2279,249,198,2025-03-03,20:10:00,49,6,161.55,32.31,0,Credit Card,Cancelled
2280,440,134,2024-03-09,19:54:00,63,5,629.21,31.46,30,Cash on Delivery,Delivered
2281,356,234,2026-01-05,15:04:00,20,1,1765.52,264.83,49,Credit Card,Returned
2282,251,3,2026-06-01,21:31:00,27,5,872.41,87.24,30,Credit Card,Delivered
2283,572,150,2024-05-07,17:08:00,57,4,1138.76,56.94,40,Wallet,Delivered
2284,30,194,2026-01-15,11:25:00,46,4,924.61,184.92,0,Net Banking,Delivered
2285,491,102,2026-06-09,12:42:00,48,5,1481.63,0.0,40,Credit Card,Delivered
2286,558,135,2026-07-16,19:01:00,20,6,1219.96,243.99,20,Cash on Delivery,Delivered
2287,177,152,2024-06-11,13:27:00,42,4,865.67,173.13,49,UPI,Delivered
2288,200,115,2025-10-21,20:05:00,40,3,403.93,40.39,49,Wallet,Returned
2289,551,248,2025-09-15,08:29:00,33,5,1100.67,220.13,30,Net Banking,Delivered
2290,109,35,2024-11-27,18:39:00,45,4,900.95,45.05,30,Net Banking,Delivered
2291,390,76,2024-01-26,14:58:00,50,3,1732.11,173.21,0,Debit Card,Delivered
2292,75,236,2025-12-28,17:07:00,64,4,303.73,60.75,40,Debit Card,Delivered
2293,565,150,2024-07-11,10:52:00,23,5,1728.21,345.64,30,Cash on Delivery,Delivered
2294,96,137,2025-06-29,22:05:00,56,1,1533.74,0.0,49,Cash on Delivery,Delivered
2295,58,224,2025-10-29,19:49:00,17,1,1326.91,0.0,30,Debit Card,Delivered
2296,186,134,2026-08-28,22:35:00,46,3,1194.28,0.0,20,Wallet,Delivered
2297,145,151,2024-07-19,08:07:00,21,6,1593.68,0.0,0,UPI,Returned
2298,520,101,2026-05-05,09:31:00,32,2,1080.32,0.0,40,Wallet,Returned
2299,353,39,2024-07-04,13:14:00,27,4,1135.94,227.19,0,Wallet,Delivered
2300,17,99,2024-06-21,09:00:00,65,4,1193.42,0.0,20,Debit Card,Cancelled
2301,395,167,2025-12-28,21:08:00,31,6,1472.28,73.61,30,Credit Card,Delivered
2302,296,7,2025-12-15,18:31:00,65,6,274.6,41.19,30,Debit Card,Delivered
2303,377,231,2025-02-21,23:16:00,18,6,759.12,37.96,20,Debit Card,Returned
2304,312,65,2026-08-20,19:14:00,31,3,1337.25,0.0,40,Wallet,Delivered
2305,563,250,2025-07-03,21:22:00,47,2,1239.31,247.86,30,Net Banking,Cancelled
2306,304,144,2026-01-29,15:42:00,37,6,1039.01,51.95,20,Cash on Delivery,Delivered
2307,222,112,2025-02-05,17:33:00,35,2,379.15,75.83,40,Cash on Delivery,Delivered
2308,538,121,2024-01-05,17:15:00,25,6,806.3,161.26,49,Net Banking,Cancelled
2309,258,77,2024-09-06,21:38:00,59,3,1575.75,0.0,30,UPI,Returned
2310,313,82,2026-03-29,09:23:00,61,1,1121.08,112.11,30,Cash on Delivery,Delivered
2311,170,188,2026-04-22,08:03:00,44,2,591.01,118.2,49,Credit Card,Delivered
2312,47,179,2025-04-23,22:14:00,62,4,1643.74,328.75,49,Debit Card,Delivered
2313,354,171,2025-10-05,08:15:00,50,1,226.57,0.0,30,Net Banking,Delivered
2314,113,91,2024-02-09,12:44:00,59,6,128.17,0.0,0,Wallet,Cancelled
2315,576,25,2024-11-15,14:21:00,29,1,353.97,17.7,49,Debit Card,Returned
2316,239,212,2024-08-17,23:39:00,63,3,435.99,87.2,0,UPI,Cancelled
2317,245,169,2024-12-27,08:17:00,25,4,721.39,36.07,30,Credit Card,Delivered
2318,445,216,2025-11-22,20:57:00,26,6,697.83,104.67,0,Net Banking,Delivered
2319,508,58,2025-06-25,14:35:00,60,6,708.16,0.0,30,UPI,Delivered
2320,442,11,2026-03-28,10:37:00,29,3,277.53,13.88,30,Debit Card,Delivered
2321,321,194,2025-12-01,15:44:00,44,6,172.5,34.5,40,Credit Card,Delivered
2322,191,140,2026-05-15,11:26:00,44,2,535.72,0.0,40,UPI,Cancelled
2323,89,171,2024-11-21,23:23:00,42,6,1332.81,266.56,20,Cash on Delivery,Delivered
2324,104,45,2026-02-10,21:01:00,47,3,1003.21,100.32,40,Cash on Delivery,Cancelled
2325,15,151,2025-09-28,09:27:00,51,2,260.84,52.17,40,Credit Card,Delivered
2326,241,237,2025-09-25,18:04:00,42,6,950.04,0.0,30,Debit Card,Delivered
2327,338,185,2025-09-22,12:58:00,23,6,1302.55,65.13,40,Credit Card,Returned
2328,103,243,2024-06-26,14:17:00,65,2,1510.68,151.07,49,Net Banking,Delivered
2329,316,129,2024-12-18,10:42:00,33,6,375.79,0.0,30,Net Banking,Cancelled
2330,411,77,2025-01-10,09:54:00,58,2,1049.0,209.8,20,UPI,Cancelled
2331,262,34,2025-04-27,19:49:00,38,4,756.04,0.0,49,Net Banking,Delivered
2332,113,184,2024-12-05,17:37:00,16,6,599.2,0.0,20,UPI,Delivered
2333,208,166,2024-11-02,15:27:00,54,3,498.04,99.61,0,UPI,Returned
2334,161,171,2025-08-22,23:30:00,22,6,1199.43,0.0,0,Cash on Delivery,Cancelled
2335,599,30,2026-08-29,22:38:00,23,4,1637.46,0.0,0,Cash on Delivery,Cancelled
2336,166,131,2024-04-24,21:09:00,58,5,260.08,0.0,49,Cash on Delivery,Cancelled
2337,160,41,2024-04-10,15:25:00,51,1,1441.9,72.1,20,Wallet,Delivered
2338,446,200,2025-05-10,11:49:00,16,3,350.01,35.0,40,Cash on Delivery,Delivered
2339,453,165,2024-10-26,19:54:00,53,6,1159.5,173.92,0,Debit Card,Cancelled
2340,58,66,2024-10-07,18:03:00,15,2,129.88,25.98,40,Wallet,Delivered
2341,250,144,2025-05-21,09:56:00,28,6,1699.42,254.91,30,UPI,Cancelled
2342,324,129,2025-02-13,22:48:00,40,1,519.4,103.88,0,Debit Card,Delivered
2343,211,70,2025-02-21,22:43:00,37,3,1170.73,117.07,20,Credit Card,Delivered
2344,555,130,2024-04-08,09:04:00,30,5,1237.25,61.86,20,UPI,Delivered
2345,322,26,2024-09-06,15:17:00,39,1,288.92,0.0,20,Credit Card,Delivered
2346,101,61,2025-07-02,13:23:00,65,2,412.01,82.4,49,Wallet,Cancelled
2347,79,226,2026-02-09,20:33:00,22,6,1429.96,71.5,20,Cash on Delivery,Delivered
2348,244,138,2025-08-01,10:41:00,59,4,1783.8,267.57,40,Net Banking,Delivered
2349,478,192,2025-06-06,17:41:00,46,4,930.0,0.0,0,UPI,Delivered
2350,133,21,2024-09-20,11:49:00,18,4,1654.39,82.72,0,Cash on Delivery,Cancelled
2351,276,144,2025-01-08,08:50:00,56,6,1015.66,101.57,30,UPI,Cancelled
2352,222,118,2024-01-07,19:05:00,63,1,1602.02,160.2,0,Net Banking,Delivered
2353,312,93,2024-09-22,19:26:00,53,4,358.17,17.91,30,Debit Card,Delivered
2354,118,154,2024-07-09,22:27:00,46,1,517.03,25.85,0,Wallet,Returned
2355,514,129,2025-03-01,12:54:00,42,2,1102.22,55.11,0,Credit Card,Returned
2356,412,196,2026-04-29,20:59:00,64,4,1033.76,0.0,30,Debit Card,Delivered
2357,213,118,2024-04-10,14:34:00,48,4,1375.7,275.14,0,Credit Card,Returned
2358,144,56,2025-12-04,17:42:00,39,1,627.24,125.45,40,Cash on Delivery,Cancelled
2359,507,109,2024-07-28,14:00:00,33,6,305.56,61.11,40,Cash on Delivery,Delivered
2360,306,45,2025-10-03,11:23:00,26,3,979.08,0.0,49,Cash on Delivery,Delivered
2361,432,54,2026-06-27,21:16:00,45,1,1534.09,76.7,30,Cash on Delivery,Delivered
2362,579,100,2025-08-30,23:59:00,16,2,754.04,75.4,20,UPI,Delivered
2363,285,139,2024-08-13,23:43:00,53,6,502.77,75.42,20,Wallet,Delivered
2364,353,148,2024-07-04,12:49:00,60,5,310.87,46.63,20,Cash on Delivery,Delivered
2365,393,85,2025-09-04,15:17:00,19,1,1645.18,0.0,40,Wallet,Returned
2366,149,149,2024-04-06,10:34:00,43,2,335.51,0.0,30,Cash on Delivery,Delivered
2367,532,50,2024-01-21,10:34:00,22,4,1290.16,258.03,40,Wallet,Delivered
2368,492,86,2025-11-24,22:33:00,54,6,1447.3,217.09,49,Wallet,Delivered
2369,591,123,2026-07-04,17:37:00,54,4,1168.79,0.0,30,Credit Card,Cancelled
2370,110,126,2024-05-07,11:17:00,49,4,1448.09,72.4,30,Net Banking,Returned
2371,98,142,2025-09-26,11:57:00,15,4,249.31,0.0,30,Cash on Delivery,Cancelled
2372,97,105,2024-07-23,11:10:00,53,4,1768.2,0.0,30,Cash on Delivery,Cancelled
2373,425,27,2025-03-04,17:38:00,41,2,939.85,93.99,49,UPI,Delivered
2374,588,215,2026-07-02,14:33:00,59,6,1111.16,111.12,49,UPI,Delivered
2375,544,243,2024-06-19,09:07:00,63,2,1200.24,0.0,40,UPI,Delivered
2376,506,90,2024-07-12,13:07:00,39,2,1468.16,220.22,20,Cash on Delivery,Delivered
2377,248,20,2025-04-26,18:17:00,52,1,1387.25,0.0,30,Wallet,Delivered
2378,58,63,2025-05-02,13:38:00,37,6,617.03,61.7,30,Net Banking,Cancelled
2379,350,178,2025-03-07,15:43:00,53,5,1040.91,208.18,0,Credit Card,Delivered
2380,286,188,2024-08-11,12:09:00,35,3,297.81,59.56,30,UPI,Delivered
2381,189,83,2025-07-25,10:40:00,62,3,1517.88,303.58,40,Credit Card,Delivered
2382,187,181,2024-07-11,20:51:00,17,1,1289.64,64.48,20,Net Banking,Delivered
2383,268,92,2024-09-21,11:52:00,28,6,1417.9,0.0,30,Credit Card,Delivered
2384,322,100,2024-08-10,09:38:00,30,1,1623.19,324.64,40,Net Banking,Delivered
2385,534,170,2026-01-24,18:49:00,54,1,1213.03,60.65,30,Debit Card,Delivered
2386,552,119,2024-05-18,16:58:00,61,1,1064.84,159.73,49,Net Banking,Cancelled
2387,111,118,2025-05-10,14:21:00,56,1,823.14,82.31,0,UPI,Cancelled
2388,221,247,2025-09-28,23:12:00,42,4,168.36,25.25,20,UPI,Delivered
2389,232,181,2024-10-27,08:45:00,26,3,342.77,0.0,20,Wallet,Delivered
2390,97,177,2025-09-23,15:51:00,18,4,1251.83,0.0,20,Wallet,Cancelled
2391,445,81,2024-11-11,08:06:00,49,1,1210.01,0.0,30,Debit Card,Cancelled
2392,304,195,2026-09-22,16:09:00,57,6,171.77,25.77,30,Credit Card,Delivered
2393,8,179,2025-09-07,17:28:00,41,3,1298.61,0.0,0,Wallet,Returned
2394,528,110,2025-11-04,10:21:00,41,3,133.55,26.71,49,Debit Card,Delivered
2395,317,127,2024-12-25,14:39:00,49,5,1307.22,0.0,40,UPI,Delivered
2396,319,213,2025-10-13,12:19:00,35,1,1269.75,126.98,0,Net Banking,Cancelled
2397,395,221,2024-03-18,10:01:00,56,2,654.75,0.0,49,Debit Card,Cancelled
2398,592,152,2024-06-28,09:40:00,26,2,926.88,139.03,40,Cash on Delivery,Delivered
2399,434,154,2024-06-26,13:36:00,37,2,509.28,25.46,0,Net Banking,Delivered
2400,96,214,2024-03-07,14:38:00,58,1,1524.1,304.82,20,Debit Card,Cancelled
2401,288,168,2025-10-08,12:18:00,15,4,833.39,0.0,49,Wallet,Cancelled
2402,277,105,2024-07-14,14:51:00,34,6,989.22,98.92,20,Credit Card,Delivered
2403,214,121,2025-01-14,11:47:00,48,4,852.78,85.28,30,Wallet,Delivered
2404,520,112,2026-03-05,19:51:00,33,2,597.59,89.64,49,Credit Card,Delivered
2405,137,142,2024-12-03,18:01:00,43,3,463.06,92.61,0,Net Banking,Delivered
2406,168,250,2026-02-16,19:38:00,32,4,1537.13,307.43,0,Credit Card,Delivered
2407,438,207,2026-07-15,21:18:00,35,2,662.16,0.0,40,Cash on Delivery,Delivered
2408,46,67,2025-04-13,11:51:00,50,5,458.37,0.0,49,Net Banking,Delivered
2409,281,35,2025-07-17,22:13:00,32,3,1362.48,136.25,40,Wallet,Delivered
2410,529,247,2025-03-20,21:28:00,52,5,1146.97,0.0,40,UPI,Delivered
2411,110,118,2025-12-18,08:55:00,42,5,206.5,41.3,30,Net Banking,Delivered
2412,85,21,2024-01-27,14:51:00,48,3,1457.48,218.62,40,UPI,Delivered
2413,402,123,2026-04-29,19:26:00,42,6,667.33,100.1,30,UPI,Delivered
2414,518,109,2026-08-24,08:43:00,21,4,945.54,0.0,30,Net Banking,Returned
2415,186,53,2024-10-17,14:23:00,54,6,1772.08,177.21,49,Debit Card,Delivered
2416,285,83,2026-02-16,08:41:00,36,4,806.33,120.95,49,Credit Card,Delivered
2417,352,80,2024-02-16,12:52:00,60,6,1634.02,0.0,49,Cash on Delivery,Delivered
2418,483,213,2025-12-20,13:57:00,36,4,328.94,0.0,20,Debit Card,Delivered
2419,247,138,2024-11-27,23:27:00,62,2,1389.36,277.87,30,Net Banking,Delivered
2420,422,195,2026-02-13,15:33:00,56,3,1082.59,216.52,40,Net Banking,Delivered
2421,395,51,2024-11-26,19:14:00,16,6,1531.03,0.0,0,Credit Card,Delivered
2422,563,148,2025-01-21,18:05:00,54,6,470.11,94.02,30,Wallet,Delivered
2423,378,38,2026-07-17,23:29:00,37,5,751.76,37.59,0,Credit Card,Delivered
2424,336,107,2024-05-30,09:12:00,62,4,482.26,0.0,30,Credit Card,Returned
2425,265,104,2025-06-04,20:47:00,62,6,530.94,0.0,49,UPI,Returned
2426,155,51,2024-08-15,19:28:00,58,4,269.15,40.37,0,Cash on Delivery,Cancelled
2427,128,227,2025-04-02,17:17:00,37,4,895.41,44.77,20,Wallet,Delivered
2428,140,100,2024-09-07,20:28:00,49,3,1290.32,129.03,49,Net Banking,Delivered
2429,501,209,2025-05-22,16:50:00,46,3,1150.3,172.54,30,Wallet,Cancelled
2430,293,215,2025-05-29,18:08:00,52,3,1545.38,77.27,40,Debit Card,Delivered
2431,246,122,2025-02-02,22:26:00,50,4,592.74,0.0,20,UPI,Delivered
2432,432,120,2024-12-29,10:19:00,53,4,709.23,0.0,0,UPI,Delivered
2433,483,197,2024-07-31,14:03:00,54,5,217.76,0.0,0,Net Banking,Delivered
2434,35,204,2025-02-22,19:25:00,37,6,970.48,0.0,30,Wallet,Delivered
2435,352,63,2025-06-21,18:41:00,57,4,733.97,0.0,20,Credit Card,Returned
2436,134,242,2025-02-25,21:02:00,55,6,1657.91,248.69,0,UPI,Delivered
2437,478,8,2026-05-25,10:04:00,18,6,532.46,0.0,49,Wallet,Delivered
2438,432,20,2024-03-21,20:53:00,35,1,265.76,0.0,30,Net Banking,Cancelled
2439,459,202,2026-08-09,16:25:00,42,1,644.09,0.0,40,Cash on Delivery,Delivered
2440,96,131,2025-10-20,21:32:00,46,6,120.1,18.01,40,Wallet,Delivered
2441,422,103,2025-11-18,20:35:00,24,6,1151.7,172.75,30,Wallet,Cancelled
2442,378,104,2024-12-17,19:01:00,48,6,1159.62,0.0,20,Wallet,Cancelled
2443,238,1,2026-01-17,13:36:00,60,2,953.92,0.0,0,Debit Card,Delivered
2444,493,175,2024-09-04,21:11:00,24,1,545.67,0.0,0,Credit Card,Delivered
2445,545,100,2025-01-20,09:19:00,46,3,877.79,0.0,20,Net Banking,Delivered
2446,93,65,2025-04-09,18:10:00,31,4,622.71,0.0,20,UPI,Cancelled
2447,336,156,2024-09-25,17:06:00,16,6,1587.92,0.0,20,Net Banking,Delivered
2448,232,215,2024-12-31,10:34:00,62,6,1295.46,259.09,40,Cash on Delivery,Delivered
2449,509,123,2024-11-05,11:13:00,20,2,1663.37,0.0,49,Wallet,Cancelled
2450,9,37,2024-12-29,19:12:00,32,4,1417.71,141.77,0,Debit Card,Cancelled
2451,540,199,2025-07-04,19:40:00,25,6,319.8,31.98,49,Debit Card,Delivered
2452,60,208,2025-08-14,17:45:00,58,1,1660.01,166.0,40,Debit Card,Delivered
2453,532,215,2026-06-27,11:24:00,44,3,1393.27,0.0,20,Net Banking,Cancelled
2454,100,151,2024-08-13,17:34:00,63,5,274.06,41.11,0,Wallet,Delivered
2455,201,246,2025-06-29,10:52:00,31,4,437.65,0.0,49,Credit Card,Delivered
2456,161,27,2025-12-06,19:36:00,44,6,1533.19,306.64,0,Net Banking,Returned
2457,105,45,2024-03-05,18:09:00,45,2,615.92,0.0,30,Wallet,Delivered
2458,91,51,2024-09-12,10:21:00,56,3,728.9,145.78,0,UPI,Delivered
2459,229,10,2024-07-13,09:51:00,34,3,137.24,6.86,49,UPI,Returned
2460,103,229,2024-02-18,21:23:00,54,5,629.17,125.83,30,Debit Card,Delivered
2461,417,190,2026-05-09,21:15:00,62,3,666.9,0.0,0,Net Banking,Returned
2462,189,153,2025-08-28,11:09:00,41,5,1560.91,156.09,30,Debit Card,Cancelled
2463,57,107,2024-11-10,10:59:00,54,6,1470.2,0.0,40,UPI,Returned
2464,392,165,2025-01-24,10:01:00,18,6,1340.87,201.13,20,Credit Card,Returned
2465,257,35,2026-03-30,11:25:00,49,2,821.24,82.12,20,Credit Card,Returned
2466,86,163,2026-04-10,23:22:00,55,4,406.44,81.29,40,Net Banking,Delivered
2467,391,245,2024-05-29,08:33:00,27,6,575.26,57.53,0,Wallet,Delivered
2468,12,89,2025-08-05,15:08:00,57,6,1184.03,177.6,30,Cash on Delivery,Cancelled
2469,136,142,2025-10-04,22:03:00,60,2,385.27,0.0,0,Wallet,Returned
2470,475,234,2026-05-15,16:35:00,36,5,948.82,0.0,30,Credit Card,Delivered
2471,475,241,2024-05-05,12:39:00,37,1,616.01,0.0,0,Debit Card,Returned
2472,525,227,2026-08-05,08:45:00,24,6,1712.18,85.61,0,Cash on Delivery,Delivered
2473,295,142,2024-01-30,13:50:00,26,3,141.49,28.3,30,Debit Card,Delivered
2474,270,116,2026-09-04,20:44:00,53,3,189.99,19.0,0,Debit Card,Delivered
2475,515,249,2026-01-16,18:27:00,40,6,556.1,0.0,0,Cash on Delivery,Delivered
2476,363,111,2026-04-04,12:14:00,47,5,946.79,94.68,49,Cash on Delivery,Returned
2477,391,89,2025-03-11,15:04:00,28,4,1227.12,0.0,40,Wallet,Cancelled
2478,142,216,2025-08-28,08:56:00,20,1,1462.93,292.59,20,Net Banking,Delivered
2479,10,237,2024-10-13,23:53:00,52,3,1237.89,61.89,0,Net Banking,Delivered
2480,16,55,2025-06-05,08:13:00,36,1,1396.68,209.5,30,Net Banking,Delivered
2481,331,187,2024-09-08,13:45:00,51,3,637.51,63.75,0,Debit Card,Delivered
2482,577,188,2024-02-18,19:14:00,34,4,335.28,0.0,49,Debit Card,Delivered
2483,419,122,2024-08-08,09:52:00,51,3,1344.24,0.0,40,Cash on Delivery,Delivered
2484,570,66,2026-06-04,20:52:00,55,5,1377.0,68.85,30,Cash on Delivery,Returned
2485,153,152,2026-07-01,13:23:00,64,6,1697.96,169.8,20,Credit Card,Delivered
2486,169,184,2025-07-03,08:48:00,63,1,1005.26,0.0,20,Debit Card,Cancelled
2487,43,112,2026-07-08,18:27:00,49,6,620.68,124.14,40,Cash on Delivery,Delivered
2488,508,129,2024-01-19,20:17:00,35,5,487.6,0.0,30,Net Banking,Delivered
2489,589,122,2024-12-08,12:05:00,29,3,1188.78,0.0,40,Debit Card,Delivered
2490,338,154,2025-10-05,13:59:00,47,6,1166.06,0.0,49,Wallet,Delivered
2491,284,23,2026-09-17,10:45:00,55,3,1750.83,87.54,20,Cash on Delivery,Delivered
2492,331,195,2024-05-03,11:50:00,54,5,948.27,0.0,30,Credit Card,Delivered
2493,417,92,2026-03-17,18:04:00,64,3,1428.13,71.41,30,UPI,Delivered
2494,413,113,2025-06-26,21:15:00,61,1,1654.71,0.0,49,Credit Card,Delivered
2495,517,210,2024-07-07,09:53:00,22,4,1437.6,287.52,0,UPI,Returned
2496,336,148,2025-05-01,12:11:00,32,2,332.1,0.0,49,Wallet,Cancelled
2497,313,198,2025-11-09,13:30:00,39,4,1049.54,104.95,49,Debit Card,Delivered
2498,51,245,2024-03-25,09:17:00,15,2,450.18,0.0,49,UPI,Delivered
2499,342,223,2024-08-12,22:47:00,30,3,1454.86,145.49,40,Cash on Delivery,Returned
2500,498,27,2026-08-08,19:20:00,31,3,820.27,0.0,30,Credit Card,Delivered
2501,158,229,2025-02-06,09:39:00,42,4,1557.73,233.66,40,Wallet,Returned
2502,142,127,2024-05-19,09:40:00,36,6,466.43,69.96,30,Net Banking,Delivered
2503,65,28,2025-09-05,12:45:00,48,3,806.73,121.01,20,Net Banking,Delivered
2504,44,44,2024-03-28,19:20:00,61,6,1528.56,0.0,49,Credit Card,Delivered
2505,510,117,2024-12-14,18:35:00,23,1,1655.83,82.79,20,Cash on Delivery,Delivered
2506,223,242,2025-09-13,19:25:00,45,6,980.16,0.0,40,UPI,Delivered
2507,575,157,2026-03-06,08:53:00,45,3,258.07,51.61,49,Wallet,Delivered
2508,103,156,2025-05-31,10:29:00,45,3,742.15,0.0,49,Wallet,Returned
2509,284,77,2024-04-08,17:38:00,64,2,689.61,103.44,0,Cash on Delivery,Delivered
2510,555,46,2025-06-16,15:33:00,64,6,685.06,68.51,40,Debit Card,Delivered
2511,456,112,2024-12-24,20:49:00,35,5,1628.46,81.42,0,Debit Card,Delivered
2512,311,186,2025-09-19,16:41:00,65,6,473.21,94.64,30,Credit Card,Delivered
2513,550,121,2025-11-04,23:06:00,36,4,1465.18,0.0,20,Wallet,Delivered
2514,597,69,2026-02-25,09:31:00,40,6,524.86,104.97,0,Debit Card,Cancelled
2515,369,152,2025-04-19,22:07:00,18,6,200.2,0.0,30,Wallet,Delivered
2516,474,117,2026-05-29,15:49:00,33,5,1734.38,0.0,0,Wallet,Delivered
2517,550,124,2024-05-16,13:22:00,38,4,1736.03,0.0,40,Debit Card,Delivered
2518,229,88,2024-10-03,23:19:00,21,4,1017.06,152.56,30,Cash on Delivery,Cancelled
2519,322,39,2024-08-31,12:34:00,38,3,707.19,0.0,49,Debit Card,Delivered
2520,309,214,2025-05-14,19:59:00,47,1,1218.08,60.9,0,Credit Card,Delivered
2521,269,161,2025-10-17,11:49:00,27,4,401.64,0.0,30,Cash on Delivery,Delivered
2522,308,5,2025-04-21,11:16:00,40,5,1795.11,89.76,0,Debit Card,Returned
2523,505,172,2025-08-27,23:46:00,59,2,1756.64,0.0,49,Debit Card,Returned
2524,328,147,2024-12-14,09:33:00,60,2,958.85,0.0,30,Wallet,Delivered
2525,38,32,2025-04-17,08:12:00,53,4,289.3,0.0,40,Debit Card,Delivered
2526,32,169,2026-05-16,09:48:00,21,4,1379.5,68.98,40,Net Banking,Returned
2527,277,148,2024-02-04,23:34:00,42,6,1123.6,112.36,30,Debit Card,Returned
2528,101,102,2026-07-14,12:07:00,62,3,1091.55,218.31,20,Wallet,Delivered
2529,600,109,2025-03-31,20:43:00,30,3,1797.0,359.4,40,Cash on Delivery,Cancelled
2530,377,226,2025-11-20,19:45:00,48,5,804.63,40.23,0,Cash on Delivery,Cancelled
2531,137,137,2025-07-05,14:17:00,64,1,1744.62,0.0,30,UPI,Cancelled
2532,8,20,2024-10-05,14:03:00,53,4,1650.1,0.0,20,Cash on Delivery,Returned
2533,318,250,2025-09-21,15:27:00,40,6,1670.45,0.0,40,Wallet,Returned
2534,582,106,2025-03-28,10:44:00,32,5,1738.29,0.0,0,Wallet,Delivered
2535,468,173,2026-01-08,15:51:00,38,6,854.08,0.0,49,Credit Card,Delivered
2536,26,132,2024-06-27,18:11:00,57,4,518.64,77.8,40,Net Banking,Delivered
2537,70,37,2026-06-26,20:27:00,52,1,268.61,0.0,20,Credit Card,Cancelled
2538,78,68,2025-10-03,13:20:00,25,4,258.78,0.0,49,Cash on Delivery,Returned
2539,560,146,2026-04-05,12:53:00,36,5,1573.45,78.67,30,Cash on Delivery,Delivered
2540,280,97,2026-07-25,19:44:00,28,2,749.64,149.93,30,Debit Card,Delivered
2541,79,29,2025-06-17,11:51:00,64,6,1014.3,202.86,30,UPI,Cancelled
2542,392,236,2025-04-05,14:32:00,16,6,688.05,0.0,20,Net Banking,Returned
2543,553,26,2025-12-07,14:28:00,61,4,981.82,196.36,0,Net Banking,Delivered
2544,509,241,2024-03-23,16:24:00,57,2,398.57,0.0,30,Wallet,Delivered
2545,250,51,2024-09-05,18:17:00,18,1,306.97,15.35,20,Net Banking,Cancelled
2546,399,3,2024-07-19,08:32:00,45,4,1665.83,83.29,40,UPI,Returned
2547,587,3,2025-03-07,23:27:00,21,5,518.56,25.93,40,Credit Card,Returned
2548,383,1,2025-05-09,21:41:00,45,6,1528.41,229.26,40,Credit Card,Delivered
2549,511,38,2024-02-12,17:34:00,48,5,783.18,0.0,30,UPI,Delivered
2550,400,209,2025-08-11,15:02:00,29,6,391.88,78.38,30,Wallet,Delivered
2551,411,66,2025-09-21,21:29:00,34,1,1109.22,0.0,40,UPI,Delivered
2552,237,156,2025-11-29,08:24:00,65,3,1457.42,145.74,0,Net Banking,Returned
2553,499,166,2024-01-16,15:19:00,23,3,1488.11,0.0,49,Cash on Delivery,Returned
2554,55,32,2025-07-19,10:47:00,38,5,1084.1,0.0,40,Net Banking,Cancelled
2555,594,101,2025-04-20,08:29:00,32,2,318.01,0.0,20,UPI,Delivered
2556,255,164,2026-07-11,20:46:00,23,3,1720.37,86.02,0,Credit Card,Cancelled
2557,116,109,2025-08-08,08:35:00,60,5,885.23,177.05,30,Net Banking,Delivered
2558,145,222,2026-05-13,15:12:00,64,3,1036.0,207.2,49,Debit Card,Cancelled
2559,85,2,2025-02-22,19:28:00,30,3,1550.16,77.51,30,Debit Card,Delivered
2560,387,147,2024-08-10,19:07:00,16,2,1353.8,0.0,0,UPI,Cancelled
2561,557,63,2024-07-12,10:36:00,36,3,982.22,147.33,49,Wallet,Delivered
2562,580,149,2024-01-13,15:21:00,63,5,882.38,44.12,40,UPI,Delivered
2563,28,50,2024-02-03,19:26:00,47,4,1644.69,164.47,30,UPI,Cancelled
2564,260,233,2026-08-13,20:00:00,36,1,1738.14,0.0,49,Credit Card,Returned
2565,569,152,2024-11-24,14:15:00,43,4,1058.47,0.0,49,Cash on Delivery,Delivered
2566,469,119,2026-06-05,21:54:00,18,1,771.46,0.0,30,Debit Card,Returned
2567,466,174,2025-10-12,15:53:00,20,6,1401.1,280.22,20,UPI,Cancelled
2568,232,46,2024-09-27,21:47:00,61,6,878.0,175.6,40,Debit Card,Delivered
2569,120,200,2024-01-01,17:34:00,32,5,1562.76,156.28,30,Wallet,Delivered
2570,223,216,2024-04-29,10:22:00,39,1,1558.83,311.77,30,Credit Card,Delivered
2571,53,117,2025-08-31,19:52:00,52,6,1614.82,322.96,40,Cash on Delivery,Delivered
2572,108,28,2024-02-22,23:36:00,45,4,635.21,31.76,30,Debit Card,Returned
2573,360,108,2024-12-15,22:09:00,47,5,1447.62,0.0,20,Cash on Delivery,Returned
2574,591,54,2024-10-30,18:17:00,58,1,1393.8,139.38,0,Net Banking,Delivered
2575,265,245,2025-12-02,20:33:00,37,6,820.33,164.07,40,Cash on Delivery,Returned
2576,187,237,2026-06-05,21:04:00,28,5,342.12,17.11,49,Cash on Delivery,Delivered
2577,454,227,2025-03-27,22:28:00,53,3,906.89,181.38,20,Net Banking,Delivered
2578,417,37,2025-01-20,15:31:00,44,5,428.68,64.3,40,UPI,Returned
2579,88,15,2026-08-27,22:48:00,30,3,326.98,32.7,49,Cash on Delivery,Cancelled
2580,192,170,2026-03-23,09:26:00,49,6,1659.36,0.0,20,Credit Card,Cancelled
2581,198,176,2026-08-22,15:03:00,65,2,482.33,48.23,20,Debit Card,Delivered
2582,389,6,2026-03-17,20:52:00,60,1,1521.99,76.1,49,Debit Card,Returned
2583,233,175,2026-07-28,08:25:00,54,3,1219.33,0.0,30,Cash on Delivery,Delivered
2584,402,83,2026-03-08,12:38:00,34,1,349.39,0.0,20,Cash on Delivery,Returned
2585,50,9,2026-03-15,20:55:00,31,3,1012.19,202.44,49,Debit Card,Delivered
2586,545,123,2026-03-09,18:15:00,21,1,1735.9,260.38,49,UPI,Delivered
2587,171,93,2024-12-24,17:57:00,24,5,1467.63,0.0,20,Cash on Delivery,Delivered
2588,310,249,2024-05-15,19:21:00,16,4,1055.98,52.8,49,Net Banking,Returned
2589,458,140,2025-02-10,08:43:00,26,1,504.19,50.42,20,Credit Card,Delivered
2590,256,228,2024-03-17,23:02:00,20,5,1747.65,0.0,49,Cash on Delivery,Delivered
2591,214,244,2025-08-29,12:34:00,45,5,1001.13,50.06,20,Net Banking,Delivered
2592,208,212,2026-03-27,10:16:00,25,3,1073.21,214.64,40,Credit Card,Delivered
2593,116,122,2026-07-26,20:19:00,34,1,837.55,0.0,20,Credit Card,Delivered
2594,571,130,2024-01-07,23:00:00,16,3,252.02,0.0,20,Net Banking,Delivered
2595,320,87,2025-12-02,10:09:00,16,2,1264.26,189.64,0,UPI,Returned
2596,501,93,2024-10-31,19:17:00,19,4,582.72,29.14,49,Credit Card,Returned
2597,70,15,2026-06-08,16:25:00,41,2,1589.07,0.0,0,UPI,Delivered
2598,176,104,2025-11-28,22:16:00,32,2,1506.4,0.0,40,UPI,Delivered
2599,548,233,2026-02-24,18:18:00,62,5,1685.77,337.15,20,Credit Card,Delivered
2600,587,248,2025-01-16,23:09:00,30,6,1053.06,52.65,49,Wallet,Returned
2601,11,110,2024-02-20,10:55:00,31,3,868.33,86.83,20,Credit Card,Cancelled
2602,411,125,2024-03-18,16:47:00,57,5,694.96,104.24,0,Net Banking,Returned
2603,472,2,2024-04-07,19:02:00,61,1,1070.03,53.5,49,Cash on Delivery,Returned
2604,136,8,2025-09-24,12:22:00,19,5,339.57,0.0,49,Credit Card,Delivered
2605,362,33,2024-08-31,15:45:00,24,5,875.94,0.0,30,Net Banking,Returned
2606,203,194,2025-05-03,18:32:00,25,5,1647.95,0.0,49,Wallet,Delivered
2607,331,208,2024-05-07,10:27:00,28,5,1205.15,0.0,30,Net Banking,Cancelled
2608,20,232,2026-03-17,22:21:00,44,3,1289.27,0.0,30,Credit Card,Delivered
2609,575,208,2025-04-23,15:37:00,41,2,767.6,0.0,49,UPI,Delivered
2610,559,61,2025-12-10,10:11:00,34,6,1086.18,217.24,40,Wallet,Delivered
2611,242,195,2026-08-04,21:45:00,65,4,926.43,185.29,30,Debit Card,Cancelled
2612,314,51,2025-10-06,18:55:00,34,5,1626.52,162.65,40,Credit Card,Delivered
2613,386,93,2025-05-02,11:21:00,40,6,1550.37,0.0,49,Wallet,Returned
2614,45,214,2024-06-09,09:48:00,29,3,1679.2,251.88,0,Wallet,Delivered
2615,129,76,2025-04-27,21:03:00,55,1,1331.27,133.13,30,UPI,Delivered
2616,68,108,2025-12-16,19:30:00,29,4,817.54,0.0,20,Cash on Delivery,Delivered
2617,142,33,2025-01-09,16:38:00,24,1,490.98,98.2,49,Credit Card,Delivered
2618,87,184,2026-09-07,16:59:00,55,1,1652.78,247.92,30,Credit Card,Delivered
2619,248,28,2026-08-24,11:48:00,44,2,1496.91,74.85,30,UPI,Delivered
2620,504,246,2026-06-06,18:26:00,51,1,1596.39,239.46,0,Net Banking,Delivered
2621,129,236,2025-09-17,15:13:00,36,5,1006.18,150.93,30,Cash on Delivery,Delivered
2622,168,41,2025-08-12,15:53:00,65,6,1400.12,140.01,40,Wallet,Delivered
2623,493,202,2025-05-03,10:22:00,30,5,153.4,0.0,20,Cash on Delivery,Cancelled
2624,309,120,2026-01-16,15:25:00,35,1,191.75,0.0,20,Net Banking,Delivered
2625,17,148,2024-02-08,09:27:00,34,4,803.05,160.61,30,Debit Card,Cancelled
2626,463,129,2025-05-15,15:53:00,62,6,665.81,0.0,0,Wallet,Delivered
2627,181,165,2024-09-11,11:25:00,54,4,1125.8,168.87,0,Wallet,Delivered
2628,454,244,2025-01-07,16:36:00,29,5,450.04,0.0,49,Cash on Delivery,Delivered
2629,20,71,2024-11-23,14:47:00,64,6,1111.14,0.0,30,Credit Card,Delivered
2630,481,143,2025-12-11,15:21:00,44,2,536.84,107.37,49,UPI,Cancelled
2631,253,6,2026-08-14,23:14:00,32,3,537.57,107.51,20,UPI,Cancelled
2632,236,109,2024-11-13,11:54:00,26,2,612.44,30.62,30,UPI,Returned
2633,584,138,2025-01-18,14:45:00,44,2,212.34,0.0,30,UPI,Delivered
2634,75,103,2024-02-19,12:15:00,23,3,281.01,0.0,40,Wallet,Delivered
2635,375,243,2024-12-31,18:34:00,46,1,1470.67,0.0,0,Debit Card,Cancelled
2636,156,230,2025-10-25,17:21:00,40,3,239.63,23.96,49,Credit Card,Delivered
2637,382,220,2024-03-30,12:20:00,29,5,1465.32,0.0,40,Net Banking,Delivered
2638,94,217,2024-09-12,19:57:00,16,3,1322.03,0.0,30,Net Banking,Delivered
2639,71,158,2025-12-31,23:07:00,36,6,955.32,191.06,30,Debit Card,Delivered
2640,125,229,2026-08-12,20:27:00,29,2,1730.77,259.62,20,Debit Card,Delivered
2641,252,5,2026-05-10,21:07:00,62,4,345.33,69.07,0,Wallet,Returned
2642,550,169,2025-01-08,21:15:00,35,2,135.55,27.11,0,Cash on Delivery,Delivered
2643,75,81,2024-02-12,17:09:00,18,3,1139.95,170.99,40,Net Banking,Delivered
2644,431,153,2025-04-01,22:56:00,19,3,438.94,0.0,40,UPI,Delivered
2645,44,191,2026-02-22,09:06:00,17,1,1659.65,331.93,40,Wallet,Delivered
2646,52,188,2024-08-09,12:31:00,47,5,961.41,0.0,49,Net Banking,Cancelled
2647,40,72,2026-03-29,20:42:00,22,4,1696.29,169.63,49,UPI,Delivered
2648,521,122,2025-12-25,19:05:00,48,6,713.41,35.67,49,UPI,Delivered
2649,37,170,2025-08-28,20:21:00,40,5,1020.99,0.0,40,Cash on Delivery,Cancelled
2650,537,9,2024-01-13,23:09:00,60,4,383.08,0.0,49,UPI,Returned
2651,298,115,2024-06-07,14:29:00,28,3,825.56,0.0,40,Net Banking,Cancelled
2652,30,246,2025-06-30,15:03:00,64,4,1134.15,113.42,49,Net Banking,Returned
2653,584,96,2024-04-15,16:22:00,33,5,1041.69,52.08,40,UPI,Delivered
2654,397,124,2024-09-26,09:27:00,39,5,985.37,49.27,40,Debit Card,Delivered
2655,575,87,2026-02-20,23:57:00,21,1,833.98,0.0,40,UPI,Delivered
2656,375,211,2025-02-15,14:19:00,30,1,966.35,144.95,40,Credit Card,Delivered
2657,151,5,2026-01-07,09:08:00,37,5,1522.62,0.0,40,Debit Card,Cancelled
2658,246,198,2025-04-25,23:30:00,65,2,150.96,0.0,0,Cash on Delivery,Delivered
2659,571,124,2024-04-20,13:53:00,41,1,743.58,74.36,40,Wallet,Cancelled
2660,13,219,2024-04-15,12:16:00,57,1,352.67,0.0,30,Debit Card,Delivered
2661,25,169,2024-02-29,18:18:00,52,1,972.23,145.83,0,Wallet,Delivered
2662,564,216,2024-08-01,23:25:00,55,4,517.99,51.8,40,Credit Card,Delivered
2663,387,25,2025-02-05,14:00:00,27,3,537.87,0.0,0,UPI,Delivered
2664,595,21,2024-10-25,15:20:00,25,5,636.12,0.0,0,Cash on Delivery,Returned
2665,285,28,2025-03-24,21:20:00,32,4,1387.72,0.0,49,Net Banking,Delivered
2666,200,92,2024-04-12,20:10:00,24,3,380.74,76.15,30,Wallet,Delivered
2667,58,2,2024-06-18,12:15:00,17,2,497.08,0.0,0,Debit Card,Delivered
2668,480,116,2026-05-23,11:11:00,38,1,1227.62,122.76,49,Wallet,Delivered
2669,269,27,2026-08-03,13:49:00,47,1,685.85,34.29,40,Cash on Delivery,Delivered
2670,556,206,2024-04-27,13:13:00,52,2,939.5,93.95,30,Debit Card,Delivered
2671,35,150,2025-07-24,20:51:00,27,4,259.27,0.0,40,Cash on Delivery,Delivered
2672,331,213,2025-07-18,17:19:00,34,2,144.89,0.0,30,Wallet,Delivered
2673,153,65,2025-07-03,20:12:00,61,1,530.45,26.52,20,Cash on Delivery,Delivered
2674,308,94,2024-02-12,15:04:00,22,5,173.03,0.0,40,Wallet,Delivered
2675,125,236,2024-09-26,11:38:00,63,2,1244.82,62.24,0,Cash on Delivery,Delivered
2676,26,68,2025-04-10,10:55:00,47,5,1519.96,0.0,0,Net Banking,Delivered
2677,129,188,2024-11-18,20:42:00,58,5,360.26,0.0,40,Cash on Delivery,Delivered
2678,566,172,2026-03-06,14:18:00,19,1,490.35,0.0,30,UPI,Cancelled
2679,72,133,2024-04-16,11:54:00,50,6,294.0,0.0,30,UPI,Returned
2680,238,41,2024-11-18,11:28:00,52,6,123.74,0.0,40,UPI,Delivered
2681,370,107,2024-01-02,16:50:00,18,4,881.44,0.0,49,Cash on Delivery,Delivered
2682,218,18,2024-01-23,14:06:00,31,3,1401.72,70.09,30,Debit Card,Delivered
2683,129,243,2026-02-21,12:29:00,35,6,1760.88,176.09,30,UPI,Delivered
2684,275,7,2024-08-15,14:54:00,43,3,553.9,83.08,49,Net Banking,Delivered
2685,461,1,2025-09-10,15:15:00,53,1,1309.47,65.47,49,Debit Card,Delivered
2686,191,209,2025-10-07,20:19:00,19,1,1520.21,0.0,20,Credit Card,Delivered
2687,462,90,2024-08-27,10:44:00,56,5,196.4,9.82,40,Credit Card,Delivered
2688,38,21,2024-01-28,20:41:00,36,3,803.77,0.0,20,Debit Card,Cancelled
2689,406,10,2025-02-01,17:01:00,18,3,860.56,86.06,40,Cash on Delivery,Delivered
2690,308,225,2025-07-28,20:49:00,55,6,1100.92,110.09,49,Debit Card,Delivered
2691,259,133,2024-03-12,22:00:00,56,2,800.88,0.0,0,UPI,Delivered
2692,480,2,2026-02-10,10:28:00,46,2,1218.45,0.0,49,Debit Card,Delivered
2693,203,208,2024-07-25,09:28:00,48,1,305.89,0.0,40,UPI,Delivered
2694,434,214,2024-02-23,09:17:00,54,1,405.97,0.0,30,Debit Card,Delivered
2695,89,242,2026-09-22,19:21:00,52,4,872.2,0.0,20,Credit Card,Returned
2696,532,78,2025-11-10,21:44:00,36,3,1699.41,0.0,49,UPI,Delivered
2697,28,210,2024-08-04,15:23:00,30,1,1592.41,318.48,0,Debit Card,Delivered
2698,600,150,2024-07-03,20:40:00,40,3,480.26,24.01,0,Wallet,Delivered
2699,490,166,2026-05-01,22:15:00,21,4,483.65,48.37,30,Cash on Delivery,Returned
2700,159,70,2025-06-02,23:45:00,61,2,1680.88,0.0,49,Debit Card,Delivered
2701,386,220,2024-12-03,15:53:00,54,2,1574.47,236.17,40,Net Banking,Delivered
2702,95,67,2025-12-19,10:59:00,30,3,1088.53,217.71,0,Cash on Delivery,Delivered
2703,400,113,2026-08-17,09:27:00,15,3,731.25,109.69,0,Cash on Delivery,Cancelled
2704,328,119,2025-09-14,12:07:00,60,1,772.82,0.0,0,Cash on Delivery,Returned
2705,571,157,2024-07-11,19:48:00,31,4,627.8,0.0,49,Net Banking,Returned
2706,459,4,2024-04-14,17:42:00,55,6,670.46,33.52,0,Credit Card,Delivered
2707,244,65,2025-11-08,12:30:00,59,1,1336.82,66.84,40,Wallet,Delivered
2708,155,93,2024-11-25,12:38:00,56,1,673.17,67.32,20,Cash on Delivery,Delivered
2709,8,13,2025-11-13,10:50:00,65,1,1240.93,186.14,0,UPI,Delivered
2710,435,19,2025-03-01,10:54:00,52,4,443.44,0.0,30,Wallet,Delivered
2711,527,21,2024-05-22,10:54:00,29,1,198.76,29.81,49,Net Banking,Cancelled
2712,198,136,2026-05-24,17:42:00,39,5,1169.15,233.83,49,Cash on Delivery,Delivered
2713,131,51,2025-11-21,14:04:00,18,3,1237.72,123.77,0,Cash on Delivery,Returned
2714,478,243,2025-10-05,15:40:00,41,3,1748.64,262.3,40,UPI,Delivered
2715,142,33,2024-03-14,12:56:00,23,1,809.91,161.98,0,Net Banking,Returned
2716,408,211,2024-10-21,11:30:00,39,1,1191.97,178.8,20,UPI,Cancelled
2717,195,106,2024-09-25,11:44:00,55,4,1140.69,57.03,49,Credit Card,Delivered
2718,68,106,2026-05-17,22:27:00,32,1,1525.49,0.0,20,Net Banking,Returned
2719,70,183,2025-08-08,15:42:00,26,3,355.05,35.51,20,Wallet,Delivered
2720,466,234,2024-04-14,13:24:00,53,2,894.64,0.0,49,Net Banking,Delivered
2721,329,217,2026-05-30,13:59:00,26,3,430.82,43.08,40,Debit Card,Delivered
2722,309,176,2025-06-16,16:48:00,30,6,1178.05,235.61,49,Cash on Delivery,Delivered
2723,116,224,2026-09-22,11:04:00,34,2,490.92,24.55,30,UPI,Delivered
2724,533,7,2024-11-24,23:30:00,20,3,653.0,0.0,49,Wallet,Returned
2725,58,198,2025-10-17,20:44:00,25,4,1011.49,101.15,0,Credit Card,Delivered
2726,591,26,2025-12-05,12:01:00,60,6,567.63,28.38,20,Cash on Delivery,Cancelled
2727,120,106,2024-07-01,20:25:00,61,1,483.49,0.0,30,Net Banking,Delivered
2728,75,138,2026-03-26,08:11:00,54,3,699.1,69.91,49,Net Banking,Delivered
2729,480,198,2024-08-20,22:58:00,65,5,448.55,89.71,30,Cash on Delivery,Delivered
2730,324,196,2024-12-20,10:36:00,56,2,548.16,27.41,30,Wallet,Delivered
2731,76,17,2025-05-05,14:25:00,44,1,486.94,48.69,40,Credit Card,Delivered
2732,403,246,2025-10-30,22:55:00,42,1,293.73,0.0,49,Debit Card,Returned
2733,165,53,2024-07-31,08:50:00,15,5,192.17,9.61,20,UPI,Returned
2734,521,180,2024-05-29,13:40:00,31,6,1058.48,105.85,40,Credit Card,Cancelled
2735,114,11,2026-06-28,23:43:00,60,5,1001.6,0.0,20,Wallet,Delivered
2736,236,184,2025-03-13,19:48:00,33,5,706.21,0.0,0,Cash on Delivery,Cancelled
2737,7,17,2025-09-23,22:54:00,16,5,615.48,61.55,40,Debit Card,Returned
2738,72,112,2025-11-29,13:31:00,54,6,842.2,0.0,40,Debit Card,Delivered
2739,161,160,2026-01-18,18:22:00,36,1,1269.84,0.0,0,Debit Card,Delivered
2740,34,132,2024-04-27,17:44:00,49,3,1312.81,0.0,40,Credit Card,Cancelled
2741,49,4,2024-08-02,21:00:00,43,2,336.72,0.0,0,Credit Card,Returned
2742,542,60,2024-01-03,14:42:00,32,6,359.14,71.83,30,Credit Card,Delivered
2743,339,207,2024-07-28,11:27:00,64,5,357.8,35.78,0,Net Banking,Delivered
2744,426,182,2025-02-09,15:07:00,42,4,1148.52,229.7,49,Cash on Delivery,Returned
2745,313,3,2024-09-11,14:54:00,15,3,748.01,0.0,0,UPI,Delivered
2746,102,112,2025-02-04,16:37:00,44,1,171.45,17.14,30,Debit Card,Returned
2747,340,142,2024-01-29,11:21:00,61,6,279.57,13.98,30,Credit Card,Delivered
2748,423,213,2025-12-10,13:33:00,15,5,337.72,0.0,0,Debit Card,Delivered
2749,326,210,2024-01-19,21:39:00,51,6,818.38,122.76,20,UPI,Delivered
2750,167,182,2024-12-05,19:10:00,59,2,1289.81,0.0,49,UPI,Delivered
2751,516,215,2025-07-15,14:29:00,56,4,1188.41,0.0,30,Debit Card,Returned
2752,59,245,2025-12-17,17:31:00,40,2,1696.54,254.48,20,Net Banking,Delivered
2753,48,198,2024-04-19,10:07:00,36,2,1492.68,0.0,49,Wallet,Delivered
2754,186,119,2025-04-01,13:25:00,17,2,258.53,12.93,30,Net Banking,Delivered
2755,20,249,2024-08-31,08:16:00,37,5,1616.7,161.67,0,Wallet,Delivered
2756,483,31,2026-05-06,21:04:00,34,2,419.19,0.0,30,Wallet,Delivered
2757,303,170,2026-01-18,19:38:00,26,1,667.65,133.53,30,Net Banking,Delivered
2758,454,83,2025-03-31,23:38:00,53,1,299.72,0.0,40,Net Banking,Delivered
2759,229,5,2025-12-26,17:48:00,36,4,811.62,0.0,40,Debit Card,Delivered
2760,107,23,2025-02-02,08:35:00,51,3,1746.21,174.62,40,UPI,Delivered
2761,357,169,2026-08-08,13:11:00,22,2,458.38,68.76,49,Net Banking,Delivered
2762,63,2,2026-07-26,14:17:00,44,4,1263.67,0.0,20,Wallet,Delivered
2763,592,228,2025-06-12,15:00:00,58,4,591.68,0.0,0,Wallet,Cancelled
2764,586,155,2026-02-12,23:36:00,53,2,903.79,135.57,30,Wallet,Delivered
2765,50,234,2026-03-12,15:13:00,48,6,936.06,93.61,49,Wallet,Delivered
2766,150,132,2025-01-09,20:32:00,56,1,1037.45,207.49,30,Credit Card,Delivered
2767,479,102,2025-12-14,15:03:00,60,5,134.37,0.0,40,Credit Card,Delivered
2768,292,158,2025-08-19,17:50:00,32,3,897.09,134.56,30,Debit Card,Delivered
2769,113,218,2026-09-13,09:28:00,40,5,1641.45,0.0,40,Credit Card,Delivered
2770,352,73,2025-10-31,15:19:00,64,4,1514.98,151.5,0,Wallet,Delivered
2771,32,240,2026-03-30,16:15:00,36,5,1215.8,121.58,20,Net Banking,Delivered
2772,338,245,2025-10-03,09:29:00,53,6,1435.13,71.76,30,Net Banking,Delivered
2773,462,130,2026-02-13,15:59:00,58,4,674.17,101.13,49,UPI,Delivered
2774,489,135,2024-11-12,14:19:00,58,1,941.19,141.18,20,UPI,Delivered
2775,101,207,2025-12-04,22:29:00,39,1,1598.67,239.8,20,Debit Card,Returned
2776,27,165,2025-10-03,08:31:00,47,5,486.09,48.61,20,Credit Card,Cancelled
2777,203,184,2025-12-29,18:18:00,15,2,1639.04,81.95,49,Net Banking,Delivered
2778,349,34,2026-09-03,18:43:00,64,1,1343.12,0.0,0,Credit Card,Returned
2779,403,81,2024-07-19,13:29:00,30,3,1286.52,192.98,30,UPI,Delivered
2780,462,40,2024-09-25,09:12:00,23,2,532.72,26.64,40,UPI,Delivered
2781,435,203,2025-09-19,18:56:00,17,5,528.28,0.0,30,Debit Card,Delivered
2782,463,11,2026-07-24,12:02:00,17,4,310.76,0.0,0,Credit Card,Delivered
2783,317,68,2026-08-17,19:36:00,32,4,1462.65,0.0,20,UPI,Delivered
2784,578,64,2026-08-07,10:40:00,24,4,1257.36,251.47,0,Cash on Delivery,Delivered
2785,31,113,2026-01-22,20:06:00,24,2,1580.43,158.04,20,Wallet,Returned
2786,28,94,2025-01-30,17:18:00,41,5,1287.56,0.0,0,Debit Card,Delivered
2787,379,83,2026-04-10,18:37:00,36,1,331.8,16.59,20,Wallet,Delivered
2788,439,2,2025-05-26,23:31:00,64,5,1137.6,170.64,30,Credit Card,Cancelled
2789,141,125,2025-02-23,14:36:00,61,5,223.68,33.55,40,UPI,Delivered
2790,533,46,2025-12-11,15:25:00,51,4,1331.07,266.21,20,Cash on Delivery,Delivered
2791,18,48,2026-08-27,13:09:00,18,5,866.13,0.0,0,Cash on Delivery,Delivered
2792,469,198,2025-09-12,09:27:00,56,4,159.91,23.99,0,Debit Card,Returned
2793,111,45,2024-02-09,09:13:00,52,2,544.79,54.48,0,Cash on Delivery,Delivered
2794,488,229,2024-06-16,11:24:00,26,6,244.13,36.62,20,Wallet,Cancelled
2795,237,151,2026-01-22,10:47:00,53,2,1091.03,54.55,49,Credit Card,Delivered
2796,3,218,2024-12-11,15:01:00,45,1,388.15,19.41,0,UPI,Delivered
2797,129,227,2024-05-28,15:41:00,44,4,1377.64,0.0,40,UPI,Delivered
2798,293,159,2025-07-27,18:31:00,62,5,1019.55,50.98,20,Net Banking,Cancelled
2799,64,103,2024-07-17,12:10:00,59,6,991.17,148.68,0,UPI,Cancelled
2800,432,250,2025-08-13,09:57:00,33,3,818.81,40.94,30,Net Banking,Delivered
2801,332,36,2026-01-28,16:31:00,41,1,1539.0,76.95,0,Wallet,Delivered
2802,272,113,2024-06-08,16:58:00,36,2,727.8,0.0,40,Net Banking,Delivered
2803,257,121,2025-05-21,16:00:00,43,1,1481.58,222.24,49,Debit Card,Delivered
2804,326,123,2025-04-24,22:49:00,18,4,265.17,26.52,49,Net Banking,Delivered
2805,465,245,2026-08-01,12:34:00,34,2,790.13,0.0,49,Credit Card,Delivered
2806,151,229,2025-02-14,10:45:00,56,4,552.02,27.6,0,UPI,Delivered
2807,201,222,2025-05-19,10:41:00,48,4,175.9,8.79,40,Net Banking,Delivered
2808,11,204,2024-07-25,10:44:00,56,4,755.04,37.75,49,Debit Card,Returned
2809,66,37,2025-04-22,14:57:00,22,2,1398.43,0.0,20,Net Banking,Returned
2810,370,61,2025-01-17,16:05:00,40,1,262.36,26.24,0,Net Banking,Delivered
2811,268,143,2024-01-21,22:00:00,59,1,911.75,136.76,49,Wallet,Returned
2812,410,125,2026-06-12,11:23:00,25,1,925.62,138.84,0,Wallet,Delivered
2813,483,212,2024-10-19,09:18:00,29,2,833.41,83.34,49,Debit Card,Returned
2814,454,153,2025-01-23,22:44:00,24,6,1652.18,82.61,0,Wallet,Delivered
2815,336,250,2024-03-09,10:02:00,51,1,206.09,10.3,0,UPI,Delivered
2816,569,189,2025-01-05,08:46:00,26,1,745.34,0.0,30,Wallet,Delivered
2817,579,122,2024-06-16,15:45:00,58,5,415.05,0.0,0,Wallet,Cancelled
2818,482,94,2026-07-15,23:17:00,56,4,1253.06,187.96,30,Wallet,Cancelled
2819,433,83,2025-09-01,22:47:00,34,3,1516.78,0.0,30,Credit Card,Delivered
2820,265,172,2025-10-26,13:03:00,33,1,799.5,0.0,30,Wallet,Cancelled
2821,452,75,2024-02-10,19:05:00,27,2,890.42,178.08,49,Credit Card,Delivered
2822,434,204,2026-02-08,20:47:00,51,6,1141.31,57.07,49,UPI,Returned
2823,386,197,2026-07-28,08:53:00,48,3,697.09,139.42,0,Cash on Delivery,Delivered
2824,48,205,2025-01-06,17:39:00,61,4,987.23,0.0,30,Debit Card,Delivered
2825,36,132,2024-02-29,14:52:00,36,5,793.29,0.0,0,Wallet,Delivered
2826,455,66,2024-09-28,18:01:00,51,5,1090.3,54.52,20,Credit Card,Delivered
2827,383,196,2024-09-06,18:09:00,43,6,1113.15,0.0,0,UPI,Returned
2828,59,234,2025-12-18,19:51:00,59,1,1736.43,0.0,40,Wallet,Delivered
2829,524,157,2025-07-21,18:38:00,29,2,248.31,0.0,49,Cash on Delivery,Delivered
2830,513,171,2024-08-02,09:52:00,57,4,1335.0,0.0,30,Wallet,Delivered
2831,9,225,2026-02-16,09:56:00,24,2,1223.16,61.16,30,Credit Card,Delivered
2832,508,170,2026-08-12,12:00:00,36,3,618.13,123.63,20,Net Banking,Delivered
2833,496,236,2026-03-21,11:45:00,54,2,1746.89,349.38,30,Cash on Delivery,Returned
2834,262,156,2026-01-16,16:28:00,34,4,128.27,0.0,49,Credit Card,Delivered
2835,107,124,2026-01-08,16:43:00,45,2,255.41,12.77,0,Cash on Delivery,Cancelled
2836,512,87,2025-07-02,09:51:00,32,3,1465.02,146.5,20,Cash on Delivery,Delivered
2837,439,159,2026-07-30,22:37:00,49,5,894.52,44.73,30,Debit Card,Delivered
2838,338,132,2024-09-21,22:48:00,33,1,515.81,0.0,0,Net Banking,Cancelled
2839,596,178,2024-08-06,21:56:00,15,6,671.53,67.15,40,Credit Card,Returned
2840,465,86,2025-11-10,10:44:00,52,2,541.96,0.0,49,Net Banking,Delivered
2841,114,40,2026-05-10,16:53:00,48,3,1443.21,72.16,49,Credit Card,Delivered
2842,358,105,2024-05-01,10:23:00,41,5,1469.57,0.0,20,Wallet,Cancelled
2843,64,248,2026-08-22,22:01:00,57,4,683.28,0.0,49,UPI,Delivered
2844,238,27,2025-01-22,09:08:00,60,2,875.18,0.0,20,Credit Card,Delivered
2845,219,215,2025-03-26,13:51:00,56,6,1380.77,69.04,0,Net Banking,Delivered
2846,166,73,2024-11-01,22:55:00,37,4,435.93,0.0,0,Credit Card,Returned
2847,79,54,2025-07-10,08:31:00,49,2,1056.77,52.84,49,UPI,Delivered
2848,427,20,2024-11-22,17:22:00,54,5,676.63,33.83,40,Credit Card,Delivered
2849,444,84,2025-12-26,17:05:00,48,1,397.62,79.52,49,Wallet,Delivered
2850,181,87,2024-05-22,10:10:00,57,5,1304.22,65.21,40,Net Banking,Delivered
2851,324,214,2026-09-02,16:24:00,52,6,1137.61,227.52,30,Credit Card,Delivered
2852,514,228,2024-06-09,17:28:00,17,3,378.91,0.0,0,Wallet,Cancelled
2853,172,209,2025-09-23,22:05:00,65,6,1387.79,0.0,20,Wallet,Cancelled
2854,18,54,2026-06-07,21:24:00,48,4,1766.67,0.0,40,Wallet,Delivered
2855,559,100,2024-05-19,21:34:00,59,6,1426.7,0.0,40,Credit Card,Delivered
2856,474,190,2025-01-22,08:46:00,30,2,130.57,6.53,40,Net Banking,Cancelled
2857,276,113,2026-09-20,10:47:00,15,4,425.75,42.58,20,Credit Card,Delivered
2858,356,209,2026-06-09,19:30:00,30,3,1616.39,0.0,20,Wallet,Cancelled
2859,464,128,2025-10-21,09:03:00,31,3,477.78,47.78,30,Wallet,Delivered
2860,482,56,2024-03-03,12:49:00,44,2,1372.38,205.86,20,Credit Card,Delivered
2861,353,209,2026-08-04,22:59:00,16,3,1311.43,262.29,30,UPI,Returned
2862,157,85,2024-12-16,18:18:00,41,5,1134.1,226.82,20,Net Banking,Delivered
2863,470,167,2024-02-09,17:06:00,21,4,920.82,92.08,49,UPI,Delivered
2864,598,108,2025-10-14,17:25:00,56,4,511.18,25.56,30,Cash on Delivery,Delivered
2865,11,77,2026-09-14,16:32:00,57,3,1373.49,68.67,40,Wallet,Cancelled
2866,213,48,2025-12-29,13:39:00,19,6,393.9,39.39,49,Debit Card,Delivered
2867,548,120,2026-07-29,22:01:00,15,6,1546.35,0.0,20,Wallet,Delivered
2868,269,241,2024-11-16,16:10:00,41,3,173.38,8.67,0,Wallet,Delivered
2869,331,53,2024-03-01,10:08:00,60,1,498.65,0.0,49,Net Banking,Delivered
2870,121,62,2026-01-08,23:05:00,63,4,361.55,0.0,20,Debit Card,Delivered
2871,563,160,2024-02-24,18:57:00,50,1,184.16,27.62,0,UPI,Delivered
2872,224,53,2025-04-13,16:53:00,27,3,798.22,0.0,20,Wallet,Returned
2873,461,126,2024-06-18,22:04:00,35,4,734.57,36.73,49,Debit Card,Delivered
2874,596,171,2026-07-08,17:22:00,46,3,1074.82,107.48,49,Debit Card,Delivered
2875,27,229,2024-12-16,18:57:00,56,2,1276.39,63.82,20,Net Banking,Returned
2876,85,114,2024-04-27,17:32:00,38,3,1627.92,162.79,20,Net Banking,Delivered
2877,165,177,2024-11-16,12:47:00,57,3,360.93,0.0,40,Wallet,Delivered
2878,513,42,2026-03-04,10:25:00,56,3,281.75,0.0,49,Wallet,Returned
2879,190,24,2024-11-02,19:31:00,33,6,617.03,0.0,0,Credit Card,Delivered
2880,139,122,2025-10-07,20:48:00,54,3,898.23,0.0,49,Wallet,Delivered
2881,145,77,2026-08-31,09:12:00,61,3,1267.78,0.0,20,Wallet,Delivered
2882,173,189,2024-10-18,17:00:00,62,6,410.43,0.0,40,Credit Card,Delivered
2883,23,148,2024-09-13,10:11:00,60,1,1502.2,0.0,30,Wallet,Returned
2884,169,91,2025-05-04,18:37:00,51,1,1308.44,0.0,40,Net Banking,Delivered
2885,91,35,2026-03-30,15:57:00,24,3,628.18,0.0,0,Net Banking,Delivered
2886,90,245,2026-09-16,11:13:00,34,6,1738.23,0.0,30,Net Banking,Returned
2887,376,122,2024-03-11,14:13:00,53,6,1167.33,175.1,20,Cash on Delivery,Delivered
2888,560,107,2024-03-30,13:31:00,30,3,1496.57,0.0,0,Credit Card,Delivered
2889,170,159,2024-03-29,14:32:00,20,2,186.25,0.0,49,Debit Card,Delivered
2890,36,42,2025-09-24,09:35:00,49,6,1007.53,0.0,49,Cash on Delivery,Returned
2891,423,78,2026-04-08,19:10:00,27,1,1505.16,0.0,49,Net Banking,Delivered
2892,526,40,2024-03-12,14:12:00,35,4,1739.9,260.99,20,UPI,Delivered
2893,156,60,2026-02-17,21:56:00,55,4,941.61,0.0,0,Cash on Delivery,Delivered
2894,12,220,2025-11-01,14:44:00,50,5,274.97,0.0,49,Cash on Delivery,Delivered
2895,37,83,2026-04-12,08:07:00,30,6,465.99,0.0,0,Credit Card,Delivered
2896,270,152,2025-01-11,21:01:00,46,1,550.25,55.03,40,Cash on Delivery,Delivered
2897,60,212,2026-01-02,23:29:00,37,6,377.87,56.68,40,Credit Card,Cancelled
2898,78,212,2025-01-21,14:07:00,40,1,1523.22,228.48,40,Wallet,Delivered
2899,79,24,2025-10-29,09:20:00,64,6,1388.47,277.69,0,Credit Card,Delivered
2900,389,221,2026-03-01,14:03:00,42,4,1581.01,0.0,0,Debit Card,Delivered
2901,288,104,2026-07-24,20:25:00,58,5,532.55,79.88,20,Credit Card,Cancelled
2902,473,16,2024-01-30,23:06:00,62,6,654.7,130.94,0,UPI,Delivered
2903,508,222,2026-07-23,10:17:00,56,1,1059.85,0.0,20,Credit Card,Cancelled
2904,306,56,2026-05-14,08:51:00,63,4,687.24,68.72,40,Debit Card,Delivered
2905,555,178,2025-06-22,14:39:00,56,2,528.92,0.0,49,Wallet,Delivered
2906,592,127,2024-07-09,12:33:00,35,5,1528.63,0.0,30,Net Banking,Delivered
2907,281,92,2024-11-19,11:13:00,54,1,1622.2,81.11,0,Credit Card,Delivered
2908,532,221,2024-06-18,15:27:00,46,5,1062.13,0.0,49,Wallet,Delivered
2909,201,102,2026-06-18,14:09:00,30,5,148.55,0.0,20,Cash on Delivery,Delivered
2910,450,94,2025-06-15,17:26:00,41,3,989.0,148.35,40,Wallet,Delivered
2911,101,101,2024-08-24,23:49:00,20,2,184.83,0.0,0,Cash on Delivery,Delivered
2912,354,228,2024-06-21,22:30:00,40,1,324.67,0.0,49,Debit Card,Delivered
2913,526,27,2024-04-23,16:16:00,20,3,858.21,85.82,0,Wallet,Delivered
2914,220,180,2025-01-23,10:04:00,41,5,760.43,0.0,30,Cash on Delivery,Delivered
2915,204,225,2025-01-19,10:05:00,48,5,399.53,59.93,0,Debit Card,Delivered
2916,348,182,2025-10-07,16:24:00,37,3,414.76,20.74,49,Credit Card,Delivered
2917,519,193,2024-09-18,15:31:00,43,1,1780.91,356.18,0,Credit Card,Delivered
2918,280,162,2025-12-03,18:17:00,36,5,715.01,35.75,40,UPI,Delivered
2919,237,2,2026-05-21,10:05:00,53,4,1201.13,0.0,20,Cash on Delivery,Cancelled
2920,226,248,2025-06-19,20:51:00,52,4,1643.92,246.59,20,Wallet,Delivered
2921,456,191,2026-06-12,14:24:00,48,2,1018.93,152.84,0,Net Banking,Delivered
2922,462,6,2026-03-19,14:16:00,16,6,1135.66,0.0,40,Wallet,Delivered
2923,34,140,2024-04-26,10:12:00,41,6,1448.41,289.68,0,Credit Card,Delivered
2924,541,161,2024-09-14,16:12:00,62,4,1485.76,0.0,0,Wallet,Delivered
2925,177,208,2025-05-13,18:45:00,57,5,683.45,102.52,0,Debit Card,Cancelled
2926,364,66,2024-10-18,20:27:00,51,3,613.39,122.68,0,Wallet,Returned
2927,488,216,2025-12-13,19:54:00,42,2,917.41,0.0,49,UPI,Delivered
2928,115,107,2026-09-17,10:41:00,43,2,575.12,28.76,49,Wallet,Delivered
2929,327,150,2024-07-07,15:20:00,58,1,1491.07,223.66,20,Net Banking,Cancelled
2930,167,109,2024-10-12,23:45:00,20,6,1725.32,345.06,0,UPI,Delivered
2931,456,4,2025-04-21,11:08:00,58,6,1166.58,174.99,30,Cash on Delivery,Delivered
2932,77,189,2026-01-26,15:02:00,32,5,626.92,0.0,0,Wallet,Delivered
2933,178,161,2025-12-23,15:20:00,60,3,1420.1,284.02,49,Credit Card,Returned
2934,219,124,2024-06-22,23:45:00,37,4,1226.17,122.62,49,UPI,Returned
2935,214,13,2026-07-29,12:26:00,35,4,580.18,29.01,40,UPI,Delivered
2936,350,133,2025-07-27,12:56:00,61,6,1774.13,354.83,49,Cash on Delivery,Delivered
2937,535,203,2025-08-31,16:04:00,61,1,939.24,93.92,0,UPI,Delivered
2938,123,20,2024-11-03,20:16:00,31,4,1317.11,0.0,0,Net Banking,Delivered
2939,247,16,2026-02-15,22:23:00,34,2,1348.84,0.0,40,Credit Card,Returned
2940,529,235,2025-07-13,18:45:00,26,2,955.03,143.25,40,Debit Card,Delivered
2941,508,118,2024-01-05,09:30:00,50,5,1610.76,241.61,20,Debit Card,Cancelled
2942,177,86,2026-08-11,11:10:00,20,6,1341.48,134.15,0,Net Banking,Cancelled
2943,170,104,2025-05-09,09:39:00,41,6,801.86,120.28,0,Credit Card,Delivered
2944,441,93,2026-07-21,14:35:00,28,5,1206.27,0.0,40,UPI,Delivered
2945,315,104,2026-02-15,12:06:00,64,6,121.96,0.0,20,Wallet,Returned
2946,484,3,2026-05-01,08:28:00,17,2,938.86,187.77,0,Net Banking,Returned
2947,525,193,2026-01-20,21:58:00,60,6,1403.04,280.61,49,Credit Card,Cancelled
2948,38,128,2026-03-30,09:36:00,47,2,578.58,0.0,49,Credit Card,Returned
2949,446,126,2026-01-09,17:34:00,43,4,1688.9,0.0,49,Cash on Delivery,Delivered
2950,61,219,2025-05-01,17:43:00,32,3,783.55,39.18,20,Cash on Delivery,Delivered
2951,405,93,2025-11-24,16:05:00,64,5,976.52,97.65,0,Cash on Delivery,Delivered
2952,278,128,2025-05-03,19:00:00,17,2,636.32,127.26,20,Credit Card,Delivered
2953,191,112,2024-07-02,20:39:00,29,1,484.07,96.81,40,Wallet,Delivered
2954,354,44,2026-09-02,19:28:00,29,2,136.98,20.55,0,Cash on Delivery,Delivered
2955,41,188,2025-01-25,15:21:00,20,4,985.1,0.0,20,Debit Card,Delivered
2956,410,191,2025-05-05,19:07:00,23,3,1309.59,0.0,40,Wallet,Delivered
2957,26,16,2026-01-07,19:53:00,28,4,1335.19,267.04,40,Net Banking,Cancelled
2958,199,35,2025-05-19,21:14:00,28,3,337.59,33.76,30,Wallet,Delivered
2959,164,198,2026-08-27,15:29:00,23,2,955.45,0.0,20,Debit Card,Delivered
2960,213,27,2024-02-06,15:51:00,29,6,912.18,182.44,0,UPI,Delivered
2961,599,80,2024-05-25,14:16:00,17,2,1368.35,0.0,30,Credit Card,Cancelled
2962,239,228,2026-02-18,14:43:00,22,6,1172.93,234.59,49,Credit Card,Delivered
2963,288,94,2025-02-12,10:08:00,38,6,937.93,93.79,0,Debit Card,Delivered
2964,225,113,2024-04-13,19:48:00,58,6,310.97,15.55,49,Wallet,Delivered
2965,554,5,2026-07-04,20:18:00,38,6,718.99,0.0,20,UPI,Delivered
2966,502,171,2025-12-14,15:29:00,54,6,384.33,0.0,0,Debit Card,Cancelled
2967,149,162,2026-04-23,22:12:00,56,5,840.18,84.02,30,Net Banking,Cancelled
2968,270,186,2026-09-11,12:33:00,50,2,1187.91,118.79,0,Credit Card,Delivered
2969,468,158,2026-07-21,22:58:00,58,6,990.04,0.0,20,UPI,Returned
2970,382,6,2024-08-31,13:06:00,53,5,748.54,74.85,40,Debit Card,Delivered
2971,83,175,2025-12-02,08:08:00,36,1,785.49,39.27,49,Cash on Delivery,Returned
2972,38,104,2025-10-23,22:14:00,34,4,821.49,0.0,30,Net Banking,Delivered
2973,545,110,2024-09-09,12:35:00,52,3,1336.59,0.0,0,Credit Card,Delivered
2974,343,48,2024-11-13,12:54:00,45,4,403.75,0.0,30,Debit Card,Delivered
2975,411,62,2026-07-18,22:18:00,28,5,1256.8,62.84,20,Net Banking,Delivered
2976,264,158,2024-12-10,17:00:00,27,5,1065.64,0.0,30,Cash on Delivery,Delivered
2977,446,200,2025-11-09,19:12:00,19,4,217.79,10.89,20,UPI,Delivered
2978,154,190,2026-05-22,10:01:00,57,2,1356.99,67.85,20,Cash on Delivery,Returned
2979,386,57,2025-11-30,13:22:00,62,4,1223.44,61.17,20,Wallet,Returned
2980,191,44,2026-08-27,14:18:00,47,4,570.07,0.0,49,UPI,Delivered
2981,401,2,2026-03-27,11:37:00,22,1,1133.39,0.0,49,Net Banking,Delivered
2982,406,185,2026-09-20,08:47:00,43,2,1759.95,263.99,20,Cash on Delivery,Delivered
2983,312,237,2026-02-12,22:49:00,64,5,1609.43,241.41,20,Wallet,Delivered
2984,527,92,2025-09-20,19:40:00,32,1,933.7,46.69,0,Net Banking,Returned
2985,24,154,2024-07-21,23:06:00,41,3,1657.69,331.54,30,Wallet,Delivered
2986,111,4,2024-10-19,19:48:00,46,2,1322.5,66.12,40,Net Banking,Delivered
2987,262,235,2025-05-20,14:44:00,29,5,860.01,86.0,0,Wallet,Returned
2988,334,34,2025-05-28,08:42:00,36,4,853.73,0.0,49,Credit Card,Delivered
2989,556,205,2026-07-04,17:47:00,43,4,272.16,27.22,49,Net Banking,Cancelled
2990,456,71,2024-09-08,16:22:00,17,5,1496.61,149.66,30,Net Banking,Cancelled
2991,516,11,2025-02-08,13:47:00,35,1,371.66,0.0,49,Net Banking,Returned
2992,400,72,2025-02-06,13:16:00,29,3,1421.21,0.0,30,Debit Card,Delivered
2993,416,153,2024-12-03,13:07:00,26,1,1272.53,63.63,0,Credit Card,Delivered
2994,463,17,2024-01-06,09:13:00,36,3,824.94,0.0,40,Cash on Delivery,Delivered
2995,307,151,2026-04-01,09:13:00,45,4,556.06,0.0,40,Cash on Delivery,Returned
2996,597,32,2025-11-03,10:27:00,20,2,418.06,83.61,30,UPI,Cancelled
2997,589,209,2025-11-27,20:44:00,35,3,1046.1,52.3,49,Wallet,Returned
2998,72,164,2025-07-30,09:02:00,65,3,326.01,32.6,49,Credit Card,Cancelled
2999,222,96,2024-05-14,21:45:00,60,6,793.84,0.0,20,Net Banking,Delivered
3000,324,192,2024-01-01,08:10:00,52,3,1439.48,71.97,20,Net Banking,Delivered
3001,109,225,2026-06-24,08:04:00,26,3,1481.89,296.38,40,UPI,Delivered
3002,95,234,2025-01-18,09:24:00,62,6,1478.14,147.81,30,Net Banking,Delivered
3003,593,30,2024-07-13,20:40:00,65,6,747.78,0.0,30,UPI,Delivered
3004,98,172,2026-04-12,15:53:00,51,4,1014.19,0.0,49,Cash on Delivery,Returned
3005,505,20,2025-05-09,08:34:00,15,6,642.8,0.0,49,Credit Card,Returned
3006,167,193,2026-05-05,19:01:00,46,6,290.37,14.52,0,Credit Card,Delivered
3007,226,54,2026-04-12,12:04:00,63,2,589.47,0.0,20,Credit Card,Delivered
3008,577,224,2026-08-22,16:02:00,57,1,1705.36,341.07,20,Cash on Delivery,Returned
3009,75,240,2026-08-09,23:31:00,38,5,1053.53,52.68,20,Wallet,Delivered
3010,262,139,2024-01-08,20:25:00,21,1,1280.05,0.0,40,Wallet,Cancelled
3011,34,167,2024-08-23,09:24:00,52,3,1704.56,85.23,30,Cash on Delivery,Returned
3012,96,44,2024-04-22,11:35:00,42,1,1516.86,0.0,49,UPI,Delivered
3013,135,222,2025-11-15,15:55:00,58,5,1537.51,0.0,20,UPI,Cancelled
3014,333,92,2025-08-20,23:37:00,61,2,220.07,44.01,20,Credit Card,Delivered
3015,292,209,2025-11-09,18:38:00,42,5,1225.62,122.56,49,UPI,Delivered
3016,597,181,2025-01-31,11:36:00,63,4,1565.1,0.0,30,Debit Card,Delivered
3017,353,42,2024-04-01,10:09:00,63,1,1535.48,307.1,40,UPI,Delivered
3018,126,104,2026-03-15,16:49:00,21,6,1615.13,323.03,0,Debit Card,Delivered
3019,417,215,2024-02-13,10:44:00,54,4,1643.82,0.0,0,Net Banking,Cancelled
3020,280,109,2025-07-31,18:16:00,32,5,1590.47,0.0,40,UPI,Delivered
3021,341,213,2026-07-19,09:26:00,23,6,1707.04,0.0,30,Cash on Delivery,Delivered
3022,571,57,2025-12-01,19:36:00,56,1,938.35,0.0,49,Debit Card,Delivered
3023,313,37,2025-11-12,08:18:00,54,3,883.23,176.65,40,Cash on Delivery,Cancelled
3024,324,218,2024-07-14,17:29:00,40,4,1136.1,113.61,30,Credit Card,Delivered
3025,99,101,2026-08-18,17:31:00,23,5,1767.09,88.35,0,Cash on Delivery,Delivered
3026,385,228,2025-06-15,18:37:00,15,2,1743.03,261.45,40,Credit Card,Delivered
3027,457,246,2025-02-01,10:07:00,63,4,770.07,154.01,49,Cash on Delivery,Delivered
3028,9,197,2024-07-13,17:38:00,48,2,573.71,28.69,49,Net Banking,Returned
3029,423,124,2025-10-28,09:07:00,40,3,755.84,151.17,40,Wallet,Delivered
3030,303,12,2024-06-10,10:57:00,38,4,1719.1,0.0,0,Wallet,Cancelled
3031,331,38,2024-10-07,13:12:00,36,2,693.84,104.08,40,UPI,Delivered
3032,534,83,2026-02-02,17:38:00,39,1,880.4,0.0,30,UPI,Delivered
3033,154,3,2025-10-02,19:58:00,61,2,675.17,135.03,0,Credit Card,Returned
3034,122,132,2024-10-05,19:58:00,41,1,673.37,134.67,49,Credit Card,Delivered
3035,153,63,2024-06-02,12:46:00,60,6,327.61,32.76,0,Credit Card,Delivered
3036,278,235,2024-09-21,15:46:00,21,3,1646.74,247.01,0,Debit Card,Delivered
3037,552,238,2026-03-19,23:32:00,29,3,1287.04,257.41,20,Wallet,Returned
3038,477,225,2026-05-04,23:37:00,63,5,373.9,74.78,30,UPI,Cancelled
3039,99,238,2024-04-27,21:59:00,48,2,503.18,0.0,40,Net Banking,Delivered
3040,530,21,2025-05-29,11:41:00,15,1,1470.75,147.08,40,Credit Card,Delivered
3041,167,250,2025-02-22,19:29:00,48,5,1388.1,69.41,20,Wallet,Delivered
3042,371,130,2025-04-29,22:18:00,64,3,1576.29,78.81,20,Wallet,Delivered
3043,515,134,2026-08-31,12:12:00,62,4,1504.26,0.0,30,Debit Card,Delivered
3044,191,33,2025-10-16,18:12:00,35,1,233.58,11.68,49,Wallet,Delivered
3045,192,142,2024-01-26,18:02:00,30,3,685.17,0.0,49,Wallet,Delivered
3046,192,131,2026-09-12,23:10:00,15,3,861.52,43.08,40,Cash on Delivery,Delivered
3047,46,137,2024-05-11,23:19:00,35,6,1289.78,128.98,40,UPI,Returned
3048,133,15,2025-10-02,23:20:00,28,1,1269.14,253.83,20,Wallet,Delivered
3049,569,93,2025-09-10,14:06:00,38,6,348.92,0.0,0,Wallet,Returned
3050,36,124,2026-05-11,17:45:00,20,3,1447.79,0.0,20,UPI,Returned
3051,125,4,2026-04-04,20:05:00,32,3,717.19,71.72,49,Cash on Delivery,Delivered
3052,361,182,2025-04-17,17:17:00,28,2,236.13,47.23,49,Cash on Delivery,Delivered
3053,126,175,2026-05-21,19:14:00,29,2,1610.44,322.09,49,Cash on Delivery,Cancelled
3054,443,216,2025-09-22,22:01:00,20,1,1380.01,207.0,20,Wallet,Delivered
3055,232,76,2024-11-04,23:23:00,62,6,1031.8,0.0,49,Wallet,Delivered
3056,71,188,2025-06-27,10:53:00,45,5,797.83,119.67,20,UPI,Delivered
3057,587,152,2024-06-06,23:38:00,31,2,886.66,0.0,49,Credit Card,Delivered
3058,296,150,2026-06-07,09:58:00,28,2,317.44,0.0,20,Credit Card,Delivered
3059,330,68,2025-07-24,09:59:00,43,1,606.93,0.0,0,Debit Card,Returned
3060,538,56,2026-03-27,20:35:00,44,3,892.52,133.88,40,Debit Card,Delivered
3061,471,5,2024-08-14,20:24:00,41,3,795.72,0.0,40,Cash on Delivery,Returned
3062,143,42,2026-05-25,12:07:00,26,6,1203.63,0.0,0,Net Banking,Cancelled
3063,516,107,2026-06-04,13:30:00,50,3,1401.1,0.0,40,Debit Card,Returned
3064,221,154,2024-07-29,14:54:00,15,3,1332.83,0.0,49,Cash on Delivery,Delivered
3065,171,170,2026-02-17,09:57:00,40,4,1229.02,61.45,0,Debit Card,Delivered
3066,361,60,2024-04-06,13:12:00,31,6,1655.77,0.0,30,Net Banking,Returned
3067,284,149,2026-06-18,10:07:00,48,6,639.6,127.92,40,Debit Card,Delivered
3068,158,248,2024-09-24,13:07:00,16,4,1378.93,68.95,49,Wallet,Delivered
3069,486,194,2025-12-25,08:19:00,50,6,1339.41,0.0,40,Debit Card,Returned
3070,542,25,2024-03-26,21:46:00,36,5,707.35,0.0,49,Wallet,Returned
3071,382,147,2026-08-12,16:10:00,19,5,534.53,53.45,20,UPI,Cancelled
3072,420,50,2026-07-20,20:21:00,51,4,417.81,20.89,40,Cash on Delivery,Delivered
3073,505,122,2025-05-14,19:36:00,28,3,1444.37,72.22,0,Credit Card,Delivered
3074,92,125,2024-09-20,10:37:00,37,2,1421.04,142.1,0,Net Banking,Returned
3075,558,205,2024-10-31,13:27:00,65,4,1556.34,0.0,20,Net Banking,Delivered
3076,14,174,2026-04-10,23:54:00,40,1,730.38,0.0,0,UPI,Delivered
3077,84,58,2025-09-16,11:21:00,34,5,1744.59,0.0,30,Credit Card,Returned
3078,204,106,2026-09-22,16:31:00,54,2,1393.68,0.0,49,Net Banking,Delivered
3079,90,1,2026-06-03,20:06:00,39,3,1506.87,226.03,49,UPI,Delivered
3080,585,245,2024-04-01,18:57:00,45,2,1010.93,0.0,40,Cash on Delivery,Delivered
3081,587,98,2025-04-17,15:24:00,43,2,1762.72,176.27,40,UPI,Delivered
3082,186,195,2024-07-17,22:11:00,42,3,495.85,0.0,0,Debit Card,Delivered
3083,397,146,2025-08-02,22:10:00,32,3,1162.36,58.12,0,Wallet,Returned
3084,373,93,2026-07-25,22:39:00,27,2,1410.61,70.53,40,UPI,Delivered
3085,119,175,2024-12-09,17:43:00,54,1,1520.34,76.02,40,Credit Card,Returned
3086,188,187,2026-05-06,21:00:00,52,4,973.4,48.67,49,Net Banking,Returned
3087,549,223,2025-10-18,21:48:00,19,1,1678.87,167.89,30,Wallet,Delivered
3088,486,52,2026-08-22,19:32:00,39,4,1568.15,313.63,49,Debit Card,Cancelled
3089,200,219,2025-02-24,16:17:00,46,1,402.6,0.0,20,Cash on Delivery,Delivered
3090,505,169,2025-03-10,19:38:00,40,3,1355.39,135.54,40,Wallet,Returned
3091,397,99,2025-09-25,16:52:00,52,6,565.33,28.27,0,Debit Card,Delivered
3092,245,71,2026-05-24,22:58:00,31,3,1208.26,181.24,20,Debit Card,Delivered
3093,374,62,2025-03-29,23:10:00,53,6,129.34,19.4,30,Wallet,Returned
3094,537,157,2025-02-11,18:56:00,29,6,1167.89,0.0,0,Credit Card,Delivered
3095,358,72,2025-07-21,09:49:00,45,5,132.25,0.0,49,Credit Card,Cancelled
3096,547,96,2026-08-05,20:37:00,27,2,1332.31,0.0,20,Cash on Delivery,Delivered
3097,389,78,2026-01-28,09:44:00,32,1,917.53,45.88,20,UPI,Delivered
3098,90,91,2024-01-02,20:13:00,26,6,552.71,0.0,30,UPI,Delivered
3099,145,105,2025-01-04,15:55:00,49,4,1181.15,59.06,20,Credit Card,Delivered
3100,405,120,2024-10-14,21:17:00,59,4,1571.13,235.67,0,Credit Card,Cancelled
3101,140,232,2025-05-12,14:52:00,65,5,1160.48,0.0,0,Debit Card,Delivered
3102,151,201,2024-02-24,17:52:00,19,1,1593.57,0.0,20,Wallet,Delivered
3103,447,12,2025-05-09,11:43:00,53,3,313.17,0.0,49,Debit Card,Delivered
3104,473,122,2025-08-02,23:12:00,48,2,1793.02,358.6,0,Cash on Delivery,Delivered
3105,270,65,2024-08-08,18:28:00,56,3,572.91,28.65,49,Net Banking,Cancelled
3106,350,6,2026-08-26,19:42:00,63,6,1272.91,63.65,0,Credit Card,Delivered
3107,30,186,2025-02-17,23:21:00,42,4,221.58,0.0,49,Wallet,Delivered
3108,164,154,2024-07-05,15:56:00,61,4,1669.7,333.94,20,Net Banking,Delivered
3109,131,49,2025-05-18,22:16:00,38,5,1202.94,120.29,30,Wallet,Delivered
3110,213,233,2026-07-24,15:31:00,41,5,869.1,0.0,49,UPI,Delivered
3111,593,17,2026-02-15,09:40:00,63,4,1539.64,0.0,0,UPI,Delivered
3112,274,11,2025-05-22,09:29:00,48,2,1399.07,209.86,30,Cash on Delivery,Delivered
3113,276,132,2026-09-19,14:51:00,15,2,547.23,109.45,30,Cash on Delivery,Cancelled
3114,444,239,2026-06-05,18:42:00,33,6,1259.7,251.94,30,Debit Card,Delivered
3115,133,123,2024-07-08,09:39:00,15,2,317.71,15.89,49,Net Banking,Cancelled
3116,400,206,2024-09-19,15:47:00,20,4,947.31,94.73,30,Wallet,Delivered
3117,515,213,2024-09-30,16:17:00,17,5,1064.11,106.41,30,Wallet,Delivered
3118,221,7,2024-07-23,13:40:00,17,4,1172.24,0.0,40,UPI,Returned
3119,351,40,2025-03-09,09:07:00,62,3,387.04,77.41,0,Credit Card,Delivered
3120,412,98,2024-07-19,15:01:00,53,2,1649.23,0.0,40,Debit Card,Delivered
3121,4,63,2024-01-31,22:38:00,56,5,317.13,0.0,30,UPI,Cancelled
3122,475,54,2026-08-04,13:01:00,22,2,1575.52,236.33,49,Debit Card,Cancelled
3123,96,143,2026-08-01,18:00:00,16,3,335.08,0.0,49,Credit Card,Returned
3124,40,195,2025-12-10,20:59:00,48,2,1477.02,0.0,30,Net Banking,Delivered
3125,34,146,2024-08-31,09:58:00,37,3,1011.55,151.73,40,Credit Card,Delivered
3126,368,114,2026-02-13,23:38:00,43,2,1106.01,110.6,20,Debit Card,Returned
3127,338,164,2025-11-27,18:15:00,48,1,749.58,0.0,49,Credit Card,Delivered
3128,149,221,2025-11-25,14:48:00,47,2,853.47,0.0,20,Net Banking,Delivered
3129,101,130,2024-12-17,13:55:00,38,3,1206.16,180.92,40,Net Banking,Delivered
3130,82,87,2026-07-15,18:37:00,17,2,210.11,21.01,0,Net Banking,Delivered
3131,337,217,2024-11-06,16:47:00,47,4,771.3,115.69,30,UPI,Returned
3132,302,132,2025-07-21,17:37:00,62,1,1606.42,321.28,30,Wallet,Delivered
3133,523,147,2024-05-19,16:18:00,41,6,608.01,0.0,30,UPI,Delivered
3134,423,153,2026-08-10,19:22:00,65,3,1130.24,226.05,20,Debit Card,Delivered
3135,521,131,2024-03-20,09:32:00,63,6,345.3,0.0,40,Cash on Delivery,Delivered
3136,308,115,2026-02-25,22:40:00,46,4,576.14,57.61,20,Debit Card,Delivered
3137,121,33,2024-08-10,22:09:00,33,6,1105.81,221.16,20,Cash on Delivery,Delivered
3138,482,158,2024-02-09,08:31:00,18,6,598.84,0.0,30,Net Banking,Delivered
3139,561,214,2024-11-13,21:29:00,31,6,1540.36,0.0,40,Cash on Delivery,Cancelled
3140,203,174,2025-07-31,18:50:00,41,6,1540.36,0.0,20,Debit Card,Delivered
3141,227,88,2026-07-12,08:59:00,25,4,843.96,0.0,49,Wallet,Delivered
3142,385,78,2024-05-06,12:58:00,64,2,944.58,141.69,40,Cash on Delivery,Delivered
3143,203,207,2024-03-05,17:52:00,38,1,1284.96,0.0,30,UPI,Delivered
3144,51,15,2024-12-13,17:23:00,36,5,524.31,0.0,30,Debit Card,Delivered
3145,345,228,2026-04-30,19:59:00,42,2,1729.81,86.49,49,Wallet,Cancelled
3146,209,96,2026-03-24,23:44:00,63,4,816.8,0.0,49,Net Banking,Delivered
3147,8,78,2026-04-02,10:01:00,47,4,1395.34,0.0,30,Credit Card,Delivered
3148,486,23,2025-01-14,18:43:00,45,5,659.38,0.0,0,Wallet,Returned
3149,593,117,2025-08-20,15:14:00,40,5,764.64,0.0,49,Wallet,Cancelled
3150,71,172,2025-11-27,21:02:00,48,5,1725.52,172.55,49,Net Banking,Delivered
3151,26,23,2024-02-04,19:23:00,65,5,450.8,0.0,0,UPI,Delivered
3152,210,45,2024-02-14,13:25:00,33,1,175.4,26.31,20,Wallet,Returned
3153,244,182,2024-08-10,21:15:00,46,5,191.51,0.0,20,Net Banking,Delivered
3154,459,133,2024-06-22,10:35:00,49,5,474.91,0.0,30,Cash on Delivery,Delivered
3155,102,193,2026-02-13,21:49:00,43,4,799.02,119.85,30,Credit Card,Returned
3156,9,140,2024-08-26,17:32:00,59,1,431.8,0.0,40,Cash on Delivery,Delivered
3157,493,72,2024-06-01,21:19:00,32,1,552.86,82.93,49,Credit Card,Returned
3158,171,195,2025-05-21,21:26:00,30,4,1117.72,167.66,30,Net Banking,Delivered
3159,563,122,2025-03-30,17:17:00,54,5,403.52,20.18,49,Cash on Delivery,Returned
3160,91,79,2026-08-12,16:24:00,54,2,1771.03,177.1,49,Wallet,Delivered
3161,256,24,2026-04-09,18:21:00,42,4,642.4,0.0,20,Net Banking,Delivered
3162,11,242,2024-06-05,20:50:00,65,5,1395.13,279.03,49,Net Banking,Delivered
3163,275,197,2026-09-05,20:24:00,41,6,1793.28,179.33,0,UPI,Returned
3164,551,47,2026-05-09,12:36:00,65,2,528.23,105.65,20,Debit Card,Delivered
3165,574,126,2024-05-20,13:57:00,18,2,905.75,0.0,40,Wallet,Delivered
3166,277,14,2025-01-31,10:13:00,47,4,946.46,0.0,49,Debit Card,Delivered
3167,514,63,2024-02-22,16:50:00,36,3,1101.32,165.2,30,Wallet,Delivered
3168,409,167,2026-04-19,19:52:00,44,5,767.43,115.11,0,UPI,Delivered
3169,346,18,2026-05-20,12:58:00,40,6,1377.67,206.65,40,Debit Card,Returned
3170,262,241,2025-09-08,16:13:00,41,2,398.22,0.0,30,Cash on Delivery,Delivered
3171,262,247,2025-03-20,19:12:00,31,3,418.32,0.0,30,Credit Card,Delivered
3172,523,111,2025-03-29,16:29:00,60,1,1573.97,0.0,0,Credit Card,Delivered
3173,85,162,2025-08-11,10:36:00,48,3,1246.73,187.01,0,Debit Card,Delivered
3174,384,161,2024-04-13,15:14:00,35,5,656.77,65.68,0,Wallet,Delivered
3175,193,234,2024-07-09,13:45:00,51,5,1578.29,78.91,40,Cash on Delivery,Returned
3176,210,48,2026-05-24,23:42:00,52,6,1324.0,264.8,30,Credit Card,Cancelled
3177,210,141,2024-04-08,08:25:00,17,6,1464.67,146.47,0,Wallet,Delivered
3178,45,10,2025-01-07,12:08:00,53,1,1008.29,0.0,40,Wallet,Delivered
3179,595,213,2026-02-24,21:23:00,54,5,155.16,31.03,20,Cash on Delivery,Delivered
3180,185,90,2025-09-23,21:06:00,22,3,482.16,48.22,20,UPI,Delivered
3181,7,161,2025-05-10,23:46:00,62,6,735.35,0.0,0,Cash on Delivery,Delivered
3182,12,153,2026-02-08,12:57:00,23,1,794.44,79.44,40,Debit Card,Delivered
3183,206,211,2025-04-15,11:18:00,43,2,1743.6,0.0,0,Debit Card,Cancelled
3184,85,157,2024-05-09,22:18:00,30,1,421.75,21.09,40,Debit Card,Delivered
3185,45,45,2024-08-14,14:25:00,20,4,1746.28,0.0,49,UPI,Delivered
3186,150,65,2025-04-09,18:21:00,36,2,827.26,0.0,0,Wallet,Cancelled
3187,415,162,2026-07-02,23:47:00,18,2,883.89,0.0,0,UPI,Delivered
3188,365,232,2026-02-05,21:35:00,46,1,836.13,0.0,30,Cash on Delivery,Delivered
3189,73,249,2024-07-01,10:44:00,48,1,1546.98,77.35,49,Credit Card,Cancelled
3190,247,94,2026-03-29,14:36:00,29,6,1663.99,0.0,30,Debit Card,Delivered
3191,289,188,2025-08-19,18:05:00,41,3,914.77,0.0,40,Net Banking,Delivered
3192,193,38,2026-05-31,11:45:00,48,2,173.87,0.0,20,Cash on Delivery,Returned
3193,272,106,2026-02-06,18:40:00,58,3,1361.88,136.19,0,Credit Card,Returned
3194,36,78,2024-03-11,10:20:00,60,3,1034.55,0.0,30,UPI,Delivered
3195,227,49,2024-10-18,20:49:00,38,6,536.33,26.82,20,Credit Card,Delivered
3196,324,124,2025-12-26,19:44:00,34,2,901.98,180.4,0,UPI,Delivered
3197,554,231,2024-10-15,11:25:00,64,3,511.92,25.6,0,Wallet,Returned
3198,151,25,2026-03-16,22:00:00,62,3,860.6,0.0,20,Debit Card,Returned
3199,174,142,2026-07-09,15:55:00,28,6,1497.19,224.58,40,UPI,Delivered
3200,553,96,2025-01-24,11:29:00,39,5,866.68,0.0,30,Net Banking,Delivered
3201,506,244,2026-01-27,15:44:00,64,5,521.49,104.3,0,UPI,Returned
3202,356,185,2025-01-06,10:49:00,39,5,1412.05,0.0,20,Wallet,Returned
3203,76,125,2025-08-25,14:56:00,39,3,1201.22,0.0,49,Net Banking,Returned
3204,264,186,2024-11-03,09:24:00,37,6,1325.19,198.78,30,Debit Card,Cancelled
3205,343,147,2024-07-26,19:29:00,16,6,955.74,47.79,30,UPI,Delivered
3206,268,101,2024-07-03,08:30:00,49,6,658.17,0.0,20,Cash on Delivery,Delivered
3207,595,170,2026-04-18,13:26:00,16,2,1763.36,352.67,40,Wallet,Delivered
3208,125,144,2025-03-22,08:47:00,22,1,1782.96,356.59,20,Cash on Delivery,Delivered
3209,70,151,2024-10-12,08:52:00,50,1,1218.18,0.0,0,Credit Card,Cancelled
3210,512,177,2025-02-19,13:33:00,16,3,1680.83,336.17,49,Cash on Delivery,Delivered
3211,503,218,2025-05-22,09:05:00,32,6,1108.96,0.0,40,Net Banking,Cancelled
3212,103,27,2025-07-30,18:27:00,56,6,1418.49,141.85,40,Debit Card,Delivered
3213,29,247,2025-05-17,22:12:00,55,3,1735.75,0.0,40,Wallet,Delivered
3214,115,152,2026-04-17,13:09:00,17,3,1573.74,314.75,0,Credit Card,Delivered
3215,411,62,2026-05-26,22:51:00,33,6,1011.49,151.72,49,Credit Card,Delivered
3216,46,13,2025-05-22,19:06:00,42,4,1374.97,274.99,49,Cash on Delivery,Returned
3217,485,49,2025-01-06,11:35:00,23,6,309.85,46.48,40,Debit Card,Delivered
3218,461,242,2024-10-15,23:28:00,53,2,748.01,74.8,49,Wallet,Returned
3219,342,168,2025-07-17,17:13:00,49,2,746.38,74.64,49,Net Banking,Delivered
3220,128,46,2024-12-25,12:49:00,17,1,1147.55,0.0,40,Debit Card,Delivered
3221,592,32,2024-06-01,20:51:00,46,1,1089.92,108.99,40,Net Banking,Delivered
3222,194,54,2025-01-13,15:43:00,17,2,1173.55,0.0,49,Cash on Delivery,Delivered
3223,222,11,2024-11-24,20:33:00,23,5,1460.38,219.06,40,Debit Card,Cancelled
3224,242,85,2026-05-13,18:11:00,42,6,408.4,0.0,49,Wallet,Delivered
3225,563,245,2025-05-17,16:30:00,47,1,311.08,31.11,20,Cash on Delivery,Delivered
3226,202,75,2026-02-02,19:07:00,43,2,1078.58,0.0,20,Credit Card,Delivered
3227,227,22,2025-03-27,22:32:00,42,3,1641.52,0.0,20,Net Banking,Returned
3228,284,176,2026-01-08,22:23:00,63,6,1209.27,0.0,30,Cash on Delivery,Returned
3229,507,186,2025-05-09,10:29:00,34,2,244.6,0.0,30,Credit Card,Delivered
3230,327,53,2024-12-24,15:32:00,59,1,235.43,0.0,40,Debit Card,Delivered
3231,145,231,2026-09-18,22:10:00,18,5,576.41,0.0,20,Cash on Delivery,Delivered
3232,383,116,2025-10-21,19:26:00,26,5,551.06,0.0,49,UPI,Delivered
3233,549,97,2026-06-30,22:00:00,48,5,649.91,0.0,40,Net Banking,Delivered
3234,234,199,2026-08-02,16:17:00,21,1,1440.23,0.0,0,Debit Card,Cancelled
3235,499,200,2026-02-05,23:16:00,54,2,706.0,141.2,49,Credit Card,Delivered
3236,2,28,2026-05-21,10:32:00,49,6,1153.12,115.31,49,Wallet,Delivered
3237,220,246,2024-06-08,15:23:00,43,3,473.03,0.0,49,Wallet,Delivered
3238,104,23,2024-11-28,23:02:00,27,3,889.53,44.48,0,Wallet,Delivered
3239,422,74,2026-05-11,13:24:00,26,3,1518.05,0.0,30,Debit Card,Delivered
3240,167,1,2026-07-22,13:07:00,29,3,1311.2,262.24,40,Net Banking,Returned
3241,174,37,2025-11-10,15:36:00,33,1,943.52,188.7,0,Cash on Delivery,Cancelled
3242,303,59,2024-10-09,20:24:00,18,5,1675.54,335.11,30,Cash on Delivery,Returned
3243,51,185,2025-11-08,09:26:00,18,2,1676.25,167.62,0,UPI,Delivered
3244,592,199,2025-01-01,11:25:00,27,3,344.22,0.0,0,Wallet,Cancelled
3245,1,234,2024-06-23,13:18:00,55,1,939.18,46.96,0,Cash on Delivery,Delivered
3246,43,232,2025-09-13,18:27:00,31,6,1514.4,151.44,30,Debit Card,Delivered
3247,197,56,2025-11-21,14:27:00,40,3,1347.78,0.0,20,Net Banking,Delivered
3248,69,85,2026-07-15,21:44:00,63,3,1047.23,52.36,49,UPI,Returned
3249,383,187,2025-04-29,13:36:00,18,6,673.04,100.96,30,Net Banking,Cancelled
3250,175,22,2026-04-13,11:41:00,58,1,1212.69,0.0,49,Net Banking,Delivered
3251,277,129,2024-04-25,17:07:00,33,1,1381.81,0.0,49,Debit Card,Returned
3252,407,231,2025-08-14,14:37:00,22,3,1555.93,77.8,30,Credit Card,Delivered
3253,124,213,2024-06-15,08:06:00,43,3,1615.25,0.0,0,Net Banking,Delivered
3254,310,180,2024-11-10,21:39:00,47,5,1733.4,86.67,40,Debit Card,Delivered
3255,305,140,2024-03-16,12:29:00,26,5,329.37,49.41,40,Cash on Delivery,Returned
3256,335,244,2025-09-13,11:58:00,41,3,1727.07,259.06,49,UPI,Delivered
3257,196,204,2024-06-02,11:35:00,56,1,1619.28,0.0,20,UPI,Delivered
3258,323,226,2024-05-20,14:06:00,37,4,1512.42,151.24,20,Credit Card,Delivered
3259,188,140,2024-09-13,08:46:00,23,2,1600.77,240.12,30,Cash on Delivery,Cancelled
3260,403,123,2026-05-03,10:40:00,30,2,136.85,0.0,30,Credit Card,Delivered
3261,163,62,2025-07-03,21:28:00,17,4,916.47,0.0,30,Credit Card,Delivered
3262,203,167,2025-10-11,23:40:00,60,4,1309.99,65.5,30,UPI,Delivered
3263,512,125,2026-06-02,12:04:00,17,4,1212.49,0.0,30,Wallet,Delivered
3264,21,62,2026-05-02,14:44:00,17,3,1555.52,0.0,49,Wallet,Delivered
3265,149,73,2026-03-28,22:51:00,23,3,584.54,29.23,30,Debit Card,Delivered
3266,448,191,2026-04-10,14:37:00,26,4,1796.79,89.84,20,Net Banking,Delivered
3267,327,180,2024-07-08,15:35:00,57,1,1472.3,0.0,49,Net Banking,Cancelled
3268,391,166,2024-07-15,13:49:00,44,5,1213.53,121.35,0,Cash on Delivery,Returned
3269,41,71,2024-07-03,15:22:00,44,6,508.05,50.81,49,Net Banking,Delivered
3270,593,61,2024-03-13,10:46:00,42,6,1092.04,0.0,0,Wallet,Cancelled
3271,327,64,2024-11-15,22:46:00,18,3,131.49,6.57,0,Cash on Delivery,Delivered
3272,384,2,2026-01-10,17:36:00,33,6,1090.82,109.08,40,Credit Card,Delivered
3273,468,97,2025-05-31,21:45:00,41,2,1411.41,0.0,49,UPI,Delivered
3274,593,92,2024-03-15,16:35:00,32,6,723.11,108.47,20,Credit Card,Delivered
3275,597,86,2024-12-10,11:12:00,27,6,178.08,0.0,49,UPI,Delivered
3276,302,25,2025-08-18,21:13:00,57,6,715.37,107.31,0,UPI,Delivered
3277,421,128,2024-11-12,18:06:00,58,2,1761.91,352.38,40,Credit Card,Delivered
3278,365,188,2025-09-11,08:54:00,36,6,171.14,0.0,40,Credit Card,Delivered
3279,146,37,2024-08-30,16:08:00,41,6,937.93,93.79,40,UPI,Returned
3280,204,227,2026-09-05,13:13:00,55,5,308.22,30.82,0,Cash on Delivery,Delivered
3281,539,209,2025-09-29,15:22:00,34,6,864.44,129.67,30,Credit Card,Delivered
3282,73,232,2024-06-14,22:47:00,35,5,830.83,166.17,40,Credit Card,Delivered
3283,90,79,2025-09-12,14:15:00,21,1,1793.8,179.38,40,Credit Card,Cancelled
3284,56,210,2025-03-18,18:50:00,52,3,1251.2,0.0,0,Credit Card,Delivered
3285,98,131,2026-03-31,08:15:00,60,4,620.37,0.0,0,Wallet,Delivered
3286,46,34,2024-03-10,12:19:00,19,6,544.75,54.48,0,Cash on Delivery,Delivered
3287,138,133,2024-09-25,21:04:00,42,6,1044.26,104.43,40,Wallet,Returned
3288,197,48,2026-02-16,10:18:00,51,5,1084.22,216.84,0,Credit Card,Returned
3289,132,247,2024-01-22,16:12:00,56,3,1236.01,0.0,20,Wallet,Cancelled
3290,315,79,2024-05-12,11:02:00,41,3,231.46,0.0,0,Debit Card,Delivered
3291,2,17,2024-01-13,17:07:00,27,1,513.81,0.0,30,Wallet,Delivered
3292,585,78,2024-05-16,09:46:00,45,2,1270.18,0.0,20,Net Banking,Delivered
3293,434,194,2026-05-31,22:08:00,57,1,941.72,188.34,0,Wallet,Delivered
3294,573,241,2025-08-19,23:45:00,50,4,945.06,47.25,40,Debit Card,Delivered
3295,223,129,2025-05-06,22:42:00,19,2,1446.92,144.69,49,UPI,Delivered
3296,588,58,2025-09-21,22:41:00,55,2,190.09,19.01,40,Credit Card,Delivered
3297,282,93,2024-04-29,16:20:00,36,6,962.17,96.22,0,Wallet,Returned
3298,468,213,2026-01-11,15:17:00,22,5,1053.27,157.99,0,Cash on Delivery,Delivered
3299,413,200,2024-11-15,09:15:00,55,6,1456.2,0.0,40,Debit Card,Delivered
3300,340,159,2024-07-16,11:49:00,49,6,666.49,99.97,40,Wallet,Cancelled
3301,34,93,2026-07-11,16:52:00,34,5,441.24,0.0,49,Credit Card,Delivered
3302,84,173,2025-07-31,18:16:00,16,4,502.88,0.0,40,Cash on Delivery,Delivered
3303,144,14,2026-01-26,22:40:00,19,3,451.33,45.13,30,Credit Card,Delivered
3304,355,92,2025-11-29,19:46:00,36,2,1251.93,0.0,30,UPI,Delivered
3305,529,182,2025-08-30,21:29:00,44,6,1745.71,349.14,49,Net Banking,Delivered
3306,169,165,2026-01-02,12:51:00,21,1,1363.65,68.18,20,Wallet,Returned
3307,10,237,2024-10-10,08:49:00,63,5,641.4,128.28,0,UPI,Cancelled
3308,303,104,2024-04-18,22:23:00,57,4,1022.86,0.0,30,UPI,Delivered
3309,319,142,2025-03-13,21:30:00,20,5,822.98,0.0,20,Cash on Delivery,Cancelled
3310,300,77,2026-04-23,23:03:00,59,3,1065.76,53.29,40,UPI,Delivered
3311,17,31,2025-05-29,22:29:00,64,1,507.96,0.0,30,Cash on Delivery,Delivered
3312,293,169,2024-10-27,15:50:00,63,1,898.82,0.0,30,Cash on Delivery,Returned
3313,434,198,2025-06-26,23:42:00,31,5,1482.96,222.44,0,Credit Card,Returned
3314,59,67,2026-03-28,15:32:00,21,4,863.08,86.31,49,Net Banking,Delivered
3315,147,67,2025-02-17,13:18:00,44,1,594.62,59.46,0,UPI,Returned
3316,197,16,2024-04-05,21:49:00,33,2,348.31,0.0,30,Debit Card,Returned
3317,389,209,2025-01-15,11:32:00,65,1,398.97,0.0,49,UPI,Delivered
3318,59,6,2024-09-08,16:15:00,63,4,574.96,86.24,20,Debit Card,Delivered
3319,481,76,2024-01-30,18:13:00,39,2,649.54,97.43,20,Credit Card,Delivered
3320,75,211,2024-12-10,16:06:00,55,1,310.75,62.15,0,Wallet,Cancelled
3321,29,98,2024-01-12,23:06:00,30,6,795.38,79.54,20,UPI,Delivered
3322,370,224,2024-05-11,13:04:00,58,3,564.83,84.72,40,Cash on Delivery,Returned
3323,251,192,2026-02-11,19:52:00,27,5,566.06,0.0,30,Cash on Delivery,Delivered
3324,127,214,2025-02-23,11:43:00,35,6,1404.27,140.43,49,Debit Card,Delivered
3325,146,106,2026-03-22,10:34:00,32,3,648.5,32.43,30,Net Banking,Cancelled
3326,412,136,2024-05-10,19:03:00,49,1,573.12,57.31,49,Wallet,Delivered
3327,33,47,2026-03-29,14:08:00,27,3,1052.67,105.27,20,Debit Card,Delivered
3328,58,178,2024-07-30,18:56:00,56,2,973.41,0.0,30,UPI,Delivered
3329,324,12,2026-06-12,23:45:00,57,5,267.89,40.18,40,Credit Card,Delivered
3330,266,202,2026-03-19,17:58:00,23,3,423.8,63.57,40,Cash on Delivery,Delivered
3331,495,65,2024-10-19,16:36:00,39,3,1454.46,0.0,0,Debit Card,Delivered
3332,290,207,2024-02-24,09:27:00,15,4,1074.74,214.95,49,Credit Card,Delivered
3333,305,140,2025-03-20,12:47:00,57,4,731.78,0.0,20,Cash on Delivery,Delivered
3334,234,202,2026-06-26,19:57:00,56,3,1217.42,60.87,0,Net Banking,Delivered
3335,144,32,2024-01-23,16:01:00,44,2,1564.31,0.0,30,Wallet,Cancelled
3336,446,12,2024-04-04,21:03:00,51,5,1555.45,311.09,20,Credit Card,Returned
3337,259,120,2024-02-01,22:36:00,24,4,1719.69,0.0,0,Wallet,Delivered
3338,304,52,2024-05-07,20:49:00,18,2,341.25,0.0,20,Wallet,Returned
3339,599,77,2024-09-09,16:17:00,24,4,1055.44,0.0,20,Wallet,Cancelled
3340,438,24,2026-03-16,23:37:00,31,5,815.75,0.0,30,Debit Card,Delivered
3341,363,183,2025-09-30,19:53:00,44,6,971.88,0.0,20,Cash on Delivery,Returned
3342,198,186,2024-04-21,23:45:00,33,6,1342.84,201.43,20,Cash on Delivery,Returned
3343,110,136,2024-08-22,12:54:00,24,6,590.16,0.0,20,Credit Card,Delivered
3344,214,101,2026-06-02,12:30:00,39,1,895.61,179.12,30,Wallet,Delivered
3345,284,11,2024-10-11,20:21:00,57,3,286.82,0.0,49,Cash on Delivery,Cancelled
3346,517,21,2026-09-06,11:01:00,37,1,1695.38,254.31,20,Net Banking,Returned
3347,166,10,2025-05-03,17:43:00,55,3,1107.27,0.0,49,Wallet,Cancelled
3348,453,200,2026-08-11,21:31:00,45,3,426.7,42.67,20,Debit Card,Returned
3349,272,56,2026-07-21,15:52:00,55,4,445.12,89.02,20,Wallet,Delivered
3350,533,247,2024-08-09,21:49:00,62,5,434.34,86.87,30,UPI,Delivered
3351,13,36,2025-01-23,08:31:00,43,2,233.76,0.0,30,Wallet,Delivered
3352,395,245,2026-06-17,20:50:00,36,2,1589.31,0.0,30,Debit Card,Delivered
3353,255,29,2026-09-19,08:22:00,26,1,1061.33,106.13,20,UPI,Delivered
3354,465,57,2024-02-01,19:03:00,45,5,472.12,0.0,40,Cash on Delivery,Cancelled
3355,108,34,2025-09-18,23:12:00,32,1,1366.69,136.67,30,UPI,Cancelled
3356,465,172,2026-07-23,19:38:00,55,6,165.02,0.0,40,Net Banking,Returned
3357,19,1,2025-09-14,09:30:00,24,2,166.23,24.93,40,UPI,Cancelled
3358,125,134,2025-08-21,16:22:00,26,2,1121.63,168.24,30,Net Banking,Delivered
3359,39,34,2024-08-28,14:04:00,35,5,1643.65,164.37,49,Wallet,Delivered
3360,360,30,2025-04-16,19:28:00,65,5,169.65,0.0,20,UPI,Delivered
3361,539,138,2024-02-28,21:55:00,15,5,595.46,0.0,40,Debit Card,Delivered
3362,174,245,2026-03-25,16:07:00,29,1,199.09,19.91,49,Cash on Delivery,Delivered
3363,358,133,2025-12-18,23:20:00,36,6,1029.23,0.0,49,Debit Card,Delivered
3364,100,78,2024-12-09,09:18:00,54,4,415.64,0.0,40,Cash on Delivery,Delivered
3365,299,174,2025-02-06,12:28:00,26,5,841.14,0.0,0,Net Banking,Delivered
3366,295,197,2025-12-07,12:02:00,34,2,1214.19,0.0,30,UPI,Returned
3367,266,233,2025-02-14,12:06:00,46,4,558.13,0.0,30,Net Banking,Cancelled
3368,588,232,2024-10-20,11:27:00,65,6,1383.62,69.18,40,Debit Card,Delivered
3369,453,143,2026-07-04,21:36:00,47,6,1521.04,228.16,30,Net Banking,Delivered
3370,458,70,2025-09-27,10:48:00,20,1,784.09,156.82,40,Cash on Delivery,Returned
3371,155,110,2024-10-23,10:32:00,43,5,516.73,51.67,40,Net Banking,Delivered
3372,325,56,2025-04-10,23:03:00,19,2,588.28,0.0,0,Cash on Delivery,Returned
3373,273,92,2025-11-23,12:59:00,31,2,1777.43,88.87,49,UPI,Delivered
3374,451,1,2024-10-26,09:30:00,55,5,457.52,0.0,0,Net Banking,Delivered
3375,383,101,2026-03-16,13:27:00,59,5,354.46,0.0,20,Wallet,Returned
3376,163,121,2026-09-02,14:21:00,64,4,317.92,0.0,40,Cash on Delivery,Cancelled
3377,75,40,2026-05-23,15:00:00,16,5,1431.12,71.56,49,Net Banking,Delivered
3378,118,95,2024-08-27,12:45:00,34,2,691.9,34.59,40,UPI,Delivered
3379,595,139,2026-03-14,08:56:00,36,4,1482.81,0.0,40,Wallet,Delivered
3380,48,179,2026-09-03,14:01:00,27,3,242.93,0.0,40,Debit Card,Returned
3381,194,33,2025-08-25,18:27:00,61,5,568.51,85.28,49,Cash on Delivery,Returned
3382,452,209,2026-09-15,08:47:00,46,1,836.0,0.0,40,Debit Card,Delivered
3383,102,213,2024-10-11,15:15:00,43,1,1788.01,357.6,30,Wallet,Delivered
3384,82,187,2026-06-07,23:19:00,33,2,771.03,38.55,0,Wallet,Returned
3385,391,62,2025-05-30,22:27:00,26,1,1643.0,82.15,40,Debit Card,Delivered
3386,333,66,2026-09-22,19:53:00,47,4,840.86,84.09,20,Debit Card,Delivered
3387,512,79,2024-03-09,16:10:00,46,5,727.4,0.0,0,Debit Card,Delivered
3388,516,129,2025-04-26,13:26:00,28,6,553.84,55.38,20,UPI,Returned
3389,165,35,2024-07-28,15:36:00,52,5,1627.05,325.41,20,UPI,Delivered
3390,577,202,2024-01-25,08:29:00,59,1,475.52,0.0,0,Debit Card,Returned
3391,280,243,2025-06-07,16:59:00,64,3,825.45,165.09,40,UPI,Delivered
3392,273,29,2026-01-21,22:41:00,59,4,776.19,0.0,30,Cash on Delivery,Delivered
3393,237,148,2024-03-27,11:25:00,58,6,641.0,32.05,40,Cash on Delivery,Returned
3394,461,193,2026-04-14,20:59:00,38,4,1328.89,66.44,40,Debit Card,Delivered
3395,404,12,2025-07-29,19:08:00,15,5,1247.64,0.0,20,Net Banking,Delivered
3396,319,85,2026-06-20,18:59:00,26,1,944.9,0.0,30,Net Banking,Delivered
3397,551,133,2025-05-21,12:37:00,50,5,939.25,0.0,40,Debit Card,Delivered
3398,283,37,2024-06-19,08:27:00,19,6,1295.72,0.0,0,Cash on Delivery,Delivered
3399,175,153,2026-04-26,22:50:00,58,2,1204.2,60.21,30,UPI,Delivered
3400,390,205,2025-05-05,12:19:00,41,4,459.64,0.0,20,Credit Card,Delivered
3401,264,64,2024-02-26,14:05:00,49,6,439.06,43.91,20,Credit Card,Delivered
3402,81,28,2026-08-01,11:51:00,47,3,1243.22,62.16,30,Debit Card,Delivered
3403,545,83,2024-12-17,23:20:00,38,2,1290.17,0.0,20,Net Banking,Delivered
3404,107,88,2024-03-17,16:12:00,41,5,888.53,0.0,30,Cash on Delivery,Returned
3405,536,55,2024-11-20,10:59:00,43,5,1597.89,0.0,49,Cash on Delivery,Returned
3406,92,169,2024-09-04,18:22:00,40,4,1655.3,82.77,20,Wallet,Cancelled
3407,556,183,2026-04-04,19:45:00,62,5,854.77,0.0,0,Cash on Delivery,Returned
3408,547,237,2024-05-24,18:43:00,39,1,1283.4,128.34,49,Wallet,Delivered
3409,114,199,2026-04-21,21:08:00,31,4,1689.58,0.0,40,Cash on Delivery,Returned
3410,173,152,2024-07-19,20:51:00,58,5,597.05,29.85,49,Debit Card,Delivered
3411,497,248,2025-08-27,22:12:00,42,4,1068.51,213.7,49,UPI,Delivered
3412,5,34,2025-11-01,23:52:00,19,5,1395.12,209.27,49,Debit Card,Returned
3413,131,215,2024-01-10,14:34:00,57,4,386.86,0.0,0,Debit Card,Returned
3414,78,147,2024-02-12,16:57:00,37,6,1458.14,0.0,30,Wallet,Delivered
3415,428,177,2024-07-06,12:02:00,21,4,685.46,34.27,20,Wallet,Cancelled
3416,218,174,2024-12-27,09:33:00,24,3,436.87,0.0,40,Credit Card,Delivered
3417,247,173,2025-07-05,10:17:00,15,2,210.14,10.51,30,Debit Card,Delivered
3418,540,215,2024-10-17,10:43:00,32,2,222.96,0.0,49,Debit Card,Cancelled
3419,355,13,2025-05-14,16:23:00,15,6,1128.42,169.26,20,Credit Card,Delivered
3420,56,219,2025-08-21,22:01:00,23,3,573.31,0.0,20,UPI,Delivered
3421,13,120,2025-05-10,11:42:00,50,2,515.82,0.0,20,Credit Card,Delivered
3422,487,162,2025-10-20,15:31:00,42,3,696.49,34.82,40,UPI,Delivered
3423,131,114,2024-12-31,23:14:00,36,3,640.77,0.0,30,Cash on Delivery,Delivered
3424,185,233,2025-02-02,21:27:00,21,3,1617.41,0.0,49,Credit Card,Delivered
3425,131,156,2024-09-29,13:29:00,60,1,1518.21,0.0,30,UPI,Returned
3426,101,54,2026-06-24,16:53:00,29,6,539.26,0.0,40,Credit Card,Delivered
3427,553,249,2025-09-19,18:32:00,26,3,1484.76,74.24,20,Credit Card,Returned
3428,579,18,2026-05-01,12:38:00,53,1,491.36,0.0,49,UPI,Cancelled
3429,453,89,2025-09-05,15:36:00,59,3,649.3,97.39,0,Debit Card,Cancelled
3430,87,203,2026-01-27,10:26:00,58,2,1771.48,0.0,40,Wallet,Returned
3431,334,154,2024-03-31,09:00:00,60,3,1521.39,0.0,40,Debit Card,Cancelled
3432,402,69,2024-10-24,16:13:00,25,6,1427.27,285.45,40,Net Banking,Delivered
3433,259,38,2024-06-09,08:40:00,18,4,1177.14,0.0,40,Cash on Delivery,Returned
3434,513,62,2024-11-22,13:29:00,47,1,1543.26,154.33,40,Net Banking,Delivered
3435,494,28,2024-02-27,14:12:00,49,3,486.32,0.0,0,Net Banking,Delivered
3436,62,171,2025-03-09,14:40:00,23,3,984.32,196.86,40,Wallet,Delivered
3437,457,227,2024-12-04,17:25:00,38,5,814.16,40.71,20,Net Banking,Returned
3438,317,247,2025-04-18,08:15:00,33,3,1469.75,220.46,20,Credit Card,Cancelled
3439,294,210,2025-01-22,19:41:00,65,6,814.02,162.8,49,Debit Card,Delivered
3440,343,76,2026-02-05,21:47:00,27,3,323.43,0.0,40,Credit Card,Delivered
3441,70,210,2025-06-11,19:06:00,65,6,1536.46,76.82,40,Net Banking,Returned
3442,396,92,2025-12-21,19:58:00,52,4,669.71,33.49,0,UPI,Returned
3443,235,181,2024-08-12,22:47:00,35,2,426.33,85.27,40,Wallet,Delivered
3444,529,66,2025-10-14,12:05:00,15,5,388.39,0.0,30,UPI,Returned
3445,272,87,2024-12-27,23:58:00,52,6,738.69,110.8,20,Cash on Delivery,Returned
3446,134,59,2025-05-11,20:26:00,17,3,237.75,0.0,40,Debit Card,Cancelled
3447,59,48,2025-09-25,23:02:00,49,1,490.74,24.54,20,Credit Card,Delivered
3448,573,37,2024-05-04,08:39:00,64,2,727.66,145.53,20,Debit Card,Returned
3449,195,156,2024-06-05,13:38:00,55,3,175.33,26.3,30,Net Banking,Delivered
3450,137,143,2024-09-23,08:29:00,42,6,1205.97,120.6,30,Credit Card,Delivered
3451,56,236,2025-07-12,22:34:00,28,6,1797.85,0.0,40,Cash on Delivery,Delivered
3452,25,13,2026-08-31,22:32:00,24,3,629.79,31.49,40,Cash on Delivery,Delivered
3453,317,177,2025-07-29,15:27:00,58,1,1262.41,126.24,30,Credit Card,Delivered
3454,419,130,2024-06-11,19:57:00,61,1,1009.35,0.0,49,Credit Card,Delivered
3455,438,43,2025-08-07,23:50:00,26,4,758.94,151.79,20,Credit Card,Cancelled
3456,336,115,2026-01-22,13:31:00,30,6,1708.41,256.26,40,Net Banking,Returned
3457,170,122,2026-09-11,09:46:00,58,3,905.44,0.0,20,Debit Card,Returned
3458,258,225,2026-06-17,21:26:00,40,1,197.23,0.0,30,Net Banking,Returned
3459,396,23,2025-07-13,09:24:00,47,4,403.59,80.72,49,Cash on Delivery,Returned
3460,533,179,2025-06-18,23:39:00,25,3,1752.73,175.27,30,UPI,Cancelled
3461,369,22,2025-06-16,21:39:00,60,3,820.71,0.0,20,Wallet,Delivered
3462,280,13,2026-05-20,15:44:00,56,2,1579.63,157.96,20,Net Banking,Delivered
3463,125,102,2025-08-16,14:17:00,45,4,1103.84,220.77,20,Wallet,Cancelled
3464,506,248,2025-05-20,15:40:00,54,5,1475.85,0.0,20,Credit Card,Delivered
3465,79,99,2024-08-08,11:32:00,63,3,423.04,0.0,20,Credit Card,Delivered
3466,102,94,2024-06-04,14:04:00,27,2,1487.0,74.35,20,Wallet,Delivered
3467,299,197,2024-01-05,13:05:00,25,4,196.44,0.0,0,Net Banking,Delivered
3468,437,124,2024-07-10,09:53:00,22,2,1165.67,116.57,0,Credit Card,Delivered
3469,468,125,2025-10-12,18:25:00,51,6,1277.95,0.0,0,Wallet,Delivered
3470,596,164,2026-02-08,10:29:00,39,3,1536.06,0.0,20,Debit Card,Delivered
3471,543,62,2024-09-20,14:50:00,47,4,311.07,0.0,30,Debit Card,Returned
3472,505,78,2025-03-21,11:07:00,44,6,218.42,32.76,49,Cash on Delivery,Delivered
3473,137,124,2024-05-24,13:57:00,17,3,209.42,20.94,20,Wallet,Returned
3474,533,3,2026-05-31,14:18:00,55,6,1074.07,0.0,20,Credit Card,Cancelled
3475,116,98,2025-11-13,08:01:00,38,5,1582.33,0.0,20,Debit Card,Returned
3476,78,140,2024-08-27,12:43:00,62,3,434.0,21.7,40,Credit Card,Delivered
3477,152,168,2026-06-08,09:56:00,25,1,490.01,0.0,40,Cash on Delivery,Delivered
3478,355,186,2024-10-24,13:33:00,62,2,401.34,20.07,40,Wallet,Delivered
3479,104,192,2026-02-14,10:25:00,43,5,306.17,61.23,40,Cash on Delivery,Returned
3480,550,106,2026-01-24,12:38:00,15,2,657.36,0.0,20,Net Banking,Delivered
3481,263,194,2024-06-22,21:28:00,29,1,406.66,0.0,49,Net Banking,Delivered
3482,86,124,2025-12-03,18:13:00,56,1,595.29,89.29,0,Debit Card,Cancelled
3483,80,156,2025-06-18,16:49:00,19,1,1236.77,0.0,40,Debit Card,Delivered
3484,3,136,2024-09-22,18:10:00,50,3,813.61,40.68,40,UPI,Cancelled
3485,509,130,2024-09-13,21:28:00,54,4,203.18,0.0,49,Wallet,Returned
3486,233,7,2025-10-28,22:25:00,32,6,614.11,0.0,30,Net Banking,Cancelled
3487,330,84,2026-01-05,08:05:00,46,2,862.33,43.12,49,Cash on Delivery,Cancelled
3488,141,141,2024-07-10,08:07:00,59,5,1645.06,0.0,0,Debit Card,Delivered
3489,93,193,2024-06-10,10:52:00,27,3,166.52,0.0,40,Net Banking,Delivered
3490,75,227,2025-09-24,09:23:00,16,2,628.79,31.44,30,UPI,Delivered
3491,481,164,2025-12-31,16:54:00,45,1,1327.95,66.4,0,Wallet,Delivered
3492,279,139,2024-12-26,22:36:00,42,5,1054.33,0.0,0,Credit Card,Delivered
3493,58,115,2026-01-25,08:19:00,55,3,1032.28,0.0,20,Net Banking,Returned
3494,534,31,2025-08-14,09:58:00,22,1,1794.61,358.92,30,Debit Card,Returned
3495,417,128,2026-03-25,20:29:00,43,4,1635.56,163.56,30,Credit Card,Delivered
3496,579,103,2026-01-25,08:06:00,45,1,1074.65,214.93,0,Cash on Delivery,Delivered
3497,314,85,2024-03-17,23:55:00,44,1,336.61,0.0,20,Net Banking,Delivered
3498,258,181,2024-12-24,15:19:00,43,5,1588.28,79.41,40,Wallet,Cancelled
3499,331,221,2024-07-13,12:03:00,54,3,1188.67,178.3,20,Net Banking,Delivered
3500,537,145,2025-07-22,23:50:00,30,3,1310.71,65.54,20,Cash on Delivery,Cancelled
3501,195,56,2025-10-05,18:44:00,45,6,1173.39,0.0,30,UPI,Delivered
3502,249,148,2025-05-30,20:42:00,42,2,1319.3,263.86,49,Debit Card,Delivered
3503,294,137,2024-10-19,16:08:00,58,4,537.42,53.74,20,Debit Card,Returned
3504,403,204,2025-11-24,19:08:00,60,2,1132.72,113.27,49,Cash on Delivery,Returned
3505,465,104,2024-06-19,12:30:00,30,3,1755.16,351.03,20,Credit Card,Delivered
3506,4,241,2025-02-03,13:03:00,21,4,832.53,0.0,30,UPI,Delivered
3507,269,177,2026-06-17,12:05:00,38,4,1278.72,0.0,30,Credit Card,Delivered
3508,217,103,2024-06-24,21:11:00,28,2,732.25,0.0,30,Debit Card,Delivered
3509,373,93,2026-03-29,11:47:00,56,3,461.69,92.34,30,Credit Card,Delivered
3510,80,27,2025-04-23,18:16:00,51,3,612.29,61.23,30,Cash on Delivery,Returned
3511,296,43,2026-02-22,10:40:00,50,5,1327.24,0.0,30,Cash on Delivery,Cancelled
3512,518,29,2026-07-09,19:04:00,25,5,306.89,15.34,30,Cash on Delivery,Returned
3513,178,231,2024-09-14,20:18:00,26,5,1121.67,112.17,40,Credit Card,Delivered
3514,452,187,2024-07-28,18:13:00,56,5,1158.78,57.94,30,Wallet,Delivered
3515,122,93,2024-09-02,08:03:00,44,3,1480.0,0.0,30,Wallet,Delivered
3516,542,57,2026-05-27,16:30:00,51,2,1661.23,0.0,0,Debit Card,Delivered
3517,572,44,2024-09-23,18:47:00,27,1,163.19,16.32,0,Credit Card,Delivered
3518,415,77,2026-07-14,15:47:00,45,5,1195.12,239.02,40,Credit Card,Delivered
3519,211,191,2024-02-18,10:58:00,32,6,818.48,40.92,40,Wallet,Returned
3520,399,30,2026-01-12,08:24:00,53,6,814.21,122.13,40,Debit Card,Delivered
3521,105,226,2026-04-11,12:51:00,65,1,991.71,49.59,49,Wallet,Returned
3522,38,99,2024-12-12,08:27:00,19,3,855.45,0.0,49,UPI,Delivered
3523,111,231,2024-06-17,18:00:00,23,6,1784.78,0.0,40,UPI,Delivered
3524,261,195,2024-02-23,13:58:00,45,2,1057.31,211.46,49,Net Banking,Delivered
3525,524,247,2024-08-20,12:07:00,26,1,1051.03,0.0,30,Wallet,Returned
3526,562,76,2024-05-24,19:02:00,44,5,783.65,39.18,49,Net Banking,Returned
3527,464,130,2026-06-15,16:10:00,17,1,1207.52,0.0,0,Debit Card,Delivered
3528,140,66,2025-02-05,08:41:00,45,2,1534.88,0.0,20,Wallet,Delivered
3529,434,18,2026-01-05,19:37:00,38,2,991.62,198.32,30,Wallet,Delivered
3530,280,117,2024-11-27,23:44:00,42,2,1624.26,81.21,49,Net Banking,Cancelled
3531,236,8,2024-12-14,18:31:00,45,5,908.3,181.66,49,Wallet,Delivered
3532,214,100,2025-03-30,21:01:00,45,3,1329.42,0.0,0,Debit Card,Delivered
3533,224,155,2024-10-06,11:20:00,15,3,1493.08,0.0,49,UPI,Cancelled
3534,350,250,2026-04-07,21:47:00,16,2,1011.64,202.33,49,Wallet,Delivered
3535,393,109,2026-01-03,08:54:00,54,4,475.28,0.0,40,Cash on Delivery,Delivered
3536,498,84,2026-05-15,10:51:00,25,1,215.66,21.57,30,Credit Card,Delivered
3537,170,170,2024-05-20,20:19:00,56,3,1656.99,165.7,0,Credit Card,Delivered
3538,354,150,2024-10-27,09:32:00,37,5,1183.78,0.0,40,Debit Card,Cancelled
3539,345,41,2026-03-31,16:41:00,30,4,1418.44,283.69,49,Debit Card,Delivered
3540,458,186,2026-07-04,21:58:00,58,3,1419.38,0.0,40,Credit Card,Delivered
3541,259,144,2026-04-11,19:46:00,62,2,674.83,0.0,20,Debit Card,Returned
3542,565,213,2024-10-24,21:29:00,65,5,1540.78,0.0,0,Wallet,Delivered
3543,333,198,2024-06-22,13:54:00,45,5,1382.54,0.0,49,Debit Card,Delivered
3544,439,84,2026-06-17,13:13:00,65,5,787.65,0.0,49,Net Banking,Delivered
3545,55,37,2024-03-02,15:42:00,48,3,572.26,28.61,0,UPI,Delivered
3546,269,195,2024-04-01,18:36:00,60,1,1701.46,0.0,20,Cash on Delivery,Delivered
3547,328,121,2026-06-29,18:14:00,59,5,692.39,103.86,20,Wallet,Delivered
3548,494,97,2025-12-23,15:21:00,25,5,597.66,0.0,30,Credit Card,Returned
3549,445,192,2024-06-20,08:17:00,18,5,715.0,0.0,40,Credit Card,Cancelled
3550,270,227,2025-02-21,10:04:00,48,5,956.94,47.85,20,Cash on Delivery,Cancelled
3551,534,46,2025-10-28,20:57:00,37,5,1620.41,0.0,20,Wallet,Delivered
3552,43,74,2024-04-14,10:30:00,20,4,201.09,0.0,20,Wallet,Returned
3553,237,16,2025-05-31,19:18:00,33,1,1008.96,0.0,20,Cash on Delivery,Returned
3554,441,14,2025-11-11,13:43:00,16,6,1136.22,0.0,0,Credit Card,Delivered
3555,567,139,2024-02-19,13:43:00,19,1,1094.99,54.75,40,Wallet,Returned
3556,424,128,2026-08-20,22:50:00,44,4,523.48,26.17,30,Cash on Delivery,Delivered
3557,319,92,2024-12-22,17:21:00,54,1,469.49,46.95,0,Net Banking,Delivered
3558,257,52,2025-01-01,11:06:00,18,2,761.46,0.0,49,Debit Card,Delivered
3559,211,61,2026-04-22,09:34:00,54,6,1381.86,0.0,20,Credit Card,Returned
3560,85,53,2025-01-08,10:19:00,56,5,649.03,97.35,0,Cash on Delivery,Delivered
3561,147,97,2024-09-13,08:27:00,23,4,143.87,7.19,30,Wallet,Delivered
3562,328,162,2024-05-06,17:19:00,47,4,854.13,0.0,40,Debit Card,Delivered
3563,251,189,2024-09-18,12:29:00,59,5,882.07,0.0,20,Net Banking,Delivered
3564,55,112,2025-08-03,18:52:00,45,2,699.39,104.91,0,Credit Card,Cancelled
3565,370,130,2025-09-26,14:29:00,44,1,390.16,39.02,20,Net Banking,Delivered
3566,544,197,2025-07-26,10:37:00,57,6,1110.31,0.0,49,Debit Card,Delivered
3567,394,174,2026-01-12,18:39:00,52,1,1378.56,206.78,49,Debit Card,Delivered
3568,404,169,2024-10-27,17:27:00,31,3,362.56,72.51,49,UPI,Delivered
3569,265,19,2026-09-18,19:10:00,34,2,1763.53,352.71,49,Cash on Delivery,Delivered
3570,552,94,2024-12-04,16:31:00,15,1,963.54,48.18,40,Net Banking,Returned
3571,355,196,2024-02-16,11:57:00,58,3,751.26,0.0,49,Wallet,Cancelled
3572,434,126,2024-05-26,18:57:00,17,6,335.33,33.53,0,UPI,Returned
3573,318,171,2024-03-19,22:30:00,60,1,1512.14,75.61,20,Debit Card,Returned
3574,434,11,2025-11-20,15:06:00,41,1,492.22,0.0,0,Wallet,Delivered
3575,131,206,2025-12-02,10:24:00,32,3,928.8,185.76,20,Cash on Delivery,Delivered
3576,296,166,2024-07-02,14:55:00,23,5,1387.46,69.37,49,Debit Card,Delivered
3577,364,175,2024-02-23,21:58:00,40,5,1691.7,0.0,30,Debit Card,Returned
3578,480,29,2025-12-10,18:23:00,41,6,819.55,163.91,40,Cash on Delivery,Delivered
3579,597,229,2024-11-04,09:36:00,30,4,1689.49,0.0,40,Debit Card,Delivered
3580,15,88,2025-08-05,19:20:00,22,6,814.38,162.88,0,Credit Card,Cancelled
3581,343,107,2024-07-11,13:08:00,31,3,1684.26,168.43,20,Debit Card,Delivered
3582,414,18,2025-08-30,12:05:00,24,6,1311.16,131.12,40,Wallet,Delivered
3583,572,215,2026-02-17,20:37:00,46,5,631.01,31.55,49,Net Banking,Returned
3584,419,190,2024-07-21,10:36:00,42,2,218.2,0.0,40,Wallet,Delivered
3585,267,182,2024-07-28,20:36:00,26,2,1400.02,280.0,49,Wallet,Delivered
3586,433,65,2024-05-16,15:00:00,22,2,930.9,46.55,49,Wallet,Delivered
3587,114,125,2025-02-03,14:06:00,63,5,272.0,54.4,49,Cash on Delivery,Cancelled
3588,478,175,2025-10-29,08:53:00,48,3,1241.16,0.0,40,UPI,Delivered
3589,154,45,2024-07-16,08:26:00,27,3,820.86,0.0,30,Cash on Delivery,Delivered
3590,383,101,2025-09-27,17:10:00,64,5,995.01,199.0,0,UPI,Delivered
3591,9,215,2025-12-27,09:13:00,62,2,907.54,0.0,20,Credit Card,Delivered
3592,537,45,2025-12-27,22:19:00,59,4,467.79,93.56,30,Credit Card,Returned
3593,235,202,2024-12-15,21:05:00,22,5,984.95,196.99,20,UPI,Cancelled
3594,554,1,2025-12-04,21:54:00,58,6,1329.39,0.0,49,Wallet,Delivered
3595,143,170,2024-03-09,18:12:00,56,6,1589.36,238.4,0,UPI,Returned
3596,168,129,2026-02-19,10:29:00,46,5,170.43,0.0,40,Cash on Delivery,Delivered
3597,403,59,2025-02-05,17:30:00,26,5,243.71,0.0,20,Cash on Delivery,Delivered
3598,596,132,2024-10-13,18:00:00,27,2,1761.66,88.08,49,UPI,Returned
3599,178,171,2025-11-10,16:01:00,29,4,726.86,0.0,20,Wallet,Returned
3600,111,169,2024-07-24,12:45:00,31,6,696.16,139.23,40,Wallet,Delivered
3601,425,116,2026-04-30,11:37:00,55,3,199.69,39.94,20,UPI,Delivered
3602,413,129,2025-04-10,09:29:00,65,1,331.35,66.27,40,Debit Card,Cancelled
3603,291,218,2026-05-24,17:50:00,49,5,241.38,0.0,20,Wallet,Delivered
3604,518,61,2025-06-03,13:58:00,15,6,244.05,0.0,30,Net Banking,Delivered
3605,453,128,2025-02-27,16:36:00,20,2,791.93,0.0,40,Debit Card,Delivered
3606,424,215,2024-12-20,12:32:00,25,2,1301.27,260.25,40,UPI,Delivered
3607,336,169,2024-10-02,08:56:00,23,5,632.27,126.45,30,Net Banking,Delivered
3608,195,172,2026-05-22,16:47:00,35,4,926.83,185.37,40,Cash on Delivery,Delivered
3609,244,236,2025-07-09,21:21:00,55,3,147.65,22.15,0,Wallet,Delivered
3610,93,179,2025-01-11,19:46:00,40,6,865.25,0.0,20,Credit Card,Delivered
3611,374,246,2026-08-16,14:24:00,15,1,1093.01,0.0,0,Credit Card,Returned
3612,471,8,2025-03-01,20:06:00,50,3,1247.88,62.39,0,Wallet,Delivered
3613,505,137,2024-02-12,22:08:00,15,6,354.96,70.99,20,Wallet,Returned
3614,220,141,2026-08-20,11:04:00,25,1,1394.03,139.4,49,Cash on Delivery,Delivered
3615,489,110,2024-08-13,22:10:00,16,2,1206.74,0.0,30,Debit Card,Delivered
3616,230,230,2025-01-19,19:26:00,45,1,892.8,0.0,49,Wallet,Returned
3617,3,89,2025-02-19,18:31:00,33,2,1109.44,55.47,40,UPI,Delivered
3618,267,101,2026-04-18,22:12:00,53,2,247.5,0.0,49,UPI,Delivered
3619,350,70,2025-03-11,23:47:00,30,6,1230.62,246.12,30,Net Banking,Delivered
3620,440,137,2024-05-07,09:54:00,25,3,476.74,0.0,20,Net Banking,Cancelled
3621,433,215,2026-06-22,21:08:00,35,3,1773.86,354.77,49,UPI,Returned
3622,34,145,2024-12-01,09:19:00,15,1,1429.7,71.48,0,Debit Card,Delivered
3623,479,197,2026-01-20,08:02:00,16,1,1659.49,248.92,0,UPI,Delivered
3624,215,133,2025-06-02,18:16:00,40,4,1661.69,249.25,20,Wallet,Delivered
3625,509,73,2024-09-06,20:48:00,51,2,1498.07,224.71,0,Net Banking,Delivered
3626,283,27,2024-08-03,11:36:00,48,3,1709.81,85.49,40,UPI,Delivered
3627,225,37,2024-04-21,14:00:00,37,3,331.43,49.71,49,Wallet,Delivered
3628,180,92,2025-10-07,10:06:00,20,5,1222.44,0.0,30,Net Banking,Delivered
3629,15,148,2024-10-27,13:42:00,51,3,225.93,0.0,30,Net Banking,Delivered
3630,38,187,2025-11-30,15:48:00,64,2,534.8,53.48,40,Wallet,Delivered
3631,480,100,2026-05-23,21:02:00,55,4,1516.74,303.35,49,Net Banking,Delivered
3632,73,229,2024-07-25,17:01:00,56,2,1067.81,213.56,40,Net Banking,Cancelled
3633,547,119,2024-10-20,17:42:00,59,6,446.63,44.66,0,Net Banking,Cancelled
3634,418,62,2024-06-13,14:40:00,54,6,1495.83,224.37,0,Credit Card,Delivered
3635,392,63,2025-06-06,13:56:00,15,4,325.65,0.0,49,UPI,Delivered
3636,334,31,2024-08-15,15:52:00,21,1,1485.35,148.53,40,UPI,Delivered
3637,449,213,2025-04-04,20:53:00,43,4,240.08,0.0,49,Net Banking,Delivered
3638,139,196,2024-02-04,15:03:00,24,5,1749.81,87.49,30,Cash on Delivery,Delivered
3639,35,92,2025-05-30,13:15:00,58,1,471.48,0.0,40,Cash on Delivery,Delivered
3640,543,124,2024-04-23,13:17:00,63,5,913.21,0.0,40,Debit Card,Delivered
3641,477,17,2024-07-12,20:18:00,51,4,920.73,0.0,30,UPI,Returned
3642,317,81,2024-08-22,22:22:00,63,2,717.15,107.57,30,Debit Card,Returned
3643,531,137,2024-05-29,18:08:00,61,4,1219.89,121.99,49,UPI,Returned
3644,116,209,2025-06-17,19:06:00,63,1,1495.81,0.0,40,Cash on Delivery,Cancelled
3645,238,140,2026-06-04,19:04:00,35,4,838.75,125.81,40,Cash on Delivery,Delivered
3646,378,16,2025-11-07,21:48:00,49,1,1750.53,175.05,20,Net Banking,Returned
3647,215,18,2026-05-30,15:16:00,42,3,1300.28,0.0,40,Debit Card,Delivered
3648,439,14,2024-09-11,17:47:00,62,3,753.06,112.96,20,Credit Card,Delivered
3649,592,39,2024-09-07,17:39:00,38,2,588.55,0.0,40,UPI,Delivered
3650,79,82,2026-06-03,18:46:00,45,5,1696.79,254.52,20,Cash on Delivery,Cancelled
3651,549,140,2024-01-08,14:51:00,25,3,1792.22,268.83,20,Cash on Delivery,Delivered
3652,387,29,2025-11-12,20:49:00,25,6,1681.85,168.19,40,Net Banking,Delivered
3653,257,124,2025-03-03,13:57:00,28,6,908.58,0.0,49,Debit Card,Returned
3654,286,121,2025-07-27,22:48:00,59,2,814.19,0.0,49,Credit Card,Delivered
3655,159,46,2026-01-11,16:05:00,64,6,1737.86,260.68,20,Credit Card,Delivered
3656,1,222,2026-08-19,20:11:00,37,2,1271.14,0.0,0,Net Banking,Delivered
3657,282,88,2025-01-11,16:04:00,49,5,395.83,39.58,49,Credit Card,Delivered
3658,268,197,2024-01-04,09:56:00,29,3,795.93,0.0,20,Credit Card,Delivered
3659,155,111,2025-05-01,14:20:00,57,3,1583.41,0.0,30,Cash on Delivery,Delivered
3660,560,244,2025-01-24,19:28:00,21,4,1511.57,151.16,49,Wallet,Delivered
3661,143,24,2024-07-18,12:49:00,62,3,220.27,11.01,20,Net Banking,Delivered
3662,550,81,2025-01-30,17:40:00,28,3,856.27,0.0,49,Net Banking,Cancelled
3663,216,6,2025-08-13,13:54:00,38,5,858.13,85.81,49,Wallet,Returned
3664,297,102,2025-04-23,14:25:00,28,1,786.33,0.0,0,Net Banking,Delivered
3665,397,11,2024-04-15,23:10:00,62,4,1745.31,0.0,49,UPI,Cancelled
3666,213,180,2026-06-30,20:19:00,53,1,986.15,197.23,30,Wallet,Delivered
3667,289,147,2024-03-23,10:27:00,30,3,1553.43,233.01,20,Wallet,Delivered
3668,235,242,2024-04-07,09:45:00,59,1,772.16,0.0,40,Cash on Delivery,Cancelled
3669,148,135,2024-10-07,19:53:00,35,3,241.58,48.32,0,Net Banking,Returned
3670,340,117,2025-09-22,20:09:00,25,5,711.35,142.27,0,Wallet,Delivered
3671,524,80,2025-06-23,21:05:00,17,4,1348.27,269.65,40,Wallet,Delivered
3672,62,47,2026-06-06,20:57:00,15,3,823.65,0.0,0,Cash on Delivery,Delivered
3673,344,52,2025-06-07,11:58:00,61,4,1617.23,0.0,30,Debit Card,Delivered
3674,25,107,2025-02-02,23:34:00,49,3,656.68,32.83,20,Credit Card,Delivered
3675,441,90,2024-02-27,13:58:00,58,3,376.83,0.0,49,Net Banking,Cancelled
3676,355,69,2026-01-30,16:54:00,15,4,248.12,0.0,0,Wallet,Delivered
3677,176,158,2025-06-12,19:01:00,25,2,1230.86,0.0,30,Wallet,Returned
3678,32,216,2025-03-11,21:28:00,21,3,1028.69,0.0,20,Wallet,Cancelled
3679,125,128,2026-02-21,10:16:00,44,5,1397.4,0.0,30,Wallet,Delivered
3680,175,145,2026-07-30,13:18:00,63,5,418.66,0.0,20,Net Banking,Returned
3681,563,19,2024-12-31,13:03:00,47,5,1564.0,234.6,30,Credit Card,Delivered
3682,452,224,2025-02-05,08:07:00,25,4,1140.23,0.0,30,UPI,Delivered
3683,59,123,2026-01-24,15:45:00,23,3,1379.72,137.97,0,Credit Card,Delivered
3684,303,62,2024-02-25,15:52:00,59,2,733.83,110.07,20,Cash on Delivery,Delivered
3685,407,209,2024-06-04,15:35:00,29,5,1733.28,0.0,0,Wallet,Cancelled
3686,494,165,2025-02-06,19:16:00,28,5,1101.17,0.0,20,Wallet,Delivered
3687,365,189,2025-06-21,08:12:00,29,1,998.2,149.73,30,UPI,Delivered
3688,570,106,2025-11-02,15:53:00,23,5,1210.07,121.01,30,UPI,Delivered
3689,59,194,2026-04-29,16:59:00,57,5,1556.3,233.44,0,Debit Card,Delivered
3690,29,215,2024-11-18,11:35:00,23,2,903.93,0.0,0,UPI,Delivered
3691,54,124,2024-09-16,17:16:00,45,5,1280.67,128.07,0,Wallet,Delivered
3692,483,32,2025-05-11,16:54:00,60,1,169.67,25.45,30,Debit Card,Delivered
3693,541,174,2026-06-30,16:58:00,48,4,673.65,33.68,20,Cash on Delivery,Delivered
3694,285,154,2025-01-22,20:24:00,15,4,346.97,17.35,40,Wallet,Delivered
3695,300,218,2026-06-21,23:16:00,21,2,131.22,0.0,49,UPI,Cancelled
3696,447,133,2025-08-31,14:32:00,55,2,717.39,143.48,20,Net Banking,Returned
3697,600,161,2024-10-15,08:19:00,28,5,535.07,0.0,0,Cash on Delivery,Delivered
3698,141,102,2025-09-14,18:30:00,43,3,342.43,17.12,40,Net Banking,Delivered
3699,573,240,2024-02-22,14:42:00,62,1,837.95,41.9,40,Net Banking,Delivered
3700,471,81,2024-06-02,16:53:00,56,5,232.65,0.0,20,Cash on Delivery,Delivered
3701,275,41,2025-09-16,15:48:00,54,2,139.19,13.92,30,Credit Card,Delivered
3702,376,35,2026-01-28,20:02:00,48,6,1022.66,0.0,20,Credit Card,Delivered
3703,573,215,2025-04-24,15:18:00,60,1,276.23,0.0,49,Net Banking,Delivered
3704,312,117,2024-12-02,16:46:00,46,2,1248.9,187.34,40,Cash on Delivery,Delivered
3705,283,195,2025-08-25,09:36:00,41,4,1017.14,101.71,30,Debit Card,Delivered
3706,345,148,2025-05-05,22:14:00,54,4,278.08,0.0,20,Wallet,Delivered
3707,22,88,2025-04-26,14:58:00,40,5,1638.62,245.79,49,UPI,Delivered
3708,532,222,2026-02-02,08:18:00,22,6,1253.04,0.0,40,Net Banking,Returned
3709,285,228,2024-08-07,09:30:00,60,2,1472.6,220.89,49,Wallet,Delivered
3710,468,170,2025-04-09,10:43:00,61,4,1720.85,172.09,49,UPI,Delivered
3711,328,130,2025-04-18,13:14:00,41,2,637.78,0.0,0,UPI,Delivered
3712,551,220,2024-12-05,22:35:00,60,4,874.75,0.0,20,Cash on Delivery,Delivered
3713,489,178,2024-06-12,10:35:00,24,5,1531.31,0.0,40,Net Banking,Delivered
3714,547,131,2025-01-10,13:16:00,51,6,1098.6,109.86,40,UPI,Returned
3715,543,75,2024-04-12,19:43:00,50,3,1591.12,0.0,40,Wallet,Cancelled
3716,64,181,2026-03-24,16:13:00,44,4,461.38,46.14,30,Debit Card,Delivered
3717,414,249,2025-05-20,08:31:00,22,4,1382.31,276.46,30,Debit Card,Delivered
3718,98,70,2026-02-06,17:00:00,15,1,1373.86,0.0,0,Cash on Delivery,Delivered
3719,421,12,2024-06-01,15:49:00,22,1,1340.66,0.0,0,Cash on Delivery,Delivered
3720,498,41,2025-08-21,21:33:00,62,2,416.46,41.65,49,Wallet,Delivered
3721,313,40,2025-04-09,14:47:00,32,3,1791.41,268.71,40,Net Banking,Returned
3722,153,230,2026-06-03,19:07:00,56,5,927.14,0.0,40,Cash on Delivery,Returned
3723,330,71,2025-04-01,19:32:00,44,5,1299.77,194.97,20,Wallet,Delivered
3724,69,234,2024-03-02,18:12:00,52,6,1289.04,0.0,49,UPI,Delivered
3725,508,118,2024-05-03,18:12:00,60,4,123.4,18.51,0,Cash on Delivery,Delivered
3726,230,180,2024-01-21,16:03:00,25,3,753.39,150.68,0,UPI,Delivered
3727,124,52,2026-07-10,11:26:00,58,4,1542.49,77.12,30,Credit Card,Delivered
3728,1,113,2024-04-23,12:56:00,43,5,1788.04,268.21,40,UPI,Delivered
3729,441,55,2026-01-29,18:00:00,41,3,419.79,62.97,40,Credit Card,Delivered
3730,25,177,2024-10-28,14:32:00,50,6,289.16,43.37,40,Cash on Delivery,Delivered
3731,139,239,2026-06-04,13:54:00,43,1,361.65,0.0,30,Credit Card,Delivered
3732,406,164,2024-08-25,10:20:00,47,3,1792.63,0.0,40,Credit Card,Delivered
3733,429,14,2026-04-25,17:24:00,44,5,384.73,57.71,0,Wallet,Cancelled
3734,447,159,2024-01-22,20:44:00,21,3,1312.85,196.93,30,UPI,Returned
3735,190,101,2026-07-21,10:15:00,31,1,1298.64,259.73,40,Credit Card,Delivered
3736,139,40,2026-03-22,09:52:00,60,4,764.92,38.25,40,Debit Card,Delivered
3737,5,84,2024-08-27,13:17:00,25,6,1752.35,0.0,40,Net Banking,Delivered
3738,227,86,2024-08-17,13:32:00,62,4,1654.66,82.73,49,Wallet,Delivered
3739,375,142,2026-06-29,10:15:00,48,1,1722.0,86.1,20,Credit Card,Delivered
3740,229,97,2026-03-05,22:54:00,50,6,1060.95,0.0,30,Debit Card,Delivered
3741,137,105,2024-04-22,18:07:00,16,4,138.71,20.81,30,Wallet,Delivered
3742,510,3,2025-01-07,13:39:00,38,1,1064.38,106.44,40,Debit Card,Delivered
3743,95,33,2026-03-01,14:21:00,58,5,1098.67,219.73,49,Net Banking,Delivered
3744,178,239,2026-08-14,18:35:00,40,5,372.79,18.64,20,Debit Card,Delivered
3745,26,9,2025-01-27,13:21:00,57,3,225.69,0.0,40,Net Banking,Delivered
3746,372,20,2026-06-05,14:30:00,48,3,1107.78,0.0,0,Credit Card,Delivered
3747,203,69,2026-02-22,16:51:00,36,5,1205.89,180.88,0,Net Banking,Delivered
3748,434,177,2024-06-12,11:12:00,32,4,1402.33,70.12,30,Wallet,Delivered
3749,79,82,2024-06-01,21:49:00,36,2,373.96,0.0,20,Wallet,Delivered
3750,461,11,2026-01-29,11:00:00,21,3,1007.08,0.0,20,Net Banking,Returned
3751,454,19,2025-09-22,16:02:00,64,5,1129.83,169.47,30,Credit Card,Delivered
3752,310,142,2025-11-13,11:51:00,23,4,985.75,49.29,49,Credit Card,Delivered
3753,15,134,2026-05-22,08:20:00,47,5,1474.8,147.48,0,Debit Card,Returned
3754,521,11,2025-07-13,11:17:00,16,2,483.94,72.59,0,Debit Card,Delivered
3755,567,215,2026-01-28,11:44:00,61,1,689.69,103.45,20,Debit Card,Returned
3756,531,185,2026-04-23,21:51:00,52,5,183.9,0.0,0,Credit Card,Delivered
3757,100,106,2025-12-19,21:36:00,34,4,157.03,0.0,0,Credit Card,Delivered
3758,441,247,2025-04-03,21:49:00,31,2,969.61,0.0,30,Net Banking,Delivered
3759,195,102,2026-03-06,13:03:00,44,3,1164.78,232.96,49,Debit Card,Delivered
3760,329,154,2024-03-17,13:24:00,15,5,369.71,0.0,20,UPI,Returned
3761,266,191,2025-03-19,19:26:00,58,3,952.33,190.47,0,Cash on Delivery,Delivered
3762,363,126,2026-05-21,11:13:00,16,3,1766.36,176.64,30,UPI,Delivered
3763,241,238,2025-05-28,20:18:00,56,1,788.53,0.0,0,Net Banking,Delivered
3764,148,225,2026-01-11,18:12:00,65,2,1411.69,282.34,20,UPI,Delivered
3765,152,70,2026-07-03,23:24:00,31,1,1660.31,83.02,0,Credit Card,Returned
3766,583,94,2026-04-14,19:31:00,31,3,1034.07,0.0,49,Wallet,Delivered
3767,331,219,2025-05-31,14:36:00,30,3,1605.98,0.0,49,Credit Card,Delivered
3768,278,163,2026-04-15,16:53:00,24,6,1193.63,119.36,49,Debit Card,Delivered
3769,559,238,2025-06-06,11:37:00,26,1,848.06,42.4,30,Cash on Delivery,Delivered
3770,201,46,2025-01-14,21:51:00,24,4,851.79,0.0,20,Credit Card,Delivered
3771,552,61,2024-03-25,13:30:00,36,2,1641.7,0.0,49,Credit Card,Delivered
3772,353,248,2024-12-13,23:53:00,50,6,1428.85,0.0,20,Credit Card,Delivered
3773,19,23,2026-05-31,22:31:00,20,6,1754.91,87.75,20,Net Banking,Delivered
3774,372,223,2026-07-25,08:08:00,62,4,1229.71,122.97,30,Debit Card,Delivered
3775,229,199,2025-01-08,14:17:00,21,6,593.55,0.0,49,UPI,Delivered
3776,223,48,2026-08-30,15:47:00,59,1,1509.33,75.47,40,Cash on Delivery,Delivered
3777,52,228,2025-03-10,21:40:00,46,6,551.77,27.59,20,UPI,Returned
3778,100,21,2025-11-08,09:18:00,15,5,507.17,0.0,20,Wallet,Delivered
3779,572,45,2025-02-07,08:50:00,20,6,1037.71,51.89,40,Net Banking,Delivered
3780,228,49,2026-06-06,17:09:00,23,3,475.73,0.0,49,Credit Card,Cancelled
3781,271,33,2025-01-03,23:30:00,43,2,886.06,0.0,30,Cash on Delivery,Returned
3782,348,13,2024-06-17,11:42:00,48,5,1593.8,0.0,0,UPI,Delivered
3783,539,80,2025-03-18,09:14:00,60,4,438.54,0.0,49,Cash on Delivery,Returned
3784,548,126,2025-07-09,17:11:00,65,1,1393.64,278.73,30,Cash on Delivery,Delivered
3785,574,64,2025-01-12,17:28:00,63,4,214.04,10.7,49,Wallet,Returned
3786,251,175,2025-08-26,13:33:00,36,2,339.75,50.96,0,Credit Card,Delivered
3787,318,105,2024-03-24,21:45:00,57,6,1204.28,120.43,30,Cash on Delivery,Returned
3788,456,166,2025-04-08,10:33:00,63,5,988.19,49.41,20,Wallet,Delivered
3789,81,224,2024-08-18,18:39:00,60,3,1430.85,0.0,49,Credit Card,Returned
3790,67,30,2025-12-30,18:47:00,43,2,505.82,75.87,30,Wallet,Delivered
3791,90,159,2024-10-14,22:13:00,46,4,1079.19,0.0,40,Wallet,Cancelled
3792,518,235,2026-03-11,20:56:00,37,3,1406.53,140.65,49,Cash on Delivery,Returned
3793,476,146,2024-03-28,23:35:00,55,6,378.22,75.64,20,UPI,Delivered
3794,564,184,2025-10-22,11:01:00,65,1,283.66,0.0,20,Net Banking,Delivered
3795,427,153,2024-02-29,20:11:00,35,1,660.64,0.0,49,Debit Card,Delivered
3796,260,222,2025-08-19,09:36:00,59,4,868.11,130.22,0,Wallet,Delivered
3797,9,1,2025-12-31,16:40:00,37,5,1286.98,0.0,30,Credit Card,Returned
3798,179,124,2026-05-28,17:56:00,61,6,1109.71,55.49,40,Debit Card,Returned
3799,132,159,2024-10-31,14:54:00,17,3,313.14,0.0,49,Cash on Delivery,Cancelled
3800,340,17,2024-07-03,14:55:00,31,2,1394.9,0.0,30,Credit Card,Delivered
3801,475,96,2025-11-22,22:43:00,45,4,866.39,0.0,20,Cash on Delivery,Delivered
3802,545,219,2025-05-08,18:03:00,28,6,236.93,0.0,49,Cash on Delivery,Delivered
3803,95,66,2024-01-02,23:58:00,45,1,1177.64,176.65,20,Net Banking,Delivered
3804,423,22,2026-08-20,09:30:00,31,4,780.3,117.04,40,Net Banking,Delivered
3805,280,122,2024-06-04,10:29:00,22,2,606.92,0.0,30,Cash on Delivery,Delivered
3806,513,169,2026-04-09,15:50:00,62,1,486.28,0.0,20,Cash on Delivery,Delivered
3807,381,184,2024-05-27,19:20:00,49,4,1342.45,67.12,40,Credit Card,Delivered
3808,11,122,2026-09-19,10:47:00,18,6,958.69,95.87,20,Wallet,Delivered
3809,305,208,2025-04-17,20:17:00,61,4,1378.6,0.0,20,Wallet,Delivered
3810,91,67,2025-09-16,14:42:00,40,6,1685.82,0.0,49,Cash on Delivery,Cancelled
3811,452,86,2025-02-07,17:16:00,29,5,1577.38,0.0,49,Debit Card,Delivered
3812,345,101,2026-06-29,20:13:00,16,1,1215.27,0.0,40,Credit Card,Returned
3813,121,203,2024-02-25,19:43:00,19,4,555.08,27.75,49,Cash on Delivery,Returned
3814,57,224,2024-11-03,11:05:00,28,6,1218.78,243.76,20,Wallet,Returned
3815,488,192,2025-10-08,15:38:00,41,3,1684.1,84.2,20,Net Banking,Delivered
3816,595,192,2025-07-11,20:28:00,44,4,1290.91,0.0,30,Debit Card,Delivered
3817,599,183,2026-02-27,09:30:00,20,2,1284.9,128.49,40,Net Banking,Delivered
3818,99,84,2024-10-26,13:52:00,45,1,203.37,0.0,49,Credit Card,Cancelled
3819,108,55,2024-05-11,20:32:00,51,2,911.22,0.0,40,UPI,Cancelled
3820,66,64,2025-03-20,17:04:00,38,4,929.81,139.47,20,Wallet,Delivered
3821,70,135,2024-09-29,13:44:00,55,6,749.01,112.35,49,Debit Card,Delivered
3822,88,122,2025-03-22,19:21:00,50,5,382.94,0.0,30,Debit Card,Cancelled
3823,560,83,2025-07-23,23:42:00,16,4,447.53,89.51,20,Credit Card,Delivered
3824,182,156,2026-08-08,15:51:00,30,3,1716.88,171.69,40,Net Banking,Delivered
3825,510,27,2025-01-18,14:22:00,53,6,808.7,40.44,20,Cash on Delivery,Delivered
3826,318,218,2026-01-25,23:17:00,41,3,1255.49,0.0,0,Cash on Delivery,Returned
3827,155,230,2025-06-16,15:06:00,63,1,1671.15,0.0,49,Debit Card,Returned
3828,51,135,2025-07-13,09:59:00,49,4,651.03,97.65,30,Debit Card,Delivered
3829,347,139,2024-04-23,08:20:00,48,1,302.91,30.29,49,Wallet,Delivered
3830,499,153,2025-05-18,16:16:00,46,4,253.36,0.0,40,Net Banking,Returned
3831,562,245,2025-03-13,20:12:00,39,6,616.74,123.35,30,Credit Card,Cancelled
3832,240,77,2026-04-16,22:28:00,32,6,1084.45,0.0,20,Cash on Delivery,Delivered
3833,152,40,2026-03-23,21:58:00,25,5,312.26,0.0,30,UPI,Cancelled
3834,224,125,2024-10-24,14:35:00,55,4,531.39,0.0,0,Debit Card,Cancelled
3835,119,154,2024-10-23,08:20:00,55,1,544.2,0.0,40,UPI,Delivered
3836,490,222,2026-07-19,21:10:00,53,1,573.06,57.31,40,Cash on Delivery,Cancelled
3837,420,97,2024-01-17,18:37:00,22,5,1055.17,52.76,30,Cash on Delivery,Returned
3838,238,100,2025-03-22,19:13:00,54,4,1204.51,120.45,30,Net Banking,Delivered
3839,307,130,2026-02-04,19:57:00,56,3,880.51,0.0,0,Wallet,Delivered
3840,549,65,2026-09-09,16:16:00,65,6,1129.56,56.48,0,Cash on Delivery,Cancelled
3841,579,82,2024-07-04,18:30:00,31,4,920.91,0.0,20,Cash on Delivery,Returned
3842,162,21,2024-05-25,15:32:00,32,5,884.57,0.0,40,UPI,Delivered
3843,84,238,2025-07-15,23:21:00,38,4,1115.61,167.34,49,Credit Card,Cancelled
3844,192,209,2025-08-31,09:40:00,64,1,1662.48,0.0,49,UPI,Delivered
3845,294,90,2026-01-27,11:28:00,29,4,661.1,0.0,30,UPI,Delivered
3846,581,18,2025-08-08,15:17:00,34,2,607.96,0.0,40,UPI,Cancelled
3847,193,157,2024-08-27,15:56:00,18,4,684.87,0.0,30,Credit Card,Returned
3848,378,157,2026-08-25,23:20:00,52,6,1030.06,103.01,40,Credit Card,Delivered
3849,191,187,2025-12-21,11:38:00,40,1,1002.58,100.26,40,Wallet,Delivered
3850,482,130,2025-10-29,12:49:00,59,4,1773.51,88.68,40,Credit Card,Delivered
3851,481,117,2024-08-12,15:55:00,42,4,812.02,81.2,40,Wallet,Delivered
3852,511,129,2026-04-09,18:59:00,36,1,1448.82,289.76,0,Wallet,Returned
3853,300,72,2025-01-07,09:28:00,60,2,1129.01,0.0,49,Wallet,Returned
3854,28,176,2024-03-24,08:59:00,43,5,508.62,0.0,20,Cash on Delivery,Delivered
3855,152,115,2025-06-13,13:22:00,33,4,519.17,0.0,49,Debit Card,Returned
3856,81,189,2024-12-25,21:31:00,22,1,890.81,0.0,20,Net Banking,Delivered
3857,453,43,2024-10-11,18:35:00,20,6,1597.17,319.43,49,Cash on Delivery,Returned
3858,36,130,2025-11-18,17:00:00,46,3,1315.89,263.18,20,Wallet,Delivered
3859,3,94,2024-07-19,20:21:00,54,6,921.73,46.09,49,Credit Card,Delivered
3860,380,9,2026-02-26,22:47:00,59,1,706.66,141.33,20,UPI,Delivered
3861,426,115,2024-07-05,10:49:00,23,5,299.35,14.97,49,Credit Card,Delivered
3862,461,201,2024-01-29,13:30:00,48,3,496.98,49.7,49,Credit Card,Delivered
3863,296,246,2026-01-12,13:19:00,20,2,914.86,45.74,20,UPI,Delivered
3864,197,145,2024-02-06,19:33:00,28,1,805.44,0.0,49,Credit Card,Delivered
3865,529,238,2024-05-06,21:28:00,25,2,1020.03,51.0,30,Wallet,Delivered
3866,48,240,2025-02-12,23:30:00,38,3,1067.72,53.39,20,Wallet,Delivered
3867,298,26,2026-04-10,08:20:00,62,6,1244.07,62.2,40,Wallet,Cancelled
3868,363,4,2024-10-27,09:11:00,36,6,1506.14,225.92,49,Wallet,Delivered
3869,515,141,2024-03-07,08:40:00,49,3,1473.95,147.4,40,Credit Card,Cancelled
3870,351,125,2025-05-30,17:48:00,38,4,1177.2,0.0,49,UPI,Cancelled
3871,296,241,2024-04-26,08:50:00,33,1,741.35,148.27,40,Wallet,Delivered
3872,594,63,2024-04-29,20:24:00,15,5,1247.48,62.37,0,UPI,Delivered
3873,376,162,2025-01-26,21:05:00,29,6,598.02,89.7,30,Cash on Delivery,Returned
3874,365,12,2024-02-13,09:55:00,34,3,1047.35,0.0,49,Net Banking,Cancelled
3875,134,161,2025-05-04,08:25:00,51,5,1265.38,189.81,40,Debit Card,Delivered
3876,316,160,2024-09-04,18:27:00,56,3,1361.69,272.34,49,UPI,Returned
3877,231,202,2025-11-02,20:13:00,50,2,797.8,39.89,20,Credit Card,Delivered
3878,372,84,2026-02-28,11:31:00,17,5,1345.64,0.0,30,UPI,Delivered
3879,189,67,2024-10-05,21:25:00,59,2,1247.61,0.0,0,Wallet,Delivered
3880,267,92,2024-08-04,08:17:00,59,6,1044.23,208.85,49,Wallet,Delivered
3881,508,162,2024-06-18,18:06:00,34,1,1274.87,63.74,0,Wallet,Delivered
3882,53,145,2025-08-16,22:13:00,19,4,1505.39,150.54,49,UPI,Delivered
3883,417,246,2025-06-30,11:14:00,16,2,1561.32,156.13,30,Cash on Delivery,Delivered
3884,112,174,2024-07-03,11:23:00,18,1,760.12,0.0,30,Cash on Delivery,Delivered
3885,158,95,2025-03-25,15:07:00,24,3,487.98,0.0,20,Cash on Delivery,Delivered
3886,513,116,2025-02-08,13:49:00,25,5,715.82,35.79,49,Debit Card,Delivered
3887,287,94,2024-02-08,09:40:00,51,6,969.43,193.89,40,UPI,Delivered
3888,238,167,2024-08-13,10:48:00,36,4,278.0,13.9,0,Debit Card,Cancelled
3889,392,241,2026-08-24,10:16:00,64,3,872.3,43.62,30,UPI,Delivered
3890,269,197,2024-04-17,19:11:00,42,3,597.0,0.0,49,Wallet,Returned
3891,147,154,2026-07-13,21:47:00,53,3,1343.71,0.0,30,UPI,Returned
3892,588,205,2026-06-23,11:53:00,29,6,1493.91,149.39,0,Debit Card,Delivered
3893,519,125,2026-04-28,21:08:00,16,5,438.11,43.81,20,Cash on Delivery,Cancelled
3894,402,239,2024-11-29,13:19:00,26,4,1245.8,0.0,40,Debit Card,Returned
3895,124,80,2025-03-23,16:54:00,63,3,125.72,0.0,40,Wallet,Delivered
3896,195,91,2024-07-14,17:09:00,35,3,693.7,0.0,49,Credit Card,Cancelled
3897,441,185,2024-06-05,10:13:00,49,3,1697.27,339.45,30,Debit Card,Delivered
3898,10,148,2025-11-14,19:17:00,23,6,728.21,0.0,40,Debit Card,Delivered
3899,377,103,2026-07-13,09:32:00,32,6,1593.05,0.0,0,Cash on Delivery,Cancelled
3900,483,19,2024-06-03,20:12:00,28,3,174.8,26.22,20,Wallet,Delivered
3901,217,126,2025-06-26,11:46:00,65,2,374.43,18.72,20,Cash on Delivery,Cancelled
3902,250,40,2026-06-18,21:08:00,43,4,1658.7,82.94,40,Debit Card,Delivered
3903,344,234,2025-06-02,11:37:00,55,3,1400.69,140.07,40,Wallet,Returned
3904,469,193,2024-10-28,12:36:00,33,3,1139.92,0.0,0,Credit Card,Delivered
3905,501,89,2025-10-14,23:10:00,61,4,806.9,0.0,49,UPI,Returned
3906,339,59,2025-02-18,21:57:00,43,6,962.35,192.47,20,UPI,Cancelled
3907,78,102,2024-05-06,14:55:00,21,4,876.31,0.0,30,Credit Card,Delivered
3908,43,235,2024-07-31,15:12:00,27,1,1219.03,243.81,0,Net Banking,Delivered
3909,108,102,2025-02-16,16:34:00,15,2,539.21,0.0,49,UPI,Delivered
3910,228,129,2025-06-25,19:12:00,19,1,714.07,142.81,20,Net Banking,Delivered
3911,558,233,2024-04-06,19:31:00,30,3,1479.32,295.86,30,Net Banking,Delivered
3912,23,173,2025-01-21,21:00:00,47,4,1541.33,0.0,40,Debit Card,Delivered
3913,297,102,2024-02-08,12:26:00,56,2,1480.36,0.0,40,Net Banking,Returned
3914,135,38,2026-08-13,18:06:00,55,5,1788.46,0.0,40,Wallet,Delivered
3915,251,87,2024-02-14,21:08:00,19,1,1009.34,0.0,0,Debit Card,Delivered
3916,596,128,2026-08-03,08:25:00,23,6,1153.42,115.34,0,UPI,Delivered
3917,490,165,2024-12-28,13:55:00,42,5,784.71,0.0,0,Net Banking,Cancelled
3918,429,142,2024-04-05,20:35:00,58,2,311.03,0.0,40,Credit Card,Delivered
3919,201,14,2025-06-22,22:05:00,32,2,1091.99,0.0,49,UPI,Delivered
3920,159,7,2026-07-24,09:21:00,65,6,1237.14,0.0,40,UPI,Delivered
3921,8,162,2024-06-30,17:31:00,33,5,1506.55,225.98,40,Net Banking,Delivered
3922,548,216,2025-06-26,13:04:00,29,2,895.9,89.59,0,Debit Card,Cancelled
3923,157,153,2026-03-14,14:11:00,23,5,881.9,132.28,20,Debit Card,Delivered
3924,39,29,2024-10-30,15:35:00,58,3,942.03,0.0,30,Credit Card,Returned
3925,88,130,2025-07-03,20:50:00,34,3,1128.26,56.41,49,UPI,Delivered
3926,487,209,2025-10-06,13:47:00,32,4,484.03,24.2,49,Net Banking,Cancelled
3927,490,216,2024-12-24,19:40:00,56,3,1209.18,0.0,30,Net Banking,Cancelled
3928,553,127,2025-01-04,09:00:00,62,4,1376.1,0.0,49,Net Banking,Delivered
3929,193,30,2025-03-30,12:06:00,55,1,1453.25,290.65,30,Net Banking,Returned
3930,513,1,2024-10-16,14:13:00,30,1,1474.39,0.0,40,Net Banking,Delivered
3931,271,5,2024-04-28,09:05:00,34,4,172.07,17.21,20,Credit Card,Delivered
3932,191,2,2026-05-19,21:10:00,26,4,211.66,21.17,20,UPI,Delivered
3933,283,34,2026-02-17,20:25:00,29,2,316.51,0.0,30,UPI,Delivered
3934,160,49,2024-04-17,08:04:00,45,1,1281.04,0.0,49,Net Banking,Delivered
3935,325,120,2026-08-01,16:02:00,36,1,1134.26,170.14,49,Debit Card,Delivered
3936,568,19,2025-09-04,08:00:00,63,3,813.96,40.7,20,Wallet,Delivered
3937,162,206,2025-03-03,15:23:00,53,3,266.21,53.24,40,Credit Card,Delivered
3938,187,68,2024-04-22,15:41:00,16,2,1303.6,260.72,49,Cash on Delivery,Delivered
3939,101,14,2025-02-10,21:20:00,62,4,156.46,0.0,49,Credit Card,Cancelled
3940,376,227,2025-04-01,22:28:00,33,1,1236.01,123.6,0,Debit Card,Delivered
3941,88,128,2024-12-11,14:09:00,23,6,953.26,142.99,49,Net Banking,Delivered
3942,357,42,2025-02-07,11:20:00,48,4,1705.72,170.57,49,Wallet,Delivered
3943,119,103,2026-04-15,15:06:00,45,1,652.98,0.0,0,UPI,Delivered
3944,167,186,2024-09-26,11:10:00,33,6,1474.02,0.0,30,Debit Card,Delivered
3945,451,56,2024-03-17,14:28:00,19,6,909.54,181.91,30,UPI,Delivered
3946,1,175,2025-02-23,20:38:00,35,3,1639.89,0.0,0,Net Banking,Delivered
3947,488,190,2026-04-13,08:12:00,31,1,1619.87,242.98,0,Cash on Delivery,Delivered
3948,92,119,2024-01-30,20:06:00,28,6,1593.09,0.0,0,Wallet,Cancelled
3949,463,55,2025-06-29,15:54:00,20,6,1719.97,258.0,0,Cash on Delivery,Cancelled
3950,31,241,2024-09-07,18:30:00,52,4,720.86,144.17,40,Debit Card,Delivered
3951,32,17,2025-08-06,10:42:00,64,6,1682.21,0.0,30,Credit Card,Delivered
3952,59,182,2026-07-04,22:35:00,24,3,246.2,12.31,30,Credit Card,Delivered
3953,177,78,2026-09-10,10:53:00,22,3,1595.94,79.8,30,Debit Card,Returned
3954,406,242,2025-03-22,12:17:00,63,5,365.04,0.0,0,Wallet,Delivered
3955,301,33,2026-01-30,10:50:00,20,4,1666.55,0.0,40,UPI,Cancelled
3956,531,207,2026-08-30,19:06:00,55,6,687.74,0.0,20,Debit Card,Returned
3957,433,101,2024-11-22,12:04:00,63,4,601.53,0.0,30,Credit Card,Cancelled
3958,101,243,2025-03-19,16:37:00,65,3,136.04,0.0,30,Wallet,Delivered
3959,106,25,2025-12-08,14:30:00,56,1,1684.67,252.7,30,Wallet,Delivered
3960,248,162,2024-04-17,08:31:00,49,5,1544.35,0.0,40,Net Banking,Delivered
3961,591,214,2025-12-01,18:28:00,62,4,209.9,20.99,49,Credit Card,Delivered
3962,281,28,2025-12-13,18:40:00,32,6,596.25,0.0,40,Credit Card,Cancelled
3963,274,180,2024-08-16,19:41:00,56,5,907.58,45.38,49,Cash on Delivery,Delivered
3964,97,171,2025-03-12,19:09:00,38,2,248.53,49.71,40,Debit Card,Delivered
3965,261,2,2026-03-25,14:30:00,16,1,1652.05,0.0,49,Debit Card,Delivered
3966,408,143,2025-08-09,22:17:00,56,1,1359.42,0.0,20,Net Banking,Delivered
3967,336,186,2026-03-17,19:02:00,53,3,931.6,93.16,20,Net Banking,Delivered
3968,544,69,2025-04-02,12:24:00,40,5,203.37,0.0,49,Net Banking,Returned
3969,177,74,2024-03-19,21:40:00,21,1,1122.67,224.53,30,UPI,Returned
3970,391,46,2026-01-27,23:32:00,56,5,163.56,16.36,0,Cash on Delivery,Delivered
3971,207,23,2026-02-19,11:09:00,57,1,893.39,89.34,30,Net Banking,Cancelled
3972,568,39,2026-03-08,13:13:00,30,1,431.43,21.57,40,Cash on Delivery,Cancelled
3973,355,1,2026-04-24,14:33:00,37,4,327.12,0.0,40,Wallet,Delivered
3974,268,24,2024-07-13,16:50:00,26,4,1216.55,60.83,20,Credit Card,Cancelled
3975,324,167,2025-05-18,15:44:00,46,3,422.23,84.45,0,Wallet,Delivered
3976,155,4,2025-09-15,16:11:00,17,4,1117.78,55.89,30,UPI,Delivered
3977,521,117,2024-03-08,17:09:00,36,1,1762.26,264.34,30,Net Banking,Cancelled
3978,338,58,2026-09-02,08:55:00,64,5,731.75,109.76,49,Cash on Delivery,Delivered
3979,230,102,2024-10-29,13:31:00,28,4,1102.75,55.14,20,Credit Card,Delivered
3980,102,109,2026-09-10,10:08:00,52,2,262.91,0.0,0,UPI,Returned
3981,76,62,2025-11-02,14:03:00,21,1,918.71,0.0,30,Wallet,Delivered
3982,183,223,2024-09-23,20:36:00,32,5,1518.24,303.65,30,Wallet,Returned
3983,107,44,2024-08-04,12:52:00,61,2,424.68,84.94,20,UPI,Delivered
3984,496,202,2024-09-12,18:56:00,60,4,219.51,43.9,49,Debit Card,Cancelled
3985,599,213,2026-05-03,11:15:00,45,1,1773.09,0.0,49,Cash on Delivery,Delivered
3986,211,123,2025-09-24,13:07:00,29,1,832.74,124.91,49,Credit Card,Cancelled
3987,385,167,2024-02-25,08:39:00,53,2,869.91,0.0,0,Net Banking,Cancelled
3988,77,237,2025-04-04,17:17:00,60,5,1034.7,206.94,20,Net Banking,Delivered
3989,203,114,2025-10-15,16:41:00,43,6,1470.63,147.06,0,UPI,Cancelled
3990,214,115,2024-03-03,16:36:00,32,4,404.0,80.8,30,Debit Card,Delivered
3991,32,113,2026-05-26,23:56:00,15,1,659.07,0.0,30,Debit Card,Returned
3992,520,133,2024-05-13,14:58:00,31,5,1335.55,200.33,0,Net Banking,Delivered
3993,569,208,2024-07-02,15:33:00,35,1,1474.03,0.0,49,Debit Card,Delivered
3994,493,152,2025-07-20,13:21:00,47,4,1357.02,0.0,40,UPI,Delivered
3995,437,198,2024-10-28,11:20:00,30,2,1369.09,68.45,0,Cash on Delivery,Delivered
3996,427,175,2026-07-02,23:03:00,56,6,1292.82,0.0,20,UPI,Delivered
3997,587,202,2024-03-11,21:44:00,20,1,1781.87,178.19,30,Debit Card,Returned
3998,226,7,2025-09-01,15:31:00,28,6,311.67,0.0,30,Wallet,Delivered
3999,236,125,2025-05-19,10:29:00,15,2,935.88,140.38,20,UPI,Delivered
4000,100,208,2025-07-05,12:56:00,18,1,601.82,0.0,49,Credit Card,Delivered
4001,489,37,2026-04-05,11:25:00,26,3,873.93,131.09,30,Credit Card,Delivered
4002,442,144,2024-10-03,23:15:00,24,3,1596.85,0.0,0,Cash on Delivery,Delivered
4003,138,148,2025-11-07,08:21:00,60,2,766.11,38.31,49,Wallet,Delivered
4004,133,7,2026-04-13,22:10:00,62,6,177.47,0.0,40,Net Banking,Returned
4005,24,217,2024-08-27,18:44:00,59,3,138.77,13.88,0,Net Banking,Delivered
4006,425,139,2026-05-30,16:17:00,35,4,668.76,100.31,40,Wallet,Returned
4007,552,200,2024-03-22,22:16:00,33,2,176.48,0.0,30,UPI,Returned
4008,371,232,2024-03-27,19:59:00,59,6,667.4,33.37,30,UPI,Delivered
4009,179,13,2024-04-29,20:41:00,46,3,1130.38,113.04,20,UPI,Delivered
4010,74,58,2026-06-24,16:55:00,55,1,629.41,0.0,30,Wallet,Returned
4011,552,14,2025-01-31,23:01:00,51,1,1536.08,307.22,30,Cash on Delivery,Delivered
4012,317,133,2024-09-20,08:03:00,15,1,1614.29,0.0,0,Debit Card,Returned
4013,423,66,2026-05-19,19:16:00,54,4,766.87,153.37,20,Debit Card,Returned
4014,549,208,2025-03-27,19:10:00,38,4,151.8,15.18,49,Net Banking,Cancelled
4015,289,102,2025-03-11,12:20:00,43,4,221.67,0.0,49,UPI,Returned
4016,482,155,2024-12-05,10:05:00,47,1,406.67,0.0,40,Debit Card,Cancelled
4017,382,16,2025-07-24,11:23:00,51,3,1130.79,0.0,20,UPI,Delivered
4018,23,113,2026-06-07,10:49:00,46,3,239.54,11.98,30,Cash on Delivery,Delivered
4019,397,225,2024-07-12,11:40:00,17,6,1736.87,0.0,20,Wallet,Cancelled
4020,125,150,2025-04-14,20:30:00,18,2,728.53,36.43,0,Cash on Delivery,Delivered
4021,261,236,2024-10-26,16:24:00,52,4,595.2,119.04,49,Net Banking,Cancelled
4022,258,175,2024-11-11,10:42:00,49,2,431.17,86.23,0,UPI,Cancelled
4023,455,162,2024-05-10,16:47:00,58,6,588.8,29.44,49,Wallet,Cancelled
4024,593,118,2026-02-05,18:36:00,20,6,1563.45,312.69,30,Net Banking,Delivered
4025,314,6,2026-06-29,08:36:00,57,3,765.94,153.19,49,Debit Card,Delivered
4026,241,226,2026-09-20,12:41:00,62,3,1061.39,212.28,49,Cash on Delivery,Delivered
4027,19,165,2026-09-07,23:48:00,30,4,787.46,118.12,40,Cash on Delivery,Delivered
4028,586,121,2026-08-05,14:28:00,48,1,660.34,0.0,20,Debit Card,Delivered
4029,577,26,2026-05-25,22:07:00,42,2,1542.42,154.24,40,Debit Card,Delivered
4030,446,207,2025-04-13,21:27:00,59,4,1385.96,207.89,49,UPI,Delivered
4031,124,154,2024-07-13,19:10:00,39,3,331.98,33.2,49,Credit Card,Delivered
4032,460,112,2026-06-04,23:54:00,15,5,1453.16,72.66,40,Debit Card,Delivered
4033,120,7,2025-10-05,19:54:00,56,4,1352.55,0.0,49,Wallet,Returned
4034,426,125,2024-02-17,17:54:00,32,4,922.15,46.11,0,Debit Card,Delivered
4035,364,207,2025-04-06,22:59:00,18,2,1748.36,262.25,0,Wallet,Delivered
4036,369,95,2026-09-12,17:16:00,54,3,180.11,36.02,49,Wallet,Delivered
4037,552,83,2025-04-14,18:08:00,38,4,1788.85,0.0,40,Debit Card,Delivered
4038,563,69,2024-12-31,18:46:00,36,6,1244.09,62.2,40,Wallet,Delivered
4039,216,62,2026-04-27,18:44:00,32,2,125.42,0.0,0,Net Banking,Delivered
4040,221,200,2024-01-11,22:10:00,45,6,909.85,90.99,20,Cash on Delivery,Delivered
4041,586,84,2025-11-19,23:03:00,60,5,1096.2,0.0,20,Wallet,Returned
4042,437,210,2025-02-16,08:15:00,41,4,1482.41,148.24,0,Wallet,Cancelled
4043,476,112,2025-11-28,17:16:00,49,2,1197.59,239.52,49,Debit Card,Cancelled
4044,370,12,2024-02-27,23:38:00,40,1,846.35,0.0,40,Cash on Delivery,Delivered
4045,539,66,2024-05-22,16:31:00,21,4,1789.5,178.95,0,Net Banking,Delivered
4046,399,50,2026-08-25,21:37:00,36,1,1555.61,233.34,40,Credit Card,Delivered
4047,181,89,2024-02-06,11:24:00,53,1,705.79,70.58,40,Net Banking,Delivered
4048,492,160,2025-06-05,12:13:00,18,4,1245.42,0.0,49,UPI,Cancelled
4049,221,194,2026-05-20,17:52:00,62,5,150.88,0.0,40,Debit Card,Cancelled
4050,183,213,2025-03-18,13:48:00,64,3,1167.51,0.0,49,UPI,Delivered
4051,389,173,2025-08-14,19:58:00,54,5,317.94,47.69,20,Net Banking,Delivered
4052,431,231,2024-09-26,09:15:00,19,1,1031.23,103.12,40,Net Banking,Delivered
4053,270,112,2026-07-25,19:37:00,37,1,1761.84,264.28,20,UPI,Cancelled
4054,237,145,2026-04-13,09:23:00,53,4,1772.89,265.93,40,Wallet,Delivered
4055,260,40,2024-08-10,17:52:00,27,5,1255.12,188.27,40,Debit Card,Returned
4056,294,227,2024-06-11,17:24:00,30,4,1328.77,0.0,30,Wallet,Delivered
4057,333,14,2026-01-22,15:00:00,61,2,1588.66,79.43,20,Wallet,Delivered
4058,465,148,2024-07-28,10:25:00,25,3,198.26,39.65,30,Debit Card,Cancelled
4059,162,109,2025-03-30,12:17:00,56,6,632.79,126.56,49,Credit Card,Returned
4060,478,37,2025-02-08,22:48:00,60,4,1109.83,0.0,49,Wallet,Delivered
4061,584,214,2024-10-01,10:51:00,25,5,1745.44,87.27,20,Net Banking,Delivered
4062,492,66,2025-05-24,20:58:00,54,1,207.38,0.0,40,Cash on Delivery,Returned
4063,170,153,2025-01-21,20:20:00,26,6,593.25,88.99,30,Cash on Delivery,Cancelled
4064,77,171,2025-06-10,09:09:00,16,3,153.92,0.0,0,Cash on Delivery,Delivered
4065,581,18,2024-05-17,16:15:00,65,6,537.47,0.0,20,Cash on Delivery,Delivered
4066,449,136,2026-08-03,11:18:00,54,4,492.99,0.0,30,UPI,Delivered
4067,597,54,2025-01-13,14:57:00,19,6,253.49,0.0,30,Net Banking,Delivered
4068,379,102,2025-03-29,15:56:00,20,2,921.61,138.24,0,Wallet,Returned
4069,68,171,2025-12-10,22:17:00,51,2,275.02,13.75,30,Cash on Delivery,Delivered
4070,512,60,2024-01-07,13:06:00,60,6,1797.02,359.4,40,Credit Card,Delivered
4071,219,61,2026-05-03,23:51:00,55,6,194.41,38.88,0,UPI,Returned
4072,297,145,2024-06-24,21:10:00,19,5,1155.86,0.0,20,Wallet,Returned
4073,268,4,2024-01-01,21:04:00,28,5,760.53,0.0,49,Cash on Delivery,Delivered
4074,55,44,2026-07-26,18:54:00,20,3,539.25,53.93,0,Debit Card,Delivered
4075,86,17,2026-04-29,08:50:00,17,3,689.46,0.0,30,Wallet,Cancelled
4076,72,182,2024-04-25,18:39:00,55,4,217.64,0.0,40,Cash on Delivery,Delivered
4077,196,205,2026-06-29,16:50:00,63,4,1794.44,179.44,40,Cash on Delivery,Delivered
4078,336,66,2026-07-23,18:24:00,24,3,913.29,0.0,30,Credit Card,Cancelled
4079,318,103,2026-06-04,16:48:00,18,4,1112.31,0.0,49,Cash on Delivery,Delivered
4080,504,87,2026-05-23,16:56:00,21,6,990.61,49.53,40,UPI,Delivered
4081,308,144,2025-07-25,11:24:00,18,3,1740.38,0.0,0,Net Banking,Delivered
4082,339,91,2026-07-21,23:02:00,50,2,794.51,119.18,49,Cash on Delivery,Delivered
4083,48,68,2024-10-04,17:05:00,34,3,1374.29,137.43,30,Credit Card,Returned
4084,415,127,2026-03-20,08:33:00,49,1,1295.96,259.19,0,UPI,Delivered
4085,127,59,2025-03-24,21:49:00,26,4,976.54,97.65,40,UPI,Delivered
4086,147,66,2024-03-05,21:46:00,51,6,968.25,0.0,20,UPI,Delivered
4087,392,169,2025-07-05,10:28:00,56,1,194.07,19.41,0,Debit Card,Cancelled
4088,437,93,2025-08-13,23:09:00,57,2,1121.23,168.18,40,Cash on Delivery,Delivered
4089,108,175,2024-02-18,18:16:00,22,4,1436.16,0.0,0,UPI,Delivered
4090,443,4,2024-03-23,22:22:00,63,1,1313.4,131.34,0,UPI,Delivered
4091,485,142,2024-09-13,13:32:00,33,3,729.15,36.46,0,Net Banking,Returned
4092,439,236,2025-05-09,23:51:00,17,4,838.82,0.0,0,Net Banking,Returned
4093,164,205,2026-04-27,13:35:00,63,2,622.98,124.6,0,Debit Card,Cancelled
4094,11,244,2025-10-12,12:07:00,38,2,880.16,0.0,30,Net Banking,Delivered
4095,548,57,2024-07-19,21:53:00,44,3,1439.04,0.0,49,Wallet,Delivered
4096,105,44,2025-12-04,09:22:00,52,5,1478.13,295.63,30,Wallet,Delivered
4097,401,152,2026-01-22,08:05:00,26,6,1420.67,0.0,40,Credit Card,Delivered
4098,545,56,2025-02-28,11:47:00,15,5,1026.72,0.0,30,Cash on Delivery,Returned
4099,40,203,2024-03-12,20:55:00,56,2,1325.71,198.86,40,Wallet,Cancelled
4100,469,16,2024-08-19,19:59:00,36,5,710.93,71.09,0,Debit Card,Delivered
4101,401,113,2026-07-09,20:48:00,19,4,1304.87,0.0,49,Cash on Delivery,Delivered
4102,555,221,2025-02-10,14:24:00,18,2,1431.32,0.0,40,Net Banking,Delivered
4103,193,238,2024-05-27,09:39:00,24,2,668.06,0.0,30,UPI,Delivered
4104,21,100,2025-09-21,16:01:00,54,4,1059.37,52.97,20,Wallet,Delivered
4105,510,234,2024-04-09,14:40:00,33,1,1387.84,0.0,0,Cash on Delivery,Delivered
4106,331,139,2024-10-26,17:15:00,60,5,508.82,0.0,0,Debit Card,Delivered
4107,64,58,2025-12-19,18:53:00,56,6,815.67,122.35,49,Net Banking,Returned
4108,509,228,2024-02-09,20:17:00,51,6,531.56,0.0,49,UPI,Delivered
4109,290,120,2026-06-23,09:40:00,35,6,1051.48,0.0,0,Debit Card,Delivered
4110,16,33,2025-05-15,08:10:00,44,4,561.65,0.0,20,UPI,Returned
4111,49,83,2026-08-01,09:57:00,22,5,1036.3,0.0,40,Debit Card,Delivered
4112,494,54,2026-07-13,08:34:00,33,2,934.32,0.0,40,Credit Card,Delivered
4113,169,129,2024-11-29,08:28:00,25,3,648.75,0.0,0,Debit Card,Returned
4114,144,247,2025-07-03,19:04:00,35,3,1629.25,0.0,20,Debit Card,Cancelled
4115,259,120,2024-03-23,10:51:00,43,5,977.04,146.56,30,UPI,Returned
4116,371,32,2024-08-01,11:56:00,48,6,568.95,56.9,0,Debit Card,Returned
4117,95,211,2024-10-23,11:08:00,16,6,1693.02,0.0,40,Debit Card,Returned
4118,43,71,2026-01-22,19:04:00,36,4,1095.2,219.04,20,Credit Card,Cancelled
4119,485,105,2025-12-17,12:50:00,64,4,1063.75,106.38,30,Cash on Delivery,Cancelled
4120,524,120,2026-05-07,14:02:00,51,2,1252.97,0.0,20,Net Banking,Delivered
4121,385,14,2025-01-10,21:12:00,41,1,857.42,0.0,30,UPI,Cancelled
4122,489,53,2025-09-16,17:39:00,20,2,1203.9,120.39,0,Net Banking,Cancelled
4123,441,100,2025-08-15,17:55:00,27,4,619.77,30.99,30,Wallet,Returned
4124,200,22,2025-11-04,17:57:00,62,3,1284.21,128.42,30,Debit Card,Delivered
4125,566,195,2024-04-30,19:02:00,63,5,1100.55,0.0,30,Cash on Delivery,Returned
4126,239,203,2025-10-30,11:34:00,43,5,1044.99,52.25,40,Credit Card,Cancelled
4127,48,33,2024-07-22,08:17:00,24,2,524.34,0.0,49,Net Banking,Returned
4128,246,27,2025-11-08,20:00:00,64,2,664.99,66.5,20,Cash on Delivery,Delivered
4129,265,2,2024-01-25,17:15:00,64,5,1660.4,83.02,40,Net Banking,Delivered
4130,479,11,2026-04-11,23:41:00,24,4,191.94,0.0,40,Debit Card,Delivered
4131,519,156,2025-03-04,21:12:00,41,5,168.63,0.0,40,Credit Card,Delivered
4132,60,216,2025-07-22,12:12:00,27,1,1067.92,0.0,0,Net Banking,Delivered
4133,556,44,2024-10-28,22:31:00,18,6,1274.87,0.0,0,Net Banking,Returned
4134,406,36,2024-04-16,08:36:00,47,6,1170.56,234.11,40,Credit Card,Delivered
4135,472,136,2026-08-14,13:32:00,56,6,234.28,11.71,49,Net Banking,Delivered
4136,12,4,2025-01-22,20:54:00,65,5,1263.97,126.4,0,Credit Card,Delivered
4137,49,80,2026-01-14,13:23:00,25,5,1248.93,62.45,30,Net Banking,Delivered
4138,433,140,2026-03-05,10:43:00,43,5,345.4,51.81,30,UPI,Returned
4139,468,155,2025-03-29,08:13:00,22,1,1056.78,105.68,20,Debit Card,Delivered
4140,5,159,2025-07-13,19:56:00,61,3,552.45,55.25,40,Net Banking,Delivered
4141,46,242,2026-04-19,16:57:00,49,2,443.23,22.16,30,Net Banking,Delivered
4142,469,235,2026-01-23,12:24:00,18,2,287.93,0.0,49,Wallet,Delivered
4143,433,181,2025-03-08,21:19:00,18,3,1668.79,166.88,49,Cash on Delivery,Returned
4144,311,57,2025-10-17,08:33:00,46,6,1053.71,210.74,20,Cash on Delivery,Delivered
4145,178,237,2025-10-19,18:45:00,30,4,299.62,14.98,49,Net Banking,Delivered
4146,24,74,2026-07-05,10:21:00,65,3,937.51,140.63,0,Credit Card,Returned
4147,451,52,2026-01-01,10:18:00,25,1,1532.43,229.86,30,Cash on Delivery,Cancelled
4148,277,124,2025-08-31,16:46:00,31,2,449.94,0.0,40,Net Banking,Cancelled
4149,461,58,2026-01-09,09:22:00,56,5,922.36,46.12,20,UPI,Delivered
4150,317,212,2024-01-15,22:33:00,32,6,1658.03,0.0,0,UPI,Delivered
4151,453,115,2024-10-28,21:24:00,23,1,1127.83,169.17,40,Net Banking,Returned
4152,325,216,2025-03-13,18:40:00,23,3,1636.97,245.55,30,Credit Card,Delivered
4153,343,144,2026-03-18,21:25:00,44,2,1145.02,114.5,49,UPI,Delivered
4154,166,35,2026-01-05,21:30:00,54,3,193.37,29.01,0,UPI,Delivered
4155,267,27,2024-08-21,13:28:00,60,2,1055.93,158.39,49,Net Banking,Cancelled
4156,243,158,2024-05-18,14:53:00,49,6,1381.05,138.1,40,Credit Card,Cancelled
4157,367,166,2026-06-21,16:27:00,56,5,1362.6,0.0,49,Cash on Delivery,Delivered
4158,89,16,2024-08-20,19:25:00,38,4,571.39,57.14,0,Net Banking,Delivered
4159,206,126,2025-10-29,10:45:00,34,5,390.37,0.0,40,Credit Card,Returned
4160,375,2,2025-10-25,20:02:00,18,6,249.61,49.92,40,Cash on Delivery,Delivered
4161,400,163,2026-04-27,09:37:00,42,1,598.37,119.67,0,Net Banking,Delivered
4162,7,13,2025-09-03,11:27:00,40,3,1522.01,152.2,30,Debit Card,Delivered
4163,319,240,2026-01-07,15:02:00,18,1,917.28,91.73,30,Cash on Delivery,Cancelled
4164,503,187,2024-11-01,13:51:00,15,6,648.85,129.77,20,Debit Card,Returned
4165,564,147,2025-06-02,22:43:00,27,1,958.45,0.0,20,UPI,Delivered
4166,407,96,2026-04-20,20:36:00,21,1,1379.13,0.0,49,Wallet,Returned
4167,414,193,2026-07-18,10:55:00,22,4,276.59,41.49,30,UPI,Returned
4168,151,92,2024-02-04,08:26:00,32,2,368.13,18.41,40,Debit Card,Cancelled
4169,318,214,2025-08-12,17:48:00,57,4,688.57,34.43,30,UPI,Delivered
4170,198,73,2025-05-26,23:43:00,31,1,257.25,12.86,0,Credit Card,Delivered
4171,383,180,2025-08-09,19:12:00,60,5,1022.97,51.15,30,Debit Card,Delivered
4172,575,127,2026-08-03,18:36:00,62,2,219.68,32.95,0,Wallet,Delivered
4173,331,42,2026-09-12,13:48:00,29,1,1473.78,0.0,40,Debit Card,Returned
4174,237,6,2026-07-21,15:40:00,23,5,1732.05,86.6,30,Debit Card,Returned
4175,295,59,2024-08-21,12:37:00,59,3,699.69,34.98,49,Cash on Delivery,Delivered
4176,290,225,2025-12-25,09:18:00,45,4,337.52,50.63,40,Wallet,Delivered
4177,493,39,2026-03-16,14:42:00,64,3,292.66,58.53,0,Cash on Delivery,Delivered
4178,77,6,2024-02-02,22:35:00,33,3,1773.61,177.36,49,Credit Card,Delivered
4179,584,64,2024-03-08,20:40:00,31,2,323.45,32.34,20,Cash on Delivery,Delivered
4180,519,90,2026-09-10,23:49:00,18,2,597.43,59.74,0,UPI,Delivered
4181,373,121,2025-07-31,10:23:00,64,5,1368.88,0.0,30,Wallet,Delivered
4182,388,90,2026-09-11,11:41:00,24,2,601.86,0.0,30,UPI,Returned
4183,479,178,2024-01-28,08:26:00,56,2,239.47,35.92,20,Net Banking,Delivered
4184,300,62,2024-11-26,22:34:00,62,6,1659.52,331.9,30,Net Banking,Delivered
4185,484,54,2025-12-08,11:09:00,48,2,243.18,0.0,0,Credit Card,Delivered
4186,316,164,2024-06-04,11:42:00,47,1,656.48,0.0,40,Net Banking,Delivered
4187,598,56,2026-02-24,22:40:00,44,1,939.16,0.0,0,Cash on Delivery,Delivered
4188,380,243,2025-10-22,08:40:00,40,2,766.51,0.0,20,Cash on Delivery,Delivered
4189,184,239,2024-09-18,14:08:00,42,3,881.05,0.0,40,Net Banking,Delivered
4190,54,66,2026-01-26,23:02:00,45,5,1164.14,232.83,20,Cash on Delivery,Delivered
4191,530,128,2025-05-21,18:10:00,59,6,440.56,44.06,49,Cash on Delivery,Cancelled
4192,399,145,2026-04-04,11:51:00,48,3,728.07,0.0,0,Wallet,Delivered
4193,559,173,2024-08-17,19:28:00,60,5,378.07,0.0,40,Credit Card,Returned
4194,19,26,2025-03-05,19:06:00,35,5,1335.48,0.0,20,Cash on Delivery,Delivered
4195,458,219,2026-03-31,23:06:00,38,6,676.91,0.0,20,Credit Card,Delivered
4196,457,147,2026-08-21,15:04:00,65,6,478.12,0.0,40,Debit Card,Delivered
4197,66,158,2026-05-01,21:47:00,21,4,757.49,113.62,0,Credit Card,Delivered
4198,21,206,2024-01-21,09:10:00,46,5,832.57,124.89,49,Net Banking,Delivered
4199,535,172,2026-07-26,22:03:00,64,1,709.74,106.46,20,Debit Card,Cancelled
4200,526,230,2025-10-29,09:55:00,56,4,444.71,44.47,0,Debit Card,Cancelled
4201,508,214,2026-07-07,20:38:00,28,2,1346.71,67.34,49,Wallet,Cancelled
4202,510,74,2025-11-22,20:49:00,26,2,783.97,78.4,49,Cash on Delivery,Delivered
4203,200,23,2024-03-19,19:10:00,57,3,1396.22,0.0,49,Cash on Delivery,Cancelled
4204,27,114,2024-11-28,22:38:00,27,6,283.0,56.6,30,Debit Card,Returned
4205,275,208,2026-03-12,11:37:00,60,5,751.02,0.0,30,Wallet,Delivered
4206,394,46,2025-10-10,16:42:00,27,5,586.96,58.7,20,Cash on Delivery,Delivered
4207,77,217,2024-12-29,22:54:00,29,6,1188.76,118.88,30,UPI,Returned
4208,456,16,2024-11-24,11:57:00,49,2,707.29,106.09,0,UPI,Cancelled
4209,92,168,2025-06-28,21:28:00,23,1,921.13,92.11,0,Debit Card,Delivered
4210,383,107,2025-03-15,10:39:00,41,4,1343.37,201.51,40,UPI,Delivered
4211,341,14,2026-01-03,16:15:00,32,1,1411.42,0.0,20,Cash on Delivery,Returned
4212,381,88,2025-04-09,20:44:00,34,4,741.84,148.37,40,Debit Card,Returned
4213,469,226,2024-07-16,12:37:00,56,4,925.89,0.0,0,UPI,Delivered
4214,3,111,2025-06-16,18:39:00,16,6,375.18,0.0,0,Net Banking,Delivered
4215,437,195,2025-12-20,13:07:00,34,6,935.19,0.0,40,UPI,Delivered
4216,343,57,2026-05-20,22:14:00,65,1,660.92,132.18,30,Credit Card,Delivered
4217,1,244,2025-05-17,10:40:00,41,2,1092.35,0.0,49,Wallet,Delivered
4218,115,91,2026-06-07,09:30:00,22,1,845.48,0.0,40,Net Banking,Delivered
4219,226,111,2026-05-17,22:03:00,36,5,218.45,0.0,0,Cash on Delivery,Returned
4220,588,164,2026-05-25,23:28:00,53,4,1253.55,0.0,49,Net Banking,Delivered
4221,423,114,2024-02-03,20:43:00,18,5,894.79,89.48,40,UPI,Cancelled
4222,154,155,2026-06-02,15:01:00,47,6,1381.61,138.16,49,Debit Card,Returned
4223,481,116,2026-05-19,12:16:00,64,2,884.85,88.49,40,Net Banking,Returned
4224,402,138,2025-12-04,21:11:00,43,3,1666.6,0.0,20,UPI,Delivered
4225,584,183,2025-03-26,10:57:00,35,3,940.05,0.0,49,Debit Card,Delivered
4226,119,208,2024-07-18,14:24:00,43,2,1341.06,0.0,0,Debit Card,Delivered
4227,457,196,2026-01-19,10:17:00,16,5,387.76,38.78,20,Debit Card,Delivered
4228,316,241,2025-09-15,11:41:00,30,4,253.94,50.79,30,UPI,Delivered
4229,286,172,2025-10-17,13:42:00,65,2,1229.91,0.0,49,Cash on Delivery,Returned
4230,242,121,2025-07-05,10:50:00,29,1,1601.74,320.35,49,UPI,Delivered
4231,109,132,2026-01-14,10:45:00,30,4,1476.01,295.2,0,UPI,Delivered
4232,451,153,2024-02-19,17:27:00,61,3,592.79,0.0,0,Debit Card,Returned
4233,560,17,2024-12-02,11:38:00,63,2,1155.26,0.0,40,Net Banking,Delivered
4234,96,222,2025-12-21,10:39:00,58,2,849.15,169.83,49,Net Banking,Delivered
4235,22,160,2025-05-27,21:43:00,18,6,830.21,83.02,0,Debit Card,Delivered
4236,83,110,2026-07-06,21:55:00,61,4,281.31,14.07,40,Wallet,Cancelled
4237,285,42,2026-09-20,08:26:00,45,1,1055.96,0.0,30,Wallet,Delivered
4238,353,142,2024-06-06,16:43:00,15,3,1166.77,58.34,40,Wallet,Returned
4239,331,180,2025-05-10,13:18:00,15,1,507.19,0.0,0,Debit Card,Delivered
4240,533,222,2025-02-27,10:28:00,37,5,1058.09,52.9,20,Credit Card,Returned
4241,318,157,2024-11-07,22:26:00,31,6,1732.3,173.23,30,Net Banking,Delivered
4242,519,239,2024-08-04,13:23:00,19,5,1081.95,0.0,0,Credit Card,Delivered
4243,238,55,2024-09-25,12:09:00,43,4,1291.56,64.58,0,Net Banking,Delivered
4244,592,79,2026-05-20,13:27:00,47,2,514.44,77.17,30,Wallet,Delivered
4245,271,51,2025-12-11,16:16:00,49,2,273.56,27.36,0,UPI,Delivered
4246,321,166,2026-05-28,18:30:00,40,5,584.46,0.0,30,UPI,Cancelled
4247,559,196,2026-07-03,19:23:00,30,2,1641.51,0.0,40,Debit Card,Delivered
4248,517,195,2024-08-08,23:15:00,22,4,656.96,0.0,30,Credit Card,Returned
4249,226,38,2024-10-12,15:16:00,59,2,281.29,0.0,49,Debit Card,Returned
4250,495,203,2025-08-12,21:20:00,42,2,1046.87,52.34,20,Credit Card,Delivered
4251,20,4,2025-03-06,16:54:00,59,3,1415.78,212.37,49,UPI,Delivered
4252,531,44,2025-09-19,17:02:00,45,6,1028.97,102.9,40,Credit Card,Delivered
4253,356,134,2025-03-27,13:36:00,27,6,1378.58,0.0,40,Credit Card,Returned
4254,370,223,2025-06-02,22:46:00,28,4,152.71,0.0,30,Debit Card,Delivered
4255,137,212,2025-11-23,12:26:00,24,2,1694.29,254.14,0,Cash on Delivery,Delivered
4256,383,218,2024-01-21,10:05:00,38,2,1548.19,232.23,40,Wallet,Delivered
4257,221,214,2024-11-03,11:53:00,33,4,921.02,0.0,40,Wallet,Delivered
4258,522,179,2025-11-22,21:13:00,62,4,270.78,13.54,49,Net Banking,Delivered
4259,484,3,2025-06-21,08:55:00,59,3,536.93,0.0,49,Net Banking,Delivered
4260,78,205,2024-06-29,12:41:00,65,2,1773.88,354.78,49,Cash on Delivery,Delivered
4261,464,177,2026-02-04,19:54:00,27,6,937.69,187.54,40,Debit Card,Delivered
4262,341,30,2024-06-11,18:59:00,39,2,1698.08,0.0,0,Net Banking,Returned
4263,211,201,2024-10-14,21:53:00,31,6,571.63,0.0,49,Net Banking,Returned
4264,396,32,2024-08-02,09:28:00,19,5,1258.66,62.93,0,Wallet,Delivered
4265,584,152,2026-03-27,14:38:00,53,3,690.98,0.0,40,Wallet,Delivered
4266,205,133,2026-01-07,12:39:00,24,1,760.3,76.03,49,Wallet,Delivered
4267,16,79,2025-12-11,13:31:00,47,3,1297.85,259.57,0,UPI,Cancelled
4268,432,167,2024-07-14,08:23:00,39,5,679.53,101.93,40,Credit Card,Delivered
4269,36,176,2025-08-18,20:39:00,34,1,355.49,0.0,20,Net Banking,Delivered
4270,560,158,2025-08-19,08:43:00,50,5,1396.29,139.63,40,UPI,Delivered
4271,71,24,2026-06-24,08:29:00,21,3,1121.01,0.0,20,Wallet,Delivered
4272,27,63,2026-03-09,21:32:00,16,5,1212.26,121.23,49,Debit Card,Delivered
4273,279,54,2026-04-01,23:08:00,64,1,1531.89,0.0,40,Wallet,Returned
4274,507,127,2026-05-24,21:13:00,50,2,1423.3,0.0,49,UPI,Returned
4275,517,15,2026-03-31,17:14:00,47,3,1293.36,0.0,49,Cash on Delivery,Delivered
4276,500,85,2026-09-08,20:32:00,60,3,416.65,41.66,0,Net Banking,Delivered
4277,68,208,2025-06-22,23:17:00,44,2,1125.29,168.79,20,UPI,Delivered
4278,164,247,2025-01-30,19:39:00,59,4,639.4,0.0,20,UPI,Cancelled
4279,218,28,2024-05-16,10:31:00,48,1,872.25,174.45,0,Debit Card,Cancelled
4280,251,223,2024-05-23,23:54:00,35,5,1034.67,0.0,0,Net Banking,Delivered
4281,171,7,2025-02-28,14:01:00,31,1,760.17,0.0,40,Credit Card,Delivered
4282,92,142,2026-06-28,11:00:00,51,3,498.41,0.0,0,UPI,Delivered
4283,186,194,2024-11-27,10:14:00,40,6,405.43,0.0,49,Wallet,Delivered
4284,77,56,2025-11-09,22:02:00,26,1,1548.96,232.34,49,UPI,Delivered
4285,320,2,2024-03-17,16:24:00,54,4,258.37,38.76,20,Cash on Delivery,Delivered
4286,477,127,2024-05-26,23:10:00,17,6,1368.23,0.0,0,Wallet,Returned
4287,586,245,2025-07-18,08:27:00,62,2,1279.02,0.0,20,Credit Card,Cancelled
4288,372,7,2024-04-24,20:45:00,26,4,341.84,0.0,0,Debit Card,Delivered
4289,279,97,2026-08-18,11:31:00,30,1,1595.86,0.0,0,Wallet,Delivered
4290,103,53,2024-08-14,12:01:00,52,4,864.46,0.0,49,Credit Card,Delivered
4291,1,123,2024-11-12,10:40:00,27,3,1072.67,160.9,40,Cash on Delivery,Delivered
4292,245,61,2025-07-30,09:14:00,65,4,498.48,49.85,30,Cash on Delivery,Delivered
4293,206,57,2025-09-11,11:37:00,35,5,152.65,0.0,0,Net Banking,Delivered
4294,105,101,2024-05-25,20:31:00,38,1,275.44,0.0,40,Net Banking,Cancelled
4295,125,69,2025-02-04,19:00:00,65,1,498.25,0.0,30,Debit Card,Delivered
4296,298,100,2026-05-30,17:41:00,25,1,284.1,0.0,49,UPI,Cancelled
4297,219,44,2024-01-03,11:24:00,37,1,1128.08,112.81,49,UPI,Delivered
4298,17,216,2025-08-31,11:54:00,46,3,174.34,0.0,0,Wallet,Delivered
4299,166,100,2026-04-14,22:30:00,55,3,1468.05,0.0,40,UPI,Delivered
4300,164,170,2024-05-28,17:12:00,61,5,1252.1,0.0,40,Net Banking,Returned
4301,572,213,2026-02-15,23:50:00,25,1,358.87,0.0,30,Net Banking,Delivered
4302,83,228,2024-01-31,15:24:00,65,6,690.12,0.0,40,Cash on Delivery,Delivered
4303,91,65,2024-10-25,12:46:00,60,6,907.95,136.19,49,Cash on Delivery,Delivered
4304,346,56,2024-03-06,17:23:00,52,3,716.62,71.66,0,UPI,Cancelled
4305,19,110,2026-01-06,19:19:00,45,2,1756.12,87.81,30,Credit Card,Delivered
4306,143,152,2024-09-17,14:26:00,55,1,183.88,36.78,49,UPI,Delivered
4307,534,241,2024-06-12,16:20:00,18,6,996.15,0.0,40,Wallet,Delivered
4308,453,11,2024-06-03,14:26:00,15,4,616.61,30.83,0,Cash on Delivery,Delivered
4309,172,45,2025-01-06,13:21:00,35,2,1230.05,0.0,20,Debit Card,Returned
4310,96,116,2025-03-07,13:11:00,49,1,1644.57,0.0,30,UPI,Delivered
4311,379,69,2025-11-26,09:06:00,39,2,1762.14,88.11,49,UPI,Delivered
4312,563,69,2025-07-21,13:35:00,22,4,435.72,0.0,20,Net Banking,Returned
4313,416,159,2025-10-07,11:01:00,63,5,394.91,39.49,40,Wallet,Returned
4314,363,112,2026-09-02,11:08:00,18,4,598.62,0.0,40,Cash on Delivery,Delivered
4315,266,119,2025-07-22,19:24:00,25,3,1630.25,163.03,30,Debit Card,Delivered
4316,80,167,2026-06-06,17:15:00,65,5,1094.99,0.0,30,Cash on Delivery,Delivered
4317,595,149,2026-06-24,13:32:00,42,1,133.92,13.39,30,Wallet,Delivered
4318,110,65,2024-09-01,12:20:00,58,3,356.8,0.0,20,Wallet,Returned
4319,555,195,2025-02-23,18:53:00,51,1,1021.69,0.0,49,Net Banking,Delivered
4320,358,48,2025-06-26,14:51:00,53,1,1548.34,0.0,20,UPI,Delivered
4321,501,57,2026-06-29,08:46:00,57,5,497.97,0.0,20,Net Banking,Delivered
4322,297,5,2024-04-17,21:40:00,45,4,1450.14,145.01,20,Wallet,Returned
4323,67,149,2026-06-04,11:47:00,16,3,141.34,7.07,0,Net Banking,Delivered
4324,36,155,2024-12-28,23:18:00,63,3,705.23,105.78,30,UPI,Delivered
4325,120,228,2024-11-12,15:32:00,44,4,910.98,91.1,30,Credit Card,Delivered
4326,326,191,2026-03-31,19:26:00,46,4,1141.92,114.19,40,Net Banking,Cancelled
4327,577,97,2024-07-03,21:14:00,25,6,919.46,0.0,30,Credit Card,Delivered
4328,44,49,2025-11-23,10:36:00,57,1,668.46,33.42,30,Wallet,Delivered
4329,272,17,2025-12-02,15:19:00,27,1,1619.88,80.99,49,Wallet,Cancelled
4330,154,244,2025-08-14,22:24:00,59,5,264.23,39.63,40,UPI,Delivered
4331,89,150,2024-04-15,23:50:00,15,2,1263.59,0.0,20,Cash on Delivery,Returned
4332,247,114,2024-09-13,14:29:00,30,5,196.04,0.0,0,Net Banking,Delivered
4333,198,74,2024-03-17,14:22:00,58,4,1322.45,264.49,40,Wallet,Delivered
4334,147,106,2024-05-07,10:06:00,62,3,894.93,0.0,0,Cash on Delivery,Cancelled
4335,262,119,2025-07-05,23:56:00,65,2,1351.42,0.0,0,Debit Card,Delivered
4336,358,204,2026-08-14,21:55:00,34,4,1636.56,0.0,0,Wallet,Delivered
4337,406,132,2025-06-30,18:37:00,26,4,796.07,39.8,0,UPI,Delivered
4338,536,228,2025-09-10,16:14:00,50,2,196.18,0.0,49,Wallet,Delivered
4339,486,130,2026-01-23,11:25:00,38,4,136.42,13.64,0,Wallet,Delivered
4340,71,131,2025-12-01,09:48:00,57,2,592.59,29.63,20,Net Banking,Delivered
4341,175,111,2024-03-08,22:13:00,31,6,754.26,150.85,49,Cash on Delivery,Cancelled
4342,445,214,2024-07-25,10:16:00,51,2,1278.44,127.84,0,Credit Card,Delivered
4343,137,196,2024-06-04,14:33:00,62,1,633.29,0.0,20,UPI,Returned
4344,538,202,2026-01-26,15:17:00,51,1,1219.61,60.98,30,Cash on Delivery,Delivered
4345,262,149,2024-07-08,23:12:00,50,6,1756.11,175.61,0,Credit Card,Cancelled
4346,487,167,2024-05-14,13:40:00,46,6,1431.99,0.0,49,UPI,Delivered
4347,354,230,2024-07-31,13:23:00,59,5,1018.68,0.0,20,UPI,Cancelled
4348,408,125,2024-03-05,21:03:00,56,2,530.51,0.0,0,Wallet,Delivered
4349,534,117,2025-02-17,08:09:00,47,4,640.42,0.0,40,Credit Card,Delivered
4350,257,136,2025-06-05,10:00:00,36,6,170.87,17.09,0,Cash on Delivery,Delivered
4351,550,20,2024-06-26,15:28:00,54,6,491.94,73.79,49,Debit Card,Returned
4352,581,58,2026-08-22,09:49:00,50,2,1742.11,348.42,20,Cash on Delivery,Returned
4353,530,25,2024-10-07,21:36:00,37,2,1117.19,0.0,40,Net Banking,Delivered
4354,153,63,2026-08-27,13:02:00,43,2,1182.33,236.47,49,Cash on Delivery,Delivered
4355,88,88,2025-03-18,13:14:00,18,6,773.19,77.32,0,UPI,Returned
4356,590,72,2025-01-29,23:02:00,20,3,1302.31,0.0,20,Net Banking,Delivered
4357,262,76,2025-03-24,11:56:00,25,1,1778.52,0.0,40,Credit Card,Delivered
4358,562,115,2024-11-10,18:25:00,26,2,1491.35,149.13,49,Cash on Delivery,Returned
4359,72,123,2026-08-06,15:51:00,23,4,891.44,44.57,0,Wallet,Delivered
4360,193,157,2026-06-16,18:40:00,19,6,523.5,52.35,49,Net Banking,Delivered
4361,437,93,2026-03-02,23:18:00,19,6,813.65,81.37,30,Wallet,Cancelled
4362,426,104,2026-08-11,15:43:00,30,4,1365.45,273.09,30,Cash on Delivery,Delivered
4363,520,70,2024-12-28,15:21:00,45,4,929.19,46.46,49,Debit Card,Delivered
4364,142,177,2025-09-16,16:21:00,47,2,815.52,81.55,49,Wallet,Cancelled
4365,451,75,2024-11-15,13:12:00,63,5,1609.64,80.48,0,Debit Card,Cancelled
4366,276,69,2024-11-28,08:11:00,37,4,954.17,0.0,20,UPI,Delivered
4367,530,45,2025-09-24,18:50:00,52,5,1038.22,0.0,40,UPI,Returned
4368,4,247,2024-08-27,22:46:00,41,2,1403.62,140.36,30,UPI,Cancelled
4369,521,210,2026-01-13,08:19:00,28,4,549.18,82.38,20,Cash on Delivery,Delivered
4370,563,241,2024-01-10,20:20:00,35,1,145.5,7.28,0,Net Banking,Delivered
4371,474,235,2024-01-04,23:54:00,61,6,964.1,96.41,20,Wallet,Delivered
4372,241,33,2025-09-29,17:02:00,25,6,911.19,0.0,49,Debit Card,Cancelled
4373,368,231,2024-02-13,10:56:00,40,3,873.16,0.0,30,Cash on Delivery,Delivered
4374,534,97,2024-08-05,12:35:00,19,1,1271.62,190.74,40,Wallet,Returned
4375,4,201,2024-12-15,20:03:00,36,3,924.46,92.45,30,UPI,Delivered
4376,586,104,2024-01-07,08:47:00,42,4,1511.12,75.56,0,Wallet,Delivered
4377,199,21,2025-03-27,20:25:00,16,6,396.4,0.0,30,Cash on Delivery,Delivered
4378,475,180,2025-08-27,10:32:00,20,3,477.71,95.54,40,Net Banking,Delivered
4379,337,118,2024-12-06,19:16:00,40,1,765.97,0.0,30,Credit Card,Delivered
4380,22,96,2024-07-18,15:55:00,48,5,384.43,57.66,30,Net Banking,Returned
4381,446,151,2025-02-13,20:46:00,18,5,1303.06,260.61,0,Net Banking,Delivered
4382,328,133,2025-07-23,09:18:00,21,3,1194.23,0.0,40,Credit Card,Delivered
4383,540,114,2024-09-23,18:06:00,23,6,775.77,77.58,20,Cash on Delivery,Delivered
4384,58,222,2024-06-17,13:41:00,62,5,469.92,0.0,49,Wallet,Returned
4385,299,76,2024-08-08,10:43:00,25,1,1449.01,0.0,30,Debit Card,Delivered
4386,32,236,2024-02-11,23:11:00,36,4,770.77,154.15,49,Cash on Delivery,Cancelled
4387,256,15,2025-01-25,14:26:00,37,4,1570.71,0.0,40,Wallet,Delivered
4388,380,28,2026-09-15,09:18:00,21,2,790.21,39.51,40,Cash on Delivery,Delivered
4389,370,206,2025-08-16,14:47:00,23,6,1719.64,0.0,49,Cash on Delivery,Delivered
4390,224,120,2024-03-22,21:30:00,35,3,1429.5,142.95,0,Credit Card,Delivered
4391,314,86,2024-09-27,08:59:00,25,5,1304.17,195.63,30,Debit Card,Cancelled
4392,574,237,2026-01-24,12:24:00,52,4,798.19,0.0,0,Credit Card,Returned
4393,398,100,2025-05-13,16:49:00,49,5,836.41,83.64,49,Net Banking,Delivered
4394,9,133,2026-02-23,23:33:00,42,2,1068.94,0.0,30,UPI,Delivered
4395,246,83,2025-08-21,09:47:00,61,5,599.31,0.0,30,Debit Card,Delivered
4396,478,72,2024-07-09,22:03:00,43,2,728.67,0.0,30,Wallet,Cancelled
4397,492,144,2025-02-25,10:03:00,53,3,544.28,108.86,20,Net Banking,Delivered
4398,284,232,2024-02-26,22:20:00,20,5,532.76,0.0,30,Cash on Delivery,Delivered
4399,245,115,2025-07-13,13:35:00,16,2,647.77,64.78,49,Net Banking,Returned
4400,118,174,2026-07-14,08:35:00,56,6,745.09,37.25,40,Cash on Delivery,Delivered
4401,481,92,2024-01-31,11:12:00,51,6,1249.54,0.0,49,Wallet,Cancelled
4402,331,101,2026-09-18,22:53:00,54,4,1281.91,0.0,40,Credit Card,Delivered
4403,491,200,2025-05-08,10:33:00,40,2,802.64,120.4,40,Wallet,Delivered
4404,422,18,2025-02-17,15:50:00,29,5,779.11,155.82,49,UPI,Cancelled
4405,11,241,2024-07-21,12:47:00,41,2,629.12,125.82,49,Net Banking,Delivered
4406,311,7,2025-09-16,16:25:00,40,3,1479.39,0.0,49,Cash on Delivery,Delivered
4407,32,200,2024-11-16,15:25:00,34,3,1739.16,347.83,20,Debit Card,Delivered
4408,345,74,2024-04-15,12:06:00,56,4,758.89,0.0,49,Wallet,Delivered
4409,79,180,2024-06-29,15:57:00,31,5,394.71,0.0,0,Wallet,Delivered
4410,167,211,2024-01-20,19:15:00,39,3,163.48,24.52,30,Cash on Delivery,Delivered
4411,437,159,2025-03-04,09:02:00,20,5,404.6,0.0,20,UPI,Delivered
4412,137,207,2024-11-03,08:17:00,22,3,1190.6,0.0,49,Wallet,Delivered
4413,149,119,2025-03-09,21:54:00,20,6,1482.13,74.11,40,Wallet,Delivered
4414,203,206,2024-09-04,15:15:00,36,4,1696.93,169.69,30,Credit Card,Delivered
4415,96,142,2024-10-01,16:50:00,35,4,781.48,39.07,0,Cash on Delivery,Returned
4416,180,227,2025-08-12,19:03:00,61,4,592.65,0.0,20,UPI,Delivered
4417,315,17,2025-10-13,23:56:00,30,6,423.41,21.17,30,Credit Card,Cancelled
4418,262,163,2025-03-14,19:44:00,38,3,841.54,0.0,20,Wallet,Delivered
4419,226,195,2026-02-16,16:47:00,41,4,1254.7,62.74,30,Debit Card,Returned
4420,54,20,2026-06-12,13:45:00,47,5,312.4,0.0,20,Debit Card,Cancelled
4421,348,225,2026-04-14,16:52:00,26,3,1177.71,235.54,40,Credit Card,Delivered
4422,433,207,2026-02-04,08:31:00,59,5,262.22,52.44,20,Net Banking,Delivered
4423,466,204,2024-12-07,10:15:00,62,3,1421.36,71.07,30,Net Banking,Delivered
4424,516,223,2026-01-22,18:01:00,38,6,1593.25,0.0,30,UPI,Delivered
4425,323,197,2024-10-02,21:45:00,37,1,340.32,17.02,49,UPI,Returned
4426,442,28,2024-04-08,19:49:00,52,4,487.12,24.36,20,Debit Card,Cancelled
4427,2,60,2024-05-01,18:34:00,32,4,639.75,127.95,49,Debit Card,Delivered
4428,131,141,2024-01-17,18:16:00,58,1,222.78,0.0,20,UPI,Delivered
4429,364,240,2026-08-05,09:30:00,50,4,528.13,105.63,30,Wallet,Cancelled
4430,596,7,2026-05-19,09:15:00,63,3,1185.15,237.03,20,Credit Card,Returned
4431,163,226,2025-02-01,12:01:00,36,6,732.03,109.8,30,Wallet,Delivered
4432,392,210,2024-05-31,17:38:00,46,3,766.06,0.0,40,Net Banking,Returned
4433,225,214,2026-04-09,15:38:00,30,5,1095.16,0.0,20,UPI,Delivered
4434,593,175,2024-12-25,10:34:00,47,5,713.86,35.69,49,Cash on Delivery,Delivered
4435,192,202,2026-06-20,08:43:00,51,3,930.26,139.54,49,Credit Card,Delivered
4436,457,133,2024-07-22,08:43:00,19,5,1132.22,56.61,30,Wallet,Returned
4437,536,75,2025-02-17,08:53:00,43,3,693.67,34.68,20,Wallet,Delivered
4438,387,164,2025-04-23,08:57:00,28,2,871.82,87.18,49,Cash on Delivery,Delivered
4439,533,116,2026-04-22,18:03:00,65,5,1047.64,0.0,20,UPI,Delivered
4440,350,227,2025-11-09,12:02:00,31,4,1452.49,145.25,0,Cash on Delivery,Delivered
4441,214,149,2024-01-22,20:52:00,31,5,542.34,27.12,20,Net Banking,Cancelled
4442,43,39,2024-11-01,16:52:00,64,3,141.89,7.09,20,Wallet,Delivered
4443,588,124,2024-03-23,08:07:00,19,2,217.31,0.0,40,Cash on Delivery,Cancelled
4444,74,189,2025-02-08,16:59:00,23,4,258.69,38.8,40,Cash on Delivery,Returned
4445,431,71,2025-05-10,10:01:00,46,6,1082.87,0.0,20,Cash on Delivery,Delivered
4446,431,94,2024-05-18,08:34:00,30,1,1722.21,344.44,20,UPI,Returned
4447,6,20,2026-01-24,20:05:00,55,5,491.63,0.0,30,Credit Card,Delivered
4448,48,16,2026-05-09,23:18:00,19,6,763.75,38.19,30,Credit Card,Delivered
4449,564,97,2024-01-25,17:09:00,50,6,515.04,25.75,40,Credit Card,Cancelled
4450,134,218,2024-11-03,20:53:00,62,3,1775.63,88.78,0,UPI,Delivered
4451,50,203,2025-02-06,09:27:00,44,6,517.99,25.9,49,Net Banking,Delivered
4452,169,19,2024-09-18,11:34:00,22,1,220.74,0.0,49,UPI,Delivered
4453,264,121,2025-09-27,09:46:00,21,6,279.65,0.0,30,Cash on Delivery,Delivered
4454,477,164,2026-06-09,21:47:00,36,5,1178.05,58.9,30,Cash on Delivery,Delivered
4455,22,227,2024-08-18,15:25:00,55,4,1582.75,0.0,49,Wallet,Delivered
4456,501,239,2025-09-09,10:53:00,16,5,1398.4,209.76,49,Net Banking,Returned
4457,223,191,2026-04-24,23:33:00,33,5,1323.27,66.16,30,Credit Card,Cancelled
4458,45,138,2024-01-05,17:20:00,28,2,564.47,0.0,0,Debit Card,Delivered
4459,558,45,2024-01-27,22:54:00,17,1,159.4,7.97,40,Debit Card,Delivered
4460,269,115,2024-12-21,14:51:00,60,5,849.4,0.0,0,Cash on Delivery,Cancelled
4461,542,36,2024-12-15,10:06:00,45,2,1497.93,224.69,20,UPI,Cancelled
4462,358,130,2024-06-16,10:30:00,26,4,1727.18,259.08,20,UPI,Delivered
4463,55,201,2026-08-26,16:35:00,55,6,141.86,21.28,49,Wallet,Delivered
4464,81,28,2024-06-19,19:32:00,16,3,631.64,0.0,0,Cash on Delivery,Delivered
4465,476,237,2025-05-10,12:05:00,21,2,867.97,130.2,40,Net Banking,Delivered
4466,1,145,2025-06-27,11:54:00,57,4,1798.72,89.94,20,Debit Card,Cancelled
4467,88,86,2024-06-04,21:30:00,27,6,878.69,0.0,0,Cash on Delivery,Delivered
4468,405,137,2025-02-24,21:17:00,41,6,1516.87,0.0,30,Cash on Delivery,Cancelled
4469,359,224,2025-09-13,17:27:00,50,5,683.95,102.59,40,Debit Card,Cancelled
4470,352,45,2024-11-21,22:28:00,39,5,1099.34,109.93,40,Wallet,Delivered
4471,227,175,2026-04-29,19:05:00,39,6,1632.86,0.0,20,Wallet,Cancelled
4472,256,169,2025-05-06,08:06:00,31,6,1337.16,133.72,30,Wallet,Returned
4473,64,174,2025-03-26,10:22:00,56,1,1163.25,58.16,20,Credit Card,Cancelled
4474,60,167,2024-11-10,23:58:00,46,2,685.81,68.58,40,UPI,Returned
4475,94,93,2025-10-15,19:43:00,58,6,1562.26,0.0,49,Debit Card,Delivered
4476,403,33,2026-08-04,08:27:00,26,5,1354.99,135.5,0,Debit Card,Returned
4477,419,102,2024-02-24,14:01:00,51,5,217.41,0.0,49,Credit Card,Delivered
4478,205,71,2026-04-15,14:26:00,30,3,851.0,0.0,49,Cash on Delivery,Delivered
4479,255,73,2025-05-13,12:18:00,59,3,278.08,13.9,40,Cash on Delivery,Cancelled
4480,97,205,2025-07-03,23:47:00,33,2,154.59,7.73,30,Cash on Delivery,Delivered
4481,134,155,2025-10-17,14:08:00,40,5,516.91,0.0,49,Cash on Delivery,Delivered
4482,177,150,2026-05-18,18:06:00,41,6,403.57,60.54,49,UPI,Delivered
4483,320,90,2024-09-28,12:24:00,23,4,920.98,0.0,20,UPI,Cancelled
4484,346,134,2024-04-08,12:42:00,64,5,1651.38,82.57,40,Credit Card,Delivered
4485,8,66,2026-03-27,11:39:00,43,6,543.88,27.19,40,Debit Card,Returned
4486,187,218,2026-02-26,12:19:00,40,5,793.87,158.77,30,UPI,Delivered
4487,183,18,2025-05-03,19:04:00,44,1,535.86,80.38,20,Wallet,Delivered
4488,305,84,2024-09-23,22:01:00,60,6,1521.14,0.0,0,Debit Card,Delivered
4489,267,175,2024-12-06,09:31:00,41,4,644.84,32.24,49,Debit Card,Delivered
4490,232,140,2025-11-13,15:07:00,26,4,851.99,42.6,49,Credit Card,Cancelled
4491,359,156,2024-10-20,13:40:00,65,2,1665.88,0.0,20,Debit Card,Delivered
4492,550,31,2025-01-31,08:42:00,27,3,1475.64,0.0,0,Cash on Delivery,Delivered
4493,362,80,2025-02-21,11:51:00,31,1,293.38,58.68,49,Wallet,Delivered
4494,34,168,2024-04-12,17:43:00,64,4,1572.14,157.21,0,Wallet,Cancelled
4495,591,130,2026-04-19,15:51:00,35,5,540.67,54.07,0,Wallet,Delivered
4496,138,118,2025-05-01,10:08:00,43,4,1291.48,0.0,40,Wallet,Delivered
4497,347,50,2026-04-27,08:53:00,52,1,1264.33,0.0,30,Cash on Delivery,Delivered
4498,259,4,2026-07-23,08:42:00,27,1,1452.8,290.56,49,Net Banking,Returned
4499,164,43,2025-08-02,09:55:00,40,3,1511.24,151.12,49,Cash on Delivery,Delivered
4500,570,192,2024-10-29,09:09:00,59,5,531.78,26.59,30,Debit Card,Cancelled
4501,426,164,2024-11-22,22:08:00,48,1,1680.38,0.0,49,Cash on Delivery,Delivered
4502,430,46,2025-02-27,09:00:00,50,1,733.29,73.33,0,Wallet,Delivered
4503,539,197,2025-07-18,08:00:00,59,2,120.09,0.0,20,Cash on Delivery,Delivered
4504,158,140,2026-09-22,20:55:00,48,6,924.82,0.0,20,UPI,Cancelled
4505,11,117,2024-03-13,09:54:00,49,1,1631.38,81.57,49,Wallet,Cancelled
4506,171,53,2026-06-13,22:24:00,56,4,401.12,0.0,30,UPI,Delivered
4507,70,250,2025-08-15,09:28:00,15,6,1623.21,81.16,20,Net Banking,Returned
4508,171,213,2026-04-21,17:54:00,24,6,1058.46,0.0,30,Net Banking,Cancelled
4509,314,150,2024-06-20,20:12:00,50,5,1415.88,212.38,49,Cash on Delivery,Returned
4510,276,158,2024-11-27,19:38:00,20,1,1143.75,228.75,20,Credit Card,Delivered
4511,372,218,2025-06-21,19:29:00,24,5,1211.09,0.0,40,Wallet,Cancelled
4512,529,209,2025-09-15,11:56:00,42,1,1233.19,0.0,30,Debit Card,Delivered
4513,500,94,2024-07-31,08:44:00,55,2,1106.19,0.0,30,Wallet,Delivered
4514,59,203,2026-06-15,17:04:00,42,4,1071.39,160.71,20,Wallet,Delivered
4515,192,119,2025-09-02,11:17:00,36,3,1669.19,0.0,0,Net Banking,Delivered
4516,124,122,2025-10-03,13:32:00,32,3,1435.78,0.0,49,Wallet,Delivered
4517,277,151,2024-09-20,09:53:00,17,5,1579.5,78.98,20,Net Banking,Delivered
4518,408,89,2026-01-22,08:56:00,46,6,431.47,0.0,0,Net Banking,Returned
4519,24,92,2025-04-12,08:05:00,51,4,599.18,0.0,30,Cash on Delivery,Delivered
4520,151,169,2026-07-18,12:21:00,37,6,1395.77,279.15,40,Net Banking,Delivered
4521,561,69,2025-03-10,08:00:00,21,3,1286.86,128.69,0,Credit Card,Cancelled
4522,390,220,2024-06-05,16:45:00,26,3,1162.74,174.41,30,Cash on Delivery,Returned
4523,39,2,2024-05-18,19:07:00,51,6,186.84,28.03,40,Credit Card,Delivered
4524,276,200,2025-03-11,09:39:00,38,4,1277.68,0.0,30,Net Banking,Delivered
4525,497,74,2025-04-14,20:15:00,18,6,1012.8,0.0,40,Credit Card,Returned
4526,550,155,2024-01-31,11:54:00,65,6,215.4,32.31,40,Credit Card,Delivered
4527,472,79,2025-10-04,10:32:00,15,3,1614.15,0.0,0,Wallet,Cancelled
4528,161,50,2024-01-16,18:49:00,51,4,1591.06,79.55,20,Credit Card,Delivered
4529,569,199,2025-10-30,13:59:00,47,4,755.29,37.76,30,Wallet,Delivered
4530,356,36,2024-12-05,21:35:00,35,4,1593.03,0.0,0,Wallet,Delivered
4531,394,69,2026-09-17,23:33:00,25,6,793.44,158.69,49,Cash on Delivery,Delivered
4532,230,12,2024-02-22,09:11:00,36,3,558.81,83.82,30,Debit Card,Cancelled
4533,245,74,2025-03-31,19:08:00,52,3,1187.53,118.75,30,Debit Card,Delivered
4534,7,74,2026-04-17,11:44:00,59,3,744.75,0.0,40,Credit Card,Cancelled
4535,494,11,2025-03-13,18:41:00,21,1,997.93,99.79,40,Wallet,Delivered
4536,203,137,2025-10-22,22:54:00,38,6,1156.29,0.0,49,Debit Card,Cancelled
4537,183,148,2025-06-21,11:42:00,27,2,1605.96,240.89,20,Debit Card,Delivered
4538,472,217,2026-09-11,22:46:00,20,1,993.27,198.65,0,Wallet,Returned
4539,387,114,2025-12-14,22:18:00,27,4,206.69,0.0,49,Net Banking,Delivered
4540,533,85,2025-09-10,12:28:00,21,3,495.23,24.76,49,Debit Card,Delivered
4541,259,155,2024-07-29,17:49:00,45,4,1291.37,129.14,49,Net Banking,Cancelled
4542,518,107,2024-03-24,20:40:00,62,1,1297.03,129.7,40,Cash on Delivery,Delivered
4543,315,248,2026-01-14,18:33:00,58,1,1026.64,0.0,0,Net Banking,Delivered
4544,326,42,2026-01-13,10:57:00,59,4,1526.54,228.98,0,Wallet,Delivered
4545,329,50,2025-11-10,10:08:00,41,1,742.46,111.37,40,Debit Card,Delivered
4546,144,233,2025-10-05,17:59:00,36,5,737.15,147.43,40,Cash on Delivery,Delivered
4547,329,96,2025-08-01,11:40:00,25,4,986.63,0.0,0,Cash on Delivery,Delivered
4548,248,116,2026-06-06,14:06:00,65,5,1287.47,0.0,30,Net Banking,Delivered
4549,112,44,2026-01-24,15:48:00,62,3,670.67,100.6,20,Credit Card,Cancelled
4550,379,178,2025-06-12,09:47:00,26,3,703.85,140.77,40,UPI,Delivered
4551,393,46,2026-04-10,22:17:00,64,2,679.34,135.87,30,Net Banking,Cancelled
4552,527,211,2025-02-25,14:08:00,46,6,211.91,0.0,0,Cash on Delivery,Delivered
4553,35,34,2025-06-21,10:02:00,39,1,1432.37,286.47,40,Cash on Delivery,Cancelled
4554,304,71,2024-07-31,14:17:00,58,4,123.46,18.52,40,Credit Card,Cancelled
4555,376,102,2024-10-11,10:45:00,40,6,421.1,84.22,49,Wallet,Delivered
4556,39,208,2024-06-24,18:09:00,21,3,1331.44,0.0,30,Wallet,Returned
4557,234,243,2024-12-25,11:30:00,23,6,452.63,22.63,49,Debit Card,Delivered
4558,270,187,2026-02-01,17:34:00,38,2,772.61,115.89,20,Wallet,Cancelled
4559,342,74,2025-11-01,23:09:00,25,3,179.69,0.0,30,Credit Card,Delivered
4560,416,230,2024-03-19,11:14:00,54,1,127.17,0.0,49,Net Banking,Cancelled
4561,485,94,2026-05-15,13:12:00,32,1,971.06,0.0,30,Cash on Delivery,Delivered
4562,231,57,2024-12-08,19:22:00,40,2,975.32,97.53,49,UPI,Delivered
4563,158,143,2024-09-23,14:39:00,51,4,619.11,123.82,40,Net Banking,Delivered
4564,44,12,2026-06-14,19:45:00,38,4,1315.22,0.0,20,Net Banking,Delivered
4565,472,160,2026-09-23,12:25:00,55,4,121.63,18.24,30,UPI,Delivered
4566,258,117,2026-06-24,19:01:00,21,4,1476.27,0.0,30,Cash on Delivery,Returned
4567,402,89,2026-03-11,18:33:00,53,5,1184.84,177.73,0,Wallet,Delivered
4568,331,137,2026-08-13,20:55:00,52,4,1573.78,236.07,20,Credit Card,Cancelled
4569,174,75,2024-07-05,09:16:00,30,1,222.91,0.0,0,Net Banking,Delivered
4570,39,212,2025-03-15,23:53:00,21,6,1544.21,77.21,20,Debit Card,Delivered
4571,81,196,2025-11-18,10:54:00,34,6,366.93,0.0,20,Net Banking,Delivered
4572,112,35,2026-04-15,12:13:00,25,5,810.74,162.15,0,Debit Card,Delivered
4573,135,163,2024-10-21,18:19:00,23,2,558.9,55.89,20,Credit Card,Delivered
4574,246,6,2024-06-01,15:44:00,23,6,213.62,0.0,0,Credit Card,Cancelled
4575,459,135,2026-08-18,13:34:00,57,6,390.67,58.6,20,Debit Card,Delivered
4576,501,146,2024-04-08,15:21:00,29,2,1135.0,56.75,0,Wallet,Delivered
4577,421,48,2025-08-25,16:57:00,62,6,992.67,49.63,40,Cash on Delivery,Delivered
4578,58,231,2026-02-25,22:29:00,52,3,482.09,0.0,30,UPI,Delivered
4579,194,1,2025-10-19,22:02:00,53,1,778.75,0.0,40,UPI,Cancelled
4580,497,243,2024-07-11,11:46:00,36,4,909.4,136.41,20,Cash on Delivery,Delivered
4581,502,191,2026-08-12,14:27:00,26,5,364.57,0.0,49,Wallet,Delivered
4582,586,121,2025-12-25,22:55:00,44,2,1033.74,155.06,20,Wallet,Delivered
4583,199,243,2025-05-29,12:04:00,32,4,399.18,0.0,20,Credit Card,Cancelled
4584,543,219,2024-08-16,14:33:00,61,1,450.71,0.0,20,Wallet,Cancelled
4585,223,87,2025-09-07,08:24:00,24,4,1265.14,253.03,49,Wallet,Delivered
4586,44,225,2026-01-06,11:17:00,34,1,408.57,0.0,20,Credit Card,Delivered
4587,159,65,2026-04-10,19:24:00,43,6,164.16,24.62,49,Credit Card,Delivered
4588,233,232,2026-06-14,19:02:00,32,4,1646.91,247.04,49,Wallet,Cancelled
4589,202,165,2026-09-04,22:17:00,22,3,1670.88,334.18,30,Net Banking,Returned
4590,240,54,2026-01-02,22:32:00,56,5,733.55,73.36,0,Wallet,Delivered
4591,23,88,2024-09-05,09:37:00,55,6,570.18,57.02,40,Debit Card,Delivered
4592,354,16,2025-06-04,13:22:00,45,2,497.99,74.7,20,UPI,Delivered
4593,494,2,2025-07-26,21:55:00,19,5,852.03,170.41,30,Net Banking,Delivered
4594,404,175,2025-04-12,17:29:00,61,6,1385.43,0.0,49,UPI,Delivered
4595,561,64,2026-01-27,19:41:00,39,3,189.45,28.42,40,Net Banking,Cancelled
4596,143,118,2026-05-14,08:47:00,26,3,1495.52,224.33,30,Wallet,Returned
4597,271,229,2025-10-02,11:50:00,22,6,1242.15,248.43,30,Debit Card,Returned
4598,421,46,2025-10-31,17:04:00,24,4,1228.32,61.42,40,Wallet,Delivered
4599,27,202,2025-10-24,16:03:00,62,3,1074.95,0.0,40,UPI,Cancelled
4600,206,109,2026-04-21,16:10:00,33,3,1396.34,209.45,20,UPI,Delivered
4601,328,70,2026-05-20,15:08:00,41,6,232.82,0.0,30,UPI,Returned
4602,213,123,2024-03-13,19:09:00,60,3,439.31,0.0,0,Net Banking,Delivered
4603,344,174,2026-05-13,21:34:00,30,6,1649.39,164.94,30,Credit Card,Returned
4604,80,192,2024-07-09,13:23:00,25,6,1564.65,78.23,30,Net Banking,Delivered
4605,289,113,2025-07-16,22:03:00,42,4,1212.88,181.93,40,Debit Card,Delivered
4606,168,130,2025-02-27,15:02:00,44,6,1358.25,67.91,49,UPI,Returned
4607,41,188,2024-03-11,09:06:00,23,3,1799.23,0.0,49,UPI,Delivered
4608,402,156,2025-10-17,17:08:00,21,1,1361.34,68.07,30,Wallet,Delivered
4609,21,7,2024-10-13,16:37:00,19,1,1225.26,245.05,0,Cash on Delivery,Cancelled
4610,197,177,2024-03-14,17:58:00,51,2,1798.64,0.0,49,Net Banking,Cancelled
4611,17,183,2026-09-07,21:18:00,18,3,263.81,0.0,0,Cash on Delivery,Delivered
4612,282,176,2026-09-17,14:04:00,16,3,742.39,0.0,20,UPI,Delivered
4613,535,132,2025-04-11,18:02:00,39,4,145.9,7.3,40,Debit Card,Returned
4614,119,69,2024-04-28,16:33:00,29,3,1694.55,0.0,40,UPI,Delivered
4615,360,31,2024-09-29,12:59:00,44,4,206.94,0.0,0,Debit Card,Cancelled
4616,553,100,2024-04-27,11:21:00,22,1,253.18,37.98,40,Credit Card,Returned
4617,483,217,2024-04-08,16:13:00,63,3,1155.45,0.0,0,UPI,Delivered
4618,108,166,2026-05-27,21:20:00,15,6,547.99,82.2,40,Credit Card,Delivered
4619,357,56,2024-05-04,09:31:00,27,4,1626.44,0.0,20,UPI,Delivered
4620,149,83,2026-01-21,09:34:00,56,3,659.08,98.86,20,Debit Card,Delivered
4621,562,133,2025-03-23,09:47:00,54,4,1252.75,0.0,30,Credit Card,Cancelled
4622,418,10,2024-04-11,08:59:00,52,6,1220.21,122.02,20,UPI,Delivered
4623,101,242,2026-03-02,16:49:00,18,1,1483.05,148.31,49,UPI,Cancelled
4624,463,242,2025-12-25,11:50:00,52,2,1231.77,246.35,20,Net Banking,Delivered
4625,459,220,2026-07-09,17:46:00,19,3,1312.76,262.55,30,Net Banking,Cancelled
4626,365,68,2025-10-13,14:19:00,60,3,1498.99,0.0,40,Cash on Delivery,Delivered
4627,178,123,2024-09-05,21:40:00,53,4,1530.94,0.0,49,UPI,Delivered
4628,39,86,2024-03-12,13:36:00,55,6,347.93,17.4,20,Debit Card,Cancelled
4629,20,189,2025-03-12,23:30:00,46,5,987.98,148.2,40,Cash on Delivery,Delivered
4630,520,18,2024-01-12,23:00:00,47,6,1616.49,0.0,0,Net Banking,Delivered
4631,229,163,2025-01-02,10:45:00,59,2,440.87,88.17,0,Debit Card,Delivered
4632,591,46,2024-02-26,13:42:00,30,4,767.38,153.48,40,Wallet,Cancelled
4633,17,22,2025-04-01,12:37:00,35,6,316.79,0.0,40,Wallet,Delivered
4634,60,226,2025-11-29,21:37:00,42,1,1762.29,352.46,0,Net Banking,Delivered
4635,2,173,2024-09-02,08:47:00,51,2,1225.93,183.89,40,Cash on Delivery,Delivered
4636,222,194,2025-02-25,08:49:00,48,4,503.92,100.78,20,Credit Card,Delivered
4637,355,12,2025-02-04,20:44:00,40,6,1795.59,89.78,0,Wallet,Delivered
4638,363,6,2025-06-22,08:41:00,17,3,1516.88,0.0,49,UPI,Delivered
4639,224,12,2025-03-02,13:23:00,18,6,1312.3,262.46,49,UPI,Delivered
4640,380,229,2025-03-17,17:19:00,19,5,1084.17,0.0,0,Credit Card,Delivered
4641,217,107,2024-03-08,20:03:00,38,1,1294.6,129.46,49,Net Banking,Delivered
4642,451,103,2024-04-04,11:48:00,55,5,304.06,0.0,49,Net Banking,Cancelled
4643,423,127,2025-06-18,16:39:00,15,2,345.01,0.0,40,Cash on Delivery,Delivered
4644,578,214,2026-09-05,10:07:00,64,4,851.56,0.0,30,UPI,Returned
4645,42,72,2024-07-11,23:21:00,56,2,1359.52,0.0,30,Cash on Delivery,Delivered
4646,136,229,2024-06-30,18:03:00,60,5,536.29,53.63,40,UPI,Cancelled
4647,598,16,2024-08-06,21:31:00,33,5,841.3,168.26,30,Cash on Delivery,Delivered
4648,377,219,2024-07-27,18:04:00,35,2,554.63,83.19,40,Debit Card,Cancelled
4649,140,128,2024-01-02,11:10:00,18,4,1036.76,207.35,0,Credit Card,Delivered
4650,553,23,2026-05-26,08:07:00,15,2,1185.14,237.03,0,Net Banking,Cancelled
4651,246,66,2026-07-17,11:52:00,64,4,136.18,20.43,49,UPI,Delivered
4652,476,89,2025-05-15,19:07:00,40,4,261.74,0.0,40,Cash on Delivery,Delivered
4653,320,69,2026-07-06,09:17:00,29,5,605.4,90.81,40,Wallet,Delivered
4654,445,246,2025-10-24,12:08:00,59,2,1775.12,266.27,40,Credit Card,Delivered
4655,108,5,2024-12-14,16:49:00,56,1,404.55,20.23,0,Wallet,Cancelled
4656,536,167,2024-11-05,21:22:00,61,3,1102.34,0.0,49,Net Banking,Delivered
4657,393,139,2025-06-03,20:57:00,31,5,1087.9,0.0,20,Wallet,Delivered
4658,461,71,2024-12-26,14:56:00,53,1,1014.17,0.0,20,Net Banking,Delivered
4659,570,113,2025-02-24,10:50:00,55,3,630.15,0.0,20,Wallet,Returned
4660,452,232,2024-08-25,20:49:00,56,6,182.15,36.43,0,Net Banking,Delivered
4661,449,87,2024-08-16,22:38:00,34,4,779.14,0.0,0,Net Banking,Returned
4662,224,168,2024-09-18,13:45:00,51,1,141.89,0.0,49,Credit Card,Returned
4663,499,138,2026-08-17,18:10:00,27,3,791.15,118.67,0,Debit Card,Delivered
4664,164,29,2026-02-12,21:31:00,40,6,127.61,12.76,49,Cash on Delivery,Delivered
4665,91,6,2025-01-22,21:55:00,35,5,1607.83,80.39,49,Wallet,Cancelled
4666,318,34,2026-01-22,19:54:00,41,3,1047.97,209.59,49,Credit Card,Delivered
4667,338,65,2025-12-20,09:40:00,57,3,1332.79,199.92,30,UPI,Returned
4668,239,226,2025-08-11,20:12:00,48,2,1374.13,68.71,40,Net Banking,Delivered
4669,536,31,2024-09-20,17:38:00,48,4,1794.01,0.0,49,Wallet,Delivered
4670,339,58,2024-07-06,15:55:00,19,3,1233.5,0.0,0,Cash on Delivery,Delivered
4671,478,229,2025-09-07,11:39:00,17,3,1305.18,195.78,40,Net Banking,Delivered
4672,24,20,2025-01-02,09:32:00,60,6,1466.88,0.0,30,Debit Card,Delivered
4673,184,156,2025-06-24,12:38:00,56,6,542.47,0.0,0,Net Banking,Cancelled
4674,205,200,2025-05-23,11:19:00,56,4,1384.64,207.7,30,Credit Card,Delivered
4675,25,118,2026-04-02,17:14:00,48,2,196.98,0.0,49,Debit Card,Returned
4676,61,167,2025-12-29,09:28:00,47,4,871.36,174.27,30,Debit Card,Delivered
4677,36,199,2024-11-24,14:47:00,35,4,1456.32,291.26,40,Wallet,Delivered
4678,226,101,2026-05-29,22:13:00,28,4,234.18,0.0,30,Cash on Delivery,Delivered
4679,87,92,2026-02-21,10:53:00,42,6,496.14,49.61,30,Cash on Delivery,Delivered
4680,66,165,2024-10-08,13:44:00,31,6,526.69,0.0,49,Debit Card,Delivered
4681,455,136,2024-06-14,22:43:00,38,6,952.37,0.0,0,Cash on Delivery,Delivered
4682,267,223,2026-07-23,20:01:00,20,4,1245.09,249.02,0,Net Banking,Delivered
4683,314,7,2026-07-08,09:03:00,61,5,380.54,19.03,49,Credit Card,Returned
4684,338,238,2025-09-06,21:53:00,23,4,994.08,149.11,49,Cash on Delivery,Delivered
4685,491,98,2024-12-02,16:00:00,23,2,620.07,31.0,0,Debit Card,Delivered
4686,118,227,2024-07-16,22:17:00,57,1,1429.65,142.97,20,Cash on Delivery,Delivered
4687,442,247,2024-12-16,13:36:00,29,6,752.4,0.0,40,Credit Card,Delivered
4688,379,195,2024-09-14,18:43:00,31,1,513.73,0.0,49,Wallet,Delivered
4689,587,64,2025-09-11,22:23:00,54,3,673.12,33.66,30,Wallet,Cancelled
4690,186,176,2024-02-20,16:28:00,17,3,551.83,0.0,40,Cash on Delivery,Delivered
4691,517,225,2025-12-26,14:39:00,57,6,1554.97,0.0,0,Net Banking,Returned
4692,480,99,2026-03-02,13:53:00,43,1,577.9,0.0,49,Net Banking,Delivered
4693,151,222,2026-06-10,22:04:00,37,6,989.75,0.0,30,Credit Card,Delivered
4694,135,211,2025-08-19,22:57:00,60,2,1042.51,0.0,30,Credit Card,Delivered
4695,63,40,2025-09-22,16:52:00,49,1,626.59,31.33,49,Net Banking,Delivered
4696,572,163,2025-09-28,09:34:00,60,4,792.96,158.59,30,Wallet,Cancelled
4697,500,43,2024-11-10,22:51:00,44,1,307.21,15.36,49,Cash on Delivery,Cancelled
4698,492,201,2026-08-23,10:21:00,41,1,1529.35,76.47,20,UPI,Returned
4699,501,55,2025-01-22,23:54:00,20,2,1366.65,205.0,40,Credit Card,Delivered
4700,299,6,2025-12-16,14:57:00,19,5,1280.61,0.0,40,Cash on Delivery,Delivered
4701,124,109,2024-06-22,17:47:00,58,6,787.15,118.07,49,Net Banking,Returned
4702,592,165,2026-01-19,21:30:00,40,2,1692.0,0.0,49,Credit Card,Cancelled
4703,320,119,2025-08-06,13:08:00,31,4,800.1,80.01,40,Cash on Delivery,Delivered
4704,467,27,2025-02-05,22:05:00,55,3,991.61,99.16,30,Cash on Delivery,Delivered
4705,145,86,2025-04-12,19:44:00,26,2,1727.1,0.0,49,Net Banking,Delivered
4706,27,201,2025-09-27,14:18:00,63,1,494.14,24.71,20,Debit Card,Delivered
4707,276,33,2024-10-19,23:53:00,63,1,1739.64,0.0,30,Net Banking,Cancelled
4708,186,243,2024-03-08,11:52:00,51,3,261.53,0.0,49,UPI,Delivered
4709,27,112,2025-04-12,23:41:00,42,6,1137.61,227.52,0,Credit Card,Delivered
4710,401,231,2026-06-03,17:20:00,30,5,450.02,22.5,30,Credit Card,Delivered
4711,331,3,2026-05-25,15:23:00,30,2,1286.53,192.98,20,Wallet,Delivered
4712,34,26,2024-06-13,18:19:00,59,4,877.94,175.59,49,UPI,Delivered
4713,594,151,2025-11-15,19:54:00,51,4,911.66,0.0,0,Wallet,Delivered
4714,2,93,2025-03-14,12:23:00,50,2,433.51,0.0,30,Credit Card,Delivered
4715,314,95,2025-02-01,14:50:00,40,4,1155.01,115.5,20,Cash on Delivery,Delivered
4716,444,61,2025-03-05,17:42:00,34,6,639.84,63.98,49,UPI,Delivered
4717,414,239,2026-09-04,14:48:00,23,4,1563.85,312.77,20,Net Banking,Cancelled
4718,28,97,2026-04-20,08:17:00,23,5,614.81,61.48,49,Credit Card,Delivered
4719,92,158,2026-04-29,13:17:00,43,3,1727.77,259.17,30,UPI,Delivered
4720,495,139,2026-07-10,13:03:00,51,5,1359.61,135.96,40,Credit Card,Delivered
4721,97,36,2026-08-11,08:13:00,47,2,1335.14,133.51,49,Credit Card,Delivered
4722,42,27,2025-01-12,08:49:00,57,6,1760.51,176.05,30,Debit Card,Delivered
4723,437,21,2025-03-21,09:46:00,55,4,981.6,0.0,0,Debit Card,Returned
4724,32,2,2026-06-04,18:43:00,59,3,1581.89,158.19,0,UPI,Returned
4725,206,31,2026-04-19,16:13:00,30,4,121.63,0.0,40,Debit Card,Cancelled
4726,191,27,2026-01-23,11:07:00,37,3,1084.85,108.48,49,Credit Card,Delivered
4727,84,195,2025-11-30,23:38:00,62,1,1121.81,224.36,49,Wallet,Delivered
4728,69,61,2025-01-23,17:04:00,46,6,819.38,122.91,49,Credit Card,Delivered
4729,378,147,2024-11-05,14:50:00,40,1,1633.75,0.0,0,Cash on Delivery,Delivered
4730,14,28,2026-02-13,10:21:00,57,2,1783.25,89.16,0,Net Banking,Delivered
4731,299,54,2025-09-15,17:23:00,55,2,1220.77,122.08,40,Credit Card,Cancelled
4732,61,1,2026-05-20,21:02:00,22,3,450.03,0.0,0,Debit Card,Cancelled
4733,184,204,2026-02-28,19:27:00,62,2,1677.47,251.62,49,Net Banking,Returned
4734,576,166,2026-09-16,08:55:00,34,5,952.37,0.0,40,Debit Card,Delivered
4735,339,83,2024-12-30,11:43:00,40,5,1350.13,0.0,30,UPI,Delivered
4736,462,194,2026-03-22,17:06:00,20,6,1070.45,0.0,20,Net Banking,Delivered
4737,2,61,2025-06-09,10:44:00,40,4,955.99,143.4,0,Net Banking,Returned
4738,369,40,2024-03-15,18:43:00,47,4,1011.48,151.72,0,Debit Card,Returned
4739,194,156,2024-09-23,12:37:00,15,1,1794.32,179.43,49,Net Banking,Cancelled
4740,335,199,2026-07-22,18:30:00,47,2,1142.68,228.54,49,UPI,Cancelled
4741,490,7,2024-08-07,22:30:00,28,1,377.72,0.0,49,Net Banking,Delivered
4742,581,165,2025-12-05,17:33:00,37,2,1282.4,64.12,30,Net Banking,Delivered
4743,565,20,2026-04-03,14:16:00,16,6,1115.44,167.32,0,Debit Card,Delivered
4744,328,15,2026-01-31,10:35:00,21,2,1313.5,197.03,40,UPI,Delivered
4745,35,1,2024-02-08,16:32:00,37,3,1343.3,0.0,20,Wallet,Cancelled
4746,257,130,2026-08-05,11:00:00,61,5,597.83,0.0,20,Debit Card,Delivered
4747,255,180,2025-08-08,20:09:00,35,3,844.69,0.0,30,UPI,Cancelled
4748,578,139,2025-04-01,09:04:00,18,5,440.47,0.0,0,Debit Card,Cancelled
4749,262,28,2025-05-23,21:07:00,22,1,1606.5,0.0,49,Credit Card,Cancelled
4750,257,193,2025-12-21,09:38:00,40,6,695.88,139.18,20,Wallet,Delivered
4751,79,34,2024-05-06,20:52:00,65,4,1793.68,179.37,30,Net Banking,Delivered
4752,62,1,2024-03-19,10:10:00,60,2,488.34,73.25,0,UPI,Delivered
4753,466,149,2026-04-25,20:21:00,38,6,1778.07,266.71,40,Credit Card,Cancelled
4754,227,141,2026-01-14,14:24:00,47,3,287.06,0.0,30,Debit Card,Delivered
4755,174,45,2026-04-01,08:47:00,46,3,1232.93,184.94,0,Debit Card,Cancelled
4756,525,173,2026-05-30,08:21:00,61,5,736.92,73.69,30,Credit Card,Delivered
4757,71,112,2025-07-10,15:25:00,24,3,1720.41,86.02,20,UPI,Delivered
4758,514,126,2024-07-08,22:18:00,22,1,1518.9,0.0,49,UPI,Delivered
4759,472,232,2026-06-09,10:23:00,36,3,273.01,0.0,49,Debit Card,Returned
4760,377,43,2025-09-29,21:16:00,30,6,653.29,0.0,0,Cash on Delivery,Cancelled
4761,132,142,2024-11-08,12:16:00,64,5,925.64,138.85,20,Net Banking,Delivered
4762,62,170,2024-06-14,08:57:00,24,5,247.8,12.39,20,Cash on Delivery,Delivered
4763,109,168,2025-10-25,15:46:00,31,2,175.02,26.25,30,Cash on Delivery,Delivered
4764,114,63,2024-04-19,17:23:00,63,4,350.47,0.0,20,UPI,Cancelled
4765,62,227,2024-05-21,16:54:00,19,2,146.31,0.0,0,Credit Card,Delivered
4766,289,109,2024-11-05,17:11:00,20,3,537.2,80.58,40,Net Banking,Returned
4767,29,247,2026-05-18,19:21:00,57,5,352.0,0.0,40,Cash on Delivery,Delivered
4768,130,110,2024-02-24,17:36:00,44,4,1166.56,174.98,40,Net Banking,Delivered
4769,531,240,2025-04-05,13:22:00,40,6,1113.97,167.1,30,UPI,Delivered
4770,217,90,2024-01-16,22:44:00,42,3,1158.45,57.92,40,Credit Card,Returned
4771,458,181,2025-02-16,14:13:00,51,4,970.13,0.0,40,UPI,Delivered
4772,290,128,2024-11-17,09:42:00,64,3,1186.8,0.0,0,UPI,Delivered
4773,148,227,2026-05-13,23:52:00,15,6,593.68,0.0,30,Net Banking,Returned
4774,229,61,2025-10-26,12:13:00,63,5,264.0,0.0,20,Credit Card,Delivered
4775,417,230,2026-08-30,10:27:00,40,6,1569.14,235.37,40,Debit Card,Returned
4776,315,234,2026-06-17,21:37:00,46,1,939.4,0.0,49,Net Banking,Returned
4777,594,85,2026-07-08,10:50:00,22,1,741.72,74.17,40,Credit Card,Cancelled
4778,597,16,2026-07-24,14:31:00,22,3,1207.27,120.73,40,UPI,Cancelled
4779,412,78,2024-05-13,14:25:00,26,6,1532.08,0.0,49,Net Banking,Returned
4780,293,183,2025-01-20,14:28:00,19,3,895.63,89.56,40,Debit Card,Delivered
4781,532,172,2024-01-24,19:41:00,59,4,1173.48,0.0,40,Net Banking,Delivered
4782,315,72,2024-02-20,09:09:00,61,4,1506.5,301.3,49,Net Banking,Delivered
4783,175,71,2024-11-10,15:28:00,53,2,802.1,40.11,0,Debit Card,Delivered
4784,552,194,2025-02-10,22:07:00,22,5,1000.36,50.02,0,Net Banking,Cancelled
4785,502,184,2025-03-27,15:18:00,43,4,604.22,30.21,40,Net Banking,Returned
4786,299,96,2025-12-18,12:29:00,30,6,1779.29,266.89,0,Wallet,Delivered
4787,533,27,2024-11-21,21:31:00,35,3,323.13,0.0,30,Debit Card,Returned
4788,361,88,2025-11-08,22:38:00,44,6,1476.02,221.4,40,Net Banking,Returned
4789,63,122,2026-07-03,22:41:00,18,3,1179.93,0.0,30,Credit Card,Delivered
4790,21,19,2025-05-11,14:06:00,64,3,295.27,14.76,20,Debit Card,Delivered
4791,180,28,2025-10-15,13:36:00,55,5,720.39,36.02,20,Debit Card,Delivered
4792,376,94,2024-12-16,13:20:00,21,4,908.17,136.23,49,Debit Card,Delivered
4793,329,40,2026-08-03,20:19:00,24,6,573.03,28.65,30,Credit Card,Delivered
4794,139,201,2024-06-06,08:11:00,23,1,582.34,0.0,40,Debit Card,Delivered
4795,416,11,2025-04-13,13:24:00,36,2,1319.64,263.93,0,Wallet,Delivered
4796,526,119,2025-03-05,09:39:00,41,4,1717.0,85.85,20,Debit Card,Delivered
4797,57,147,2024-09-01,13:07:00,62,5,695.35,104.3,49,Credit Card,Cancelled
4798,61,96,2026-01-20,08:27:00,61,3,190.02,19.0,40,Wallet,Delivered
4799,344,235,2025-07-07,16:17:00,57,3,332.7,16.64,30,Net Banking,Delivered
4800,74,27,2026-07-16,08:51:00,17,6,406.67,40.67,49,Cash on Delivery,Delivered
4801,414,192,2024-02-04,17:03:00,65,4,361.55,0.0,0,Debit Card,Delivered
4802,478,81,2024-05-07,20:30:00,52,2,1616.16,80.81,0,Debit Card,Delivered
4803,441,91,2024-08-27,10:17:00,58,2,574.41,0.0,20,UPI,Delivered
4804,48,231,2024-10-20,14:05:00,65,6,196.02,9.8,40,Credit Card,Cancelled
4805,147,144,2025-04-22,16:39:00,53,3,1653.06,165.31,20,Wallet,Delivered
4806,499,239,2024-10-27,13:34:00,61,4,175.4,8.77,40,Wallet,Returned
4807,483,171,2026-06-06,22:13:00,47,5,216.35,0.0,0,Credit Card,Delivered
4808,359,45,2025-12-04,12:13:00,48,2,731.7,0.0,20,Credit Card,Delivered
4809,506,86,2024-02-15,16:18:00,65,5,1467.17,73.36,20,Wallet,Cancelled
4810,271,72,2025-07-17,20:35:00,31,4,178.2,35.64,0,Wallet,Cancelled
4811,429,27,2025-02-09,19:20:00,55,3,338.06,33.81,20,Credit Card,Returned
4812,585,121,2024-02-27,12:07:00,34,6,759.87,113.98,40,Net Banking,Returned
4813,36,80,2025-04-29,20:04:00,18,2,1741.46,348.29,40,Wallet,Returned
4814,376,68,2024-10-27,10:37:00,62,1,1392.74,0.0,20,Cash on Delivery,Delivered
4815,34,43,2025-09-24,21:29:00,17,3,137.83,0.0,40,Credit Card,Cancelled
4816,462,210,2024-07-10,16:25:00,57,3,1416.32,283.26,40,UPI,Delivered
4817,551,195,2026-07-07,19:55:00,20,1,1103.05,0.0,40,Debit Card,Delivered
4818,241,46,2026-06-01,13:43:00,40,4,1136.74,227.35,0,UPI,Delivered
4819,521,87,2024-04-26,13:22:00,53,6,407.89,20.39,20,Net Banking,Delivered
4820,416,153,2024-10-25,12:48:00,24,2,1598.97,159.9,20,Debit Card,Cancelled
4821,560,66,2024-03-13,22:21:00,65,4,1743.97,87.2,0,Cash on Delivery,Delivered
4822,384,174,2025-05-11,13:10:00,57,3,1569.55,0.0,49,Net Banking,Cancelled
4823,447,111,2024-01-15,23:37:00,50,2,514.63,77.19,30,UPI,Delivered
4824,206,188,2026-04-13,14:30:00,47,2,779.17,116.88,0,Debit Card,Returned
4825,591,47,2026-05-22,20:26:00,48,4,762.67,76.27,0,Net Banking,Delivered
4826,493,151,2025-01-13,21:21:00,30,1,162.41,0.0,20,Cash on Delivery,Delivered
4827,14,158,2024-07-25,21:42:00,16,3,910.17,0.0,49,Credit Card,Delivered
4828,37,61,2026-07-05,15:28:00,20,3,358.58,0.0,20,Cash on Delivery,Delivered
4829,461,211,2024-06-29,23:52:00,51,2,1092.36,163.85,20,Wallet,Delivered
4830,516,160,2024-10-12,18:16:00,25,4,1503.02,225.45,20,Net Banking,Cancelled
4831,253,241,2025-02-08,14:09:00,63,3,170.03,8.5,20,Net Banking,Delivered
4832,354,157,2025-05-29,11:40:00,57,4,1665.88,249.88,49,UPI,Delivered
4833,519,210,2026-02-08,08:38:00,49,5,1336.04,0.0,0,Net Banking,Cancelled
4834,237,101,2026-01-10,13:28:00,24,3,1426.55,0.0,20,Credit Card,Delivered
4835,369,155,2024-09-22,12:24:00,46,2,1459.4,218.91,40,Credit Card,Cancelled
4836,152,27,2026-03-30,18:22:00,30,2,657.74,131.55,0,Cash on Delivery,Delivered
4837,593,49,2026-03-06,13:36:00,43,3,727.31,0.0,40,Debit Card,Returned
4838,71,109,2024-01-05,20:11:00,64,3,1519.85,303.97,30,UPI,Cancelled
4839,205,149,2025-03-11,21:52:00,61,1,1714.9,0.0,40,Debit Card,Cancelled
4840,589,104,2025-02-08,17:58:00,45,1,1759.96,0.0,49,UPI,Cancelled
4841,138,169,2024-01-04,22:09:00,27,6,1083.23,108.32,0,Net Banking,Delivered
4842,410,85,2026-08-06,19:55:00,18,4,1694.6,84.73,49,Wallet,Returned
4843,521,88,2026-07-16,10:24:00,44,6,1581.79,237.27,30,Debit Card,Delivered
4844,595,20,2026-08-22,20:52:00,41,5,863.94,0.0,20,Credit Card,Cancelled
4845,388,71,2024-11-09,19:43:00,21,3,513.95,77.09,0,Wallet,Delivered
4846,202,228,2025-11-27,16:09:00,33,5,294.03,14.7,20,Cash on Delivery,Cancelled
4847,123,128,2025-04-24,23:48:00,32,6,1633.15,0.0,20,Credit Card,Delivered
4848,191,175,2024-11-04,12:41:00,21,6,1453.85,290.77,40,Credit Card,Delivered
4849,95,172,2026-01-20,08:58:00,29,3,865.51,0.0,40,Debit Card,Delivered
4850,33,170,2024-06-29,19:34:00,30,6,1059.99,0.0,49,Wallet,Cancelled
4851,241,44,2025-04-30,11:01:00,34,3,468.21,0.0,0,Credit Card,Delivered
4852,437,188,2024-07-25,17:14:00,19,6,858.35,0.0,49,Wallet,Returned
4853,67,229,2025-01-24,15:59:00,27,3,558.8,83.82,0,Wallet,Delivered
4854,267,222,2024-08-04,15:59:00,55,6,969.93,0.0,30,Debit Card,Delivered
4855,497,206,2025-02-24,12:44:00,58,2,174.78,17.48,20,Net Banking,Returned
4856,261,88,2026-03-02,09:11:00,47,3,702.24,0.0,49,Cash on Delivery,Delivered
4857,103,194,2025-07-31,10:27:00,62,2,740.17,0.0,49,Net Banking,Cancelled
4858,110,236,2024-11-05,18:15:00,61,4,689.04,0.0,20,Net Banking,Delivered
4859,114,202,2024-08-16,21:29:00,59,3,1545.82,0.0,40,UPI,Delivered
4860,12,82,2024-10-06,15:14:00,43,6,153.33,30.67,20,Cash on Delivery,Delivered
4861,81,33,2025-05-25,16:30:00,15,4,1137.2,227.44,30,Credit Card,Delivered
4862,179,28,2025-04-09,17:54:00,15,6,1274.95,127.5,40,Credit Card,Delivered
4863,437,115,2024-05-24,09:17:00,20,5,842.46,84.25,20,UPI,Delivered
4864,109,166,2025-01-21,22:35:00,55,4,646.72,97.01,49,Cash on Delivery,Returned
4865,265,126,2026-09-14,16:00:00,64,1,1140.66,0.0,30,Debit Card,Cancelled
4866,124,116,2024-12-08,18:51:00,15,3,777.03,0.0,40,UPI,Delivered
4867,240,139,2026-05-15,16:03:00,29,5,1586.72,0.0,40,Cash on Delivery,Delivered
4868,289,89,2025-03-26,21:52:00,52,6,216.46,0.0,0,Debit Card,Cancelled
4869,365,240,2025-11-06,09:39:00,37,4,450.32,67.55,0,Credit Card,Delivered
4870,339,166,2024-11-25,13:32:00,63,5,432.55,0.0,20,Credit Card,Delivered
4871,438,125,2025-06-08,14:57:00,34,2,1688.24,168.82,30,Net Banking,Delivered
4872,111,224,2025-09-13,22:56:00,64,4,807.61,80.76,30,Net Banking,Delivered
4873,590,38,2024-05-25,18:45:00,56,6,1780.26,0.0,40,Wallet,Delivered
4874,201,108,2025-02-18,13:32:00,46,1,249.07,49.81,0,Cash on Delivery,Delivered
4875,218,248,2025-10-14,18:38:00,63,3,703.12,0.0,49,Debit Card,Delivered
4876,49,109,2025-11-12,18:32:00,64,6,335.82,0.0,49,Cash on Delivery,Cancelled
4877,63,156,2025-08-10,22:45:00,24,5,680.32,102.05,30,UPI,Delivered
4878,595,53,2025-12-18,17:58:00,29,1,644.55,64.45,0,Debit Card,Cancelled
4879,73,92,2024-09-15,17:46:00,17,5,794.32,158.86,40,Credit Card,Delivered
4880,147,141,2026-09-03,19:31:00,31,1,639.52,127.9,30,Credit Card,Returned
4881,497,163,2025-12-08,22:59:00,65,1,457.78,0.0,40,Cash on Delivery,Delivered
4882,238,13,2026-09-14,22:50:00,57,4,1078.17,107.82,40,Debit Card,Delivered
4883,1,150,2024-01-29,20:45:00,56,3,1407.81,0.0,49,Debit Card,Delivered
4884,500,44,2026-04-26,15:17:00,41,1,729.09,0.0,30,UPI,Returned
4885,65,128,2024-02-21,12:36:00,24,2,208.45,0.0,30,UPI,Returned
4886,216,159,2024-01-30,08:11:00,52,6,717.91,0.0,0,Debit Card,Delivered
4887,263,232,2025-11-21,22:11:00,54,5,212.09,0.0,30,Debit Card,Cancelled
4888,247,124,2025-05-31,14:44:00,54,1,544.12,27.21,30,Cash on Delivery,Returned
4889,300,81,2025-01-20,17:18:00,23,4,509.58,0.0,20,Wallet,Delivered
4890,558,229,2024-11-10,21:21:00,19,5,1663.78,0.0,30,Net Banking,Cancelled
4891,55,144,2024-05-21,17:05:00,28,1,317.42,63.48,0,Cash on Delivery,Returned
4892,261,170,2026-05-28,16:51:00,52,1,458.26,68.74,49,Credit Card,Delivered
4893,122,248,2025-05-11,23:47:00,55,2,462.54,69.38,20,Wallet,Returned
4894,44,246,2026-02-15,22:07:00,50,6,1493.92,298.78,0,Wallet,Delivered
4895,164,24,2026-03-31,20:42:00,16,4,1237.45,123.75,20,Credit Card,Delivered
4896,541,238,2025-01-20,22:40:00,57,5,310.67,0.0,0,Net Banking,Delivered
4897,158,237,2026-06-09,15:58:00,49,5,524.87,26.24,49,Wallet,Delivered
4898,7,198,2025-11-22,12:51:00,57,3,875.55,0.0,20,Debit Card,Delivered
4899,318,70,2025-11-06,10:57:00,19,5,1221.21,0.0,30,Debit Card,Delivered
4900,190,134,2025-02-04,15:37:00,51,6,778.81,0.0,0,Wallet,Cancelled
4901,238,129,2025-12-20,16:39:00,24,1,498.8,24.94,30,Net Banking,Delivered
4902,268,83,2024-01-11,09:38:00,56,1,1220.23,122.02,30,Cash on Delivery,Cancelled
4903,534,230,2025-01-20,15:39:00,36,2,1088.21,163.23,0,UPI,Delivered
4904,493,58,2024-08-13,14:58:00,48,2,867.0,0.0,20,Debit Card,Delivered
4905,54,220,2024-07-01,17:36:00,39,4,995.51,99.55,20,Credit Card,Delivered
4906,371,141,2024-12-19,18:47:00,26,1,243.36,36.5,0,Wallet,Returned
4907,373,174,2024-11-13,17:49:00,34,5,1546.69,77.33,49,Credit Card,Delivered
4908,458,70,2024-02-28,19:06:00,61,6,1042.94,52.15,0,Credit Card,Returned
4909,138,44,2024-04-15,22:29:00,36,5,1148.66,0.0,30,Debit Card,Returned
4910,543,62,2025-08-10,10:01:00,28,2,130.48,0.0,0,Wallet,Delivered
4911,236,164,2025-05-13,12:32:00,63,1,212.05,0.0,49,Cash on Delivery,Cancelled
4912,350,210,2026-05-02,22:20:00,37,1,381.68,0.0,40,UPI,Returned
4913,58,127,2026-02-19,21:49:00,56,6,475.41,71.31,0,Credit Card,Cancelled
4914,358,27,2025-04-23,20:27:00,42,5,1166.63,0.0,0,Credit Card,Delivered
4915,293,107,2024-06-13,11:54:00,28,2,628.86,62.89,30,Net Banking,Cancelled
4916,377,247,2025-02-11,19:25:00,25,1,1094.49,0.0,49,Wallet,Delivered
4917,34,150,2026-07-06,17:55:00,34,1,1381.19,69.06,30,Credit Card,Delivered
4918,438,217,2024-07-19,22:48:00,50,6,1764.86,0.0,30,Cash on Delivery,Delivered
4919,521,91,2025-07-10,21:58:00,34,4,854.11,85.41,30,Wallet,Delivered
4920,509,125,2026-01-10,08:20:00,22,5,803.48,0.0,0,Cash on Delivery,Delivered
4921,596,106,2026-08-03,16:55:00,36,1,287.05,28.71,0,Debit Card,Delivered
4922,141,224,2026-05-13,18:26:00,47,4,124.67,24.93,20,Cash on Delivery,Delivered
4923,387,246,2025-09-17,23:39:00,37,1,1544.77,154.48,0,Debit Card,Returned
4924,407,105,2026-05-09,08:44:00,55,4,490.23,73.53,20,Net Banking,Delivered
4925,33,184,2024-10-29,11:26:00,24,4,674.8,134.96,20,UPI,Returned
4926,162,47,2024-12-08,13:07:00,26,2,1062.61,0.0,49,Wallet,Returned
4927,289,68,2025-12-17,20:56:00,23,4,755.1,0.0,0,Debit Card,Delivered
4928,476,68,2025-08-27,23:40:00,20,3,1246.22,0.0,49,Debit Card,Delivered
4929,379,193,2026-04-04,15:46:00,49,3,495.65,74.35,20,Debit Card,Delivered
4930,301,147,2025-09-15,10:27:00,52,3,494.37,0.0,49,Wallet,Delivered
4931,147,35,2025-07-17,23:41:00,58,3,253.0,0.0,49,Wallet,Delivered
4932,68,141,2024-04-01,23:42:00,34,5,888.62,177.72,0,UPI,Delivered
4933,295,229,2025-09-13,21:15:00,28,4,1549.03,154.9,49,Net Banking,Returned
4934,99,238,2026-06-10,09:20:00,57,1,593.48,118.7,30,Net Banking,Delivered
4935,105,159,2025-11-01,22:57:00,56,3,223.48,44.7,30,Net Banking,Delivered
4936,376,199,2025-06-16,14:16:00,58,3,720.79,108.12,30,Credit Card,Delivered
4937,17,184,2024-11-02,13:01:00,58,5,1640.13,328.03,0,Net Banking,Cancelled
4938,559,161,2026-08-06,21:20:00,32,5,180.55,9.03,49,Cash on Delivery,Cancelled
4939,333,85,2024-02-05,19:19:00,22,3,1787.64,0.0,49,UPI,Delivered
4940,210,118,2025-01-13,22:48:00,44,1,1770.27,354.05,40,Net Banking,Delivered
4941,31,220,2025-11-29,20:05:00,57,4,1106.09,0.0,20,Debit Card,Delivered
4942,176,210,2025-07-08,16:50:00,50,2,758.19,75.82,30,Debit Card,Delivered
4943,374,138,2026-09-19,13:31:00,44,6,223.47,11.17,49,Net Banking,Cancelled
4944,140,107,2025-09-05,11:52:00,38,4,1066.43,159.96,30,Net Banking,Delivered
4945,446,227,2024-01-22,13:31:00,42,1,152.65,0.0,20,Debit Card,Delivered
4946,141,7,2026-08-03,16:23:00,52,6,1426.47,142.65,0,Debit Card,Delivered
4947,211,181,2024-09-24,16:56:00,27,5,701.43,105.21,40,Credit Card,Cancelled
4948,489,92,2025-08-03,16:37:00,59,1,527.81,52.78,40,Wallet,Delivered
4949,510,223,2024-01-03,11:35:00,48,1,1178.2,176.73,0,UPI,Returned
4950,237,60,2026-03-26,23:39:00,35,6,1692.87,0.0,20,UPI,Delivered
4951,241,43,2024-10-09,10:40:00,43,1,1244.2,248.84,0,Credit Card,Delivered
4952,516,125,2026-03-01,21:15:00,30,6,976.62,195.32,49,Wallet,Delivered
4953,525,186,2024-03-11,14:43:00,26,2,1357.09,271.42,49,Credit Card,Cancelled
4954,56,79,2024-10-15,17:42:00,60,2,1567.36,0.0,49,Cash on Delivery,Delivered
4955,576,26,2025-03-01,16:37:00,37,4,307.17,61.43,0,Debit Card,Cancelled
4956,349,160,2025-08-28,08:00:00,60,6,433.11,0.0,20,Credit Card,Delivered
4957,100,128,2024-02-14,11:34:00,64,6,1513.01,0.0,0,Credit Card,Delivered
4958,505,174,2024-10-09,14:16:00,17,2,1778.1,0.0,30,Wallet,Returned
4959,485,147,2024-06-23,18:45:00,55,1,956.67,0.0,20,Debit Card,Delivered
4960,118,60,2025-02-22,13:48:00,25,1,257.25,0.0,20,Net Banking,Returned
4961,499,158,2025-03-04,19:18:00,40,2,256.64,12.83,40,UPI,Returned
4962,55,107,2024-06-17,09:32:00,23,1,1503.39,0.0,0,Cash on Delivery,Returned
4963,387,111,2024-10-18,18:42:00,28,4,375.97,37.6,20,UPI,Returned
4964,252,228,2026-01-11,18:02:00,55,1,296.19,0.0,30,Net Banking,Delivered
4965,555,236,2025-12-06,18:01:00,52,2,1497.35,0.0,49,Debit Card,Delivered
4966,600,239,2025-08-30,16:22:00,32,6,1651.23,165.12,30,Wallet,Delivered
4967,450,37,2024-12-26,17:29:00,24,6,1630.79,0.0,30,Cash on Delivery,Delivered
4968,314,33,2025-11-26,11:28:00,38,4,507.97,0.0,49,UPI,Delivered
4969,394,84,2024-04-13,17:19:00,31,3,826.68,165.34,30,Cash on Delivery,Delivered
4970,530,18,2026-03-28,17:47:00,35,2,652.68,97.9,49,Net Banking,Delivered
4971,404,77,2025-01-23,18:55:00,16,5,1145.43,0.0,30,Credit Card,Delivered
4972,488,238,2025-07-25,17:09:00,19,2,1697.74,0.0,20,Cash on Delivery,Returned
4973,512,88,2024-09-23,15:39:00,28,4,934.62,0.0,40,Wallet,Delivered
4974,371,65,2026-05-05,12:10:00,31,1,395.8,0.0,0,Wallet,Cancelled
4975,540,174,2024-08-03,16:48:00,21,2,603.79,0.0,20,Credit Card,Delivered
4976,150,12,2025-03-31,17:58:00,19,5,931.47,0.0,40,UPI,Returned
4977,54,220,2025-03-15,15:10:00,30,5,1660.62,166.06,49,Wallet,Returned
4978,569,232,2025-05-16,22:13:00,29,3,387.62,0.0,49,Debit Card,Delivered
4979,194,248,2025-10-17,22:23:00,37,6,1680.47,336.09,20,Cash on Delivery,Cancelled
4980,163,243,2024-03-30,16:51:00,64,3,1596.75,239.51,0,Net Banking,Delivered
4981,355,196,2025-06-03,10:33:00,22,1,1462.33,146.23,49,Debit Card,Cancelled
4982,575,31,2025-05-23,15:18:00,23,6,123.48,0.0,20,Credit Card,Returned
4983,327,87,2024-07-11,17:12:00,27,3,1067.25,53.36,0,Net Banking,Delivered
4984,131,161,2024-01-13,16:03:00,51,6,1704.98,0.0,30,Credit Card,Delivered
4985,201,212,2025-10-03,09:55:00,16,5,1203.96,180.59,40,Credit Card,Delivered
4986,386,50,2024-08-14,12:18:00,56,2,126.38,12.64,40,Credit Card,Delivered
4987,261,123,2025-05-29,15:53:00,51,6,167.72,8.39,0,Credit Card,Delivered
4988,172,94,2025-05-22,21:59:00,53,1,203.75,0.0,0,Net Banking,Delivered
4989,184,121,2026-02-22,13:17:00,33,6,1167.46,0.0,0,Cash on Delivery,Delivered
4990,585,150,2025-10-05,10:22:00,24,5,473.65,0.0,49,Cash on Delivery,Delivered
4991,519,148,2024-12-31,11:27:00,40,3,1555.51,0.0,0,Net Banking,Delivered
4992,54,96,2024-10-09,17:01:00,63,2,904.17,45.21,0,UPI,Returned
4993,130,57,2024-04-09,20:08:00,36,4,738.06,0.0,0,UPI,Cancelled
4994,396,221,2025-02-24,19:30:00,34,2,1103.79,55.19,20,Net Banking,Delivered
4995,462,249,2025-10-16,10:47:00,59,5,572.73,0.0,49,UPI,Delivered
4996,233,221,2024-02-18,13:06:00,26,5,1472.29,147.23,20,Credit Card,Delivered
4997,199,219,2025-04-30,12:21:00,22,1,354.1,53.12,49,UPI,Returned
4998,211,245,2026-02-11,10:03:00,24,4,376.85,18.84,0,Debit Card,Delivered
4999,393,201,2025-04-10,17:35:00,61,2,1256.5,0.0,20,Net Banking,Cancelled
5000,334,73,2026-05-19,20:21:00,63,6,1249.64,62.48,40,Credit Card,Delivered
5001,443,155,2024-04-04,17:23:00,37,5,1719.64,0.0,20,Cash on Delivery,Delivered
5002,231,91,2026-02-04,17:10:00,28,4,387.47,0.0,40,Cash on Delivery,Delivered
5003,394,191,2026-05-15,12:10:00,41,6,929.49,0.0,40,Debit Card,Returned
5004,451,151,2024-01-13,16:51:00,37,3,1698.68,339.74,20,Debit Card,Returned
5005,175,178,2024-02-14,19:38:00,65,4,558.02,0.0,30,Debit Card,Delivered
5006,461,137,2024-02-23,20:17:00,29,4,259.62,51.92,40,UPI,Returned
5007,194,75,2026-05-20,23:58:00,29,1,302.33,0.0,0,Debit Card,Delivered
5008,352,61,2026-06-28,19:11:00,20,1,1417.36,212.6,30,Debit Card,Cancelled
5009,262,2,2024-04-05,19:01:00,58,6,558.67,111.73,40,Net Banking,Delivered
5010,538,107,2026-05-07,08:33:00,47,2,688.52,103.28,30,Debit Card,Delivered
5011,230,110,2024-09-24,18:16:00,55,5,873.2,174.64,49,Cash on Delivery,Delivered
5012,579,198,2026-02-18,23:16:00,23,3,1352.53,0.0,49,Wallet,Delivered
5013,311,55,2025-01-28,13:51:00,45,3,798.03,0.0,49,Cash on Delivery,Returned
5014,541,84,2024-03-04,22:33:00,56,4,1644.43,82.22,20,Debit Card,Cancelled
5015,59,195,2025-06-07,11:21:00,48,1,1032.8,51.64,40,Net Banking,Returned
5016,268,96,2024-04-20,11:54:00,53,2,1261.27,252.25,20,Debit Card,Delivered
5017,494,19,2025-10-23,12:29:00,36,2,483.49,0.0,0,UPI,Returned
5018,151,187,2026-03-26,19:55:00,54,6,767.89,0.0,0,Net Banking,Delivered
5019,360,116,2024-02-26,19:13:00,26,1,1065.36,0.0,40,UPI,Cancelled
5020,21,17,2024-10-22,17:51:00,41,3,1447.86,0.0,49,Cash on Delivery,Cancelled
5021,578,213,2026-09-20,17:04:00,57,1,475.03,23.75,30,Net Banking,Delivered
5022,397,146,2026-03-10,15:09:00,60,6,1416.99,212.55,49,Net Banking,Delivered
5023,41,19,2026-09-10,10:29:00,19,2,1606.21,321.24,20,Wallet,Delivered
5024,29,159,2025-04-15,11:33:00,31,4,1520.29,152.03,0,Net Banking,Delivered
5025,488,205,2025-12-15,15:30:00,28,6,297.37,14.87,49,Credit Card,Delivered
5026,354,157,2024-06-22,23:19:00,41,1,261.68,0.0,40,Wallet,Delivered
5027,454,121,2024-10-26,09:00:00,53,6,896.08,0.0,49,Credit Card,Cancelled
5028,380,162,2025-11-22,20:24:00,62,1,1034.22,51.71,0,UPI,Delivered
5029,347,202,2024-09-06,22:02:00,15,4,224.76,0.0,0,UPI,Cancelled
5030,144,34,2026-01-12,11:10:00,59,4,1060.13,0.0,49,UPI,Delivered
5031,99,217,2026-02-02,09:07:00,19,5,1646.56,246.98,40,Net Banking,Cancelled
5032,276,186,2025-08-25,11:00:00,65,4,1658.7,82.94,49,Net Banking,Delivered
5033,67,11,2026-05-08,11:18:00,54,3,253.32,50.66,40,Credit Card,Cancelled
5034,573,39,2026-01-31,12:23:00,22,5,760.31,152.06,20,Net Banking,Delivered
5035,520,162,2025-01-30,11:27:00,43,2,302.36,60.47,40,UPI,Cancelled
5036,335,65,2026-05-24,17:50:00,53,4,651.12,0.0,20,Wallet,Delivered
5037,161,231,2026-01-03,10:54:00,48,6,1740.21,0.0,30,Debit Card,Returned
5038,538,13,2024-12-05,22:22:00,54,3,123.32,0.0,30,Credit Card,Delivered
5039,142,108,2024-08-08,15:23:00,26,2,313.82,15.69,30,Debit Card,Delivered
5040,454,128,2026-08-23,11:54:00,58,2,378.1,0.0,0,Cash on Delivery,Delivered
5041,212,158,2026-04-01,12:00:00,30,1,1427.29,71.36,40,Cash on Delivery,Returned
5042,474,72,2024-11-10,13:11:00,47,6,941.85,0.0,40,Credit Card,Delivered
5043,64,12,2026-08-01,17:39:00,42,2,172.57,17.26,40,Cash on Delivery,Delivered
5044,460,194,2026-05-06,21:11:00,51,4,173.17,0.0,49,Cash on Delivery,Returned
5045,320,217,2025-09-16,10:58:00,55,1,551.79,82.77,40,UPI,Delivered
5046,305,211,2025-09-01,18:55:00,31,3,1191.76,238.35,30,Wallet,Delivered
5047,417,89,2025-04-24,22:45:00,22,2,1275.62,191.34,40,UPI,Delivered
5048,203,66,2024-06-20,22:32:00,62,5,475.99,95.2,20,Net Banking,Delivered
5049,221,38,2026-08-17,13:51:00,44,4,836.1,0.0,30,Wallet,Delivered
5050,297,33,2025-05-26,17:49:00,53,3,1767.71,265.16,30,Debit Card,Returned
5051,282,166,2024-03-01,14:57:00,61,1,1329.73,0.0,0,Debit Card,Cancelled
5052,394,107,2024-11-30,17:22:00,27,5,1783.31,0.0,20,Credit Card,Cancelled
5053,313,203,2026-09-06,18:46:00,30,2,706.5,35.33,49,Credit Card,Cancelled
5054,537,154,2026-09-13,21:52:00,38,4,1247.02,0.0,49,Wallet,Cancelled
5055,6,250,2026-03-17,15:53:00,59,5,1039.26,0.0,20,Credit Card,Returned
5056,478,164,2025-02-10,10:50:00,54,1,1632.33,244.85,40,Cash on Delivery,Delivered
5057,102,235,2024-11-14,10:07:00,20,3,1377.81,137.78,0,Wallet,Delivered
5058,158,55,2024-03-11,19:15:00,54,3,389.57,0.0,0,Debit Card,Delivered
5059,474,225,2026-01-09,20:21:00,17,5,1423.31,71.17,20,Net Banking,Delivered
5060,374,6,2025-01-12,22:52:00,62,5,1385.38,277.08,20,UPI,Delivered
5061,66,10,2025-11-02,10:03:00,16,6,1091.46,0.0,30,Credit Card,Delivered
5062,37,36,2025-04-15,23:14:00,23,1,1257.92,0.0,40,Net Banking,Delivered
5063,150,115,2025-10-20,21:40:00,27,5,134.31,20.15,49,Credit Card,Delivered
5064,203,240,2024-06-17,20:51:00,43,4,1357.47,203.62,0,UPI,Delivered
5065,253,21,2026-02-03,09:29:00,36,2,1564.04,156.4,40,UPI,Delivered
5066,112,69,2026-05-20,13:27:00,61,3,345.17,0.0,0,Cash on Delivery,Returned
5067,264,188,2025-01-25,11:18:00,27,5,1352.62,270.52,49,Wallet,Delivered
5068,423,128,2024-11-03,12:44:00,49,6,1119.71,0.0,30,UPI,Delivered
5069,546,73,2025-11-03,23:16:00,30,5,1448.03,0.0,40,Debit Card,Cancelled
5070,521,243,2025-08-26,23:51:00,25,6,632.71,126.54,49,Cash on Delivery,Delivered
5071,570,242,2025-08-26,13:11:00,33,3,699.3,0.0,0,Wallet,Returned
5072,287,39,2024-05-05,08:00:00,22,3,1188.78,118.88,40,UPI,Delivered
5073,485,115,2025-06-23,18:51:00,32,3,470.69,70.6,0,Wallet,Delivered
5074,451,181,2025-09-26,20:24:00,23,6,844.28,0.0,20,Credit Card,Delivered
5075,347,206,2024-09-04,08:02:00,62,6,1176.44,0.0,30,Wallet,Delivered
5076,201,153,2024-12-08,13:55:00,55,3,792.52,0.0,40,Cash on Delivery,Returned
5077,224,28,2024-06-28,19:10:00,34,3,1011.8,202.36,40,UPI,Delivered
5078,227,25,2026-01-25,11:04:00,43,3,324.83,0.0,20,Debit Card,Delivered
5079,201,106,2024-05-25,17:53:00,51,6,416.28,0.0,0,Debit Card,Delivered
5080,594,80,2024-11-14,15:35:00,46,5,919.0,45.95,0,Credit Card,Delivered
5081,221,90,2026-07-06,10:58:00,18,3,1436.21,0.0,49,Credit Card,Delivered
5082,444,41,2026-01-08,23:13:00,54,4,1440.57,0.0,20,UPI,Delivered
5083,85,197,2024-06-06,08:41:00,53,5,357.22,35.72,40,Wallet,Delivered
5084,488,143,2024-10-27,12:42:00,59,4,928.77,0.0,30,Credit Card,Delivered
5085,451,203,2024-05-20,09:44:00,52,4,1567.02,235.05,30,UPI,Delivered
5086,385,158,2025-08-30,11:43:00,56,2,1794.65,179.47,30,Wallet,Delivered
5087,531,85,2025-08-01,16:18:00,20,4,599.87,59.99,20,Credit Card,Delivered
5088,86,23,2024-11-23,20:48:00,55,6,1030.44,0.0,0,Credit Card,Delivered
5089,129,26,2025-06-14,09:25:00,60,6,1222.63,0.0,20,Cash on Delivery,Cancelled
5090,174,60,2025-12-02,19:47:00,22,5,666.57,0.0,20,Net Banking,Returned
5091,92,110,2026-04-18,19:25:00,20,2,1288.02,0.0,40,Wallet,Cancelled
5092,528,245,2025-03-24,10:41:00,57,3,978.76,146.81,30,Debit Card,Delivered
5093,204,8,2024-01-05,22:41:00,33,3,1488.99,297.8,40,Wallet,Delivered
5094,481,236,2024-10-24,11:41:00,33,4,1500.67,225.1,30,UPI,Delivered
5095,216,25,2025-02-15,15:12:00,63,2,1607.89,0.0,20,Wallet,Delivered
5096,202,11,2024-12-06,22:47:00,37,4,1275.0,255.0,40,Cash on Delivery,Delivered
5097,465,15,2024-07-10,18:01:00,44,6,1780.69,89.03,40,UPI,Delivered
5098,590,165,2025-11-20,19:01:00,47,3,1315.89,65.79,0,UPI,Delivered
5099,526,158,2025-02-23,19:22:00,62,2,348.39,69.68,30,Cash on Delivery,Delivered
5100,110,167,2025-12-27,16:04:00,26,6,577.0,86.55,30,Credit Card,Delivered
5101,447,134,2024-10-17,14:20:00,52,4,204.14,0.0,0,Net Banking,Returned
5102,160,2,2026-07-12,23:06:00,39,6,484.11,48.41,0,Net Banking,Cancelled
5103,596,162,2025-10-18,12:30:00,20,5,279.75,27.98,49,Credit Card,Delivered
5104,109,245,2025-09-17,23:56:00,53,2,281.82,0.0,0,UPI,Delivered
5105,76,120,2026-01-24,19:29:00,41,6,133.38,13.34,0,Net Banking,Delivered
5106,451,176,2026-05-12,18:47:00,23,2,811.31,0.0,49,UPI,Delivered
5107,132,176,2025-06-14,15:10:00,47,1,1643.72,328.74,40,Cash on Delivery,Delivered
5108,83,125,2026-08-28,23:12:00,19,2,260.19,26.02,40,Debit Card,Delivered
5109,252,30,2024-09-02,18:08:00,60,6,941.37,47.07,20,Debit Card,Delivered
5110,253,244,2025-05-18,21:42:00,38,1,275.95,27.59,20,Debit Card,Delivered
5111,435,161,2026-03-03,18:07:00,39,2,1121.51,56.08,20,Cash on Delivery,Delivered
5112,338,65,2025-07-01,14:26:00,26,5,276.24,41.44,20,Debit Card,Delivered
5113,240,201,2024-12-07,08:12:00,27,3,795.78,119.37,40,Debit Card,Delivered
5114,426,217,2025-10-11,22:20:00,43,3,1204.81,0.0,40,Wallet,Delivered
5115,312,182,2024-09-16,12:07:00,47,4,485.69,48.57,20,UPI,Cancelled
5116,338,232,2024-11-29,23:30:00,32,1,1631.77,0.0,0,Credit Card,Delivered
5117,349,17,2024-07-31,17:48:00,57,4,747.34,74.73,40,Debit Card,Returned
5118,429,159,2025-07-30,21:44:00,62,2,1036.46,207.29,30,Debit Card,Delivered
5119,504,21,2024-08-21,17:05:00,25,3,1370.37,205.56,49,Wallet,Returned
5120,255,68,2026-06-03,10:01:00,42,3,1424.58,284.92,20,Net Banking,Returned
5121,457,108,2026-05-09,20:23:00,41,2,1714.73,342.95,0,Cash on Delivery,Delivered
5122,51,222,2024-08-29,15:13:00,39,4,1556.33,77.82,40,Debit Card,Delivered
5123,98,9,2026-06-02,16:12:00,52,4,1635.38,245.31,0,Net Banking,Cancelled
5124,57,231,2024-01-13,14:42:00,32,1,1165.41,0.0,30,Wallet,Delivered
5125,188,123,2026-01-23,11:58:00,46,2,1274.97,0.0,0,Credit Card,Delivered
5126,12,112,2025-02-10,20:18:00,42,6,724.19,144.84,49,Debit Card,Delivered
5127,521,203,2025-06-04,23:45:00,56,5,904.56,90.46,49,Debit Card,Delivered
5128,513,161,2025-12-22,23:39:00,61,3,901.61,90.16,40,UPI,Delivered
5129,300,224,2025-09-05,10:29:00,53,3,820.12,123.02,49,UPI,Delivered
5130,182,205,2024-08-18,19:06:00,16,5,1565.31,313.06,20,Credit Card,Delivered
5131,530,247,2025-02-11,20:33:00,42,5,1751.56,175.16,49,Net Banking,Delivered
5132,150,5,2024-01-22,15:11:00,39,3,221.59,0.0,0,Debit Card,Cancelled
5133,268,25,2024-04-08,16:48:00,25,1,1353.68,67.68,30,UPI,Cancelled
5134,222,87,2024-07-01,17:38:00,38,4,854.57,0.0,49,Cash on Delivery,Returned
5135,73,8,2025-07-06,16:50:00,55,6,1072.95,214.59,49,Cash on Delivery,Delivered
5136,309,198,2024-11-20,14:33:00,42,5,866.29,0.0,20,Wallet,Delivered
5137,460,106,2025-05-17,20:09:00,22,6,1699.26,0.0,30,Debit Card,Returned
5138,329,104,2026-02-07,10:17:00,61,2,1778.4,0.0,30,Wallet,Cancelled
5139,525,161,2024-07-14,17:35:00,56,5,1577.88,236.68,30,Credit Card,Delivered
5140,183,223,2026-07-23,09:02:00,48,3,1089.32,0.0,30,UPI,Delivered
5141,180,72,2024-04-16,22:02:00,28,4,1323.54,0.0,20,Cash on Delivery,Returned
5142,255,56,2024-03-20,14:19:00,55,2,643.02,0.0,40,UPI,Delivered
5143,587,231,2025-05-08,20:10:00,19,4,1436.56,71.83,49,Wallet,Returned
5144,302,187,2024-05-24,13:06:00,17,1,951.62,47.58,30,Net Banking,Cancelled
5145,83,182,2024-12-14,10:57:00,45,3,1774.06,266.11,40,Wallet,Delivered
5146,432,61,2024-03-23,15:09:00,32,6,221.42,44.28,30,Net Banking,Delivered
5147,83,160,2026-07-10,21:44:00,56,6,655.9,65.59,40,Cash on Delivery,Cancelled
5148,493,24,2024-10-09,19:30:00,18,4,651.58,97.74,49,Wallet,Delivered
5149,520,112,2024-06-15,14:28:00,47,3,1289.78,64.49,40,UPI,Returned
5150,475,32,2024-07-01,10:36:00,52,5,1745.25,349.05,49,UPI,Delivered
5151,389,185,2026-01-30,23:00:00,57,4,1190.05,0.0,20,Credit Card,Returned
5152,450,148,2026-06-01,21:49:00,25,6,584.77,0.0,20,Cash on Delivery,Delivered
5153,298,243,2024-07-19,08:44:00,15,2,1138.81,56.94,49,Wallet,Delivered
5154,431,201,2026-09-17,17:27:00,36,5,636.63,63.66,0,Wallet,Delivered
5155,425,139,2025-10-23,17:38:00,56,5,937.43,0.0,49,Wallet,Cancelled
5156,183,2,2024-08-02,12:10:00,39,5,1563.08,78.15,49,Cash on Delivery,Delivered
5157,212,121,2025-01-10,19:47:00,65,4,1012.58,202.52,30,Debit Card,Delivered
5158,396,228,2024-11-28,14:00:00,52,2,557.91,27.9,30,Credit Card,Delivered
5159,518,29,2024-08-15,12:09:00,26,3,1763.82,0.0,0,Debit Card,Delivered
5160,142,42,2025-03-07,20:19:00,63,2,1282.92,0.0,0,Net Banking,Delivered
5161,323,95,2026-09-17,22:14:00,21,3,1413.76,0.0,40,Cash on Delivery,Cancelled
5162,149,207,2025-11-04,16:31:00,43,4,124.1,12.41,20,Wallet,Delivered
5163,61,124,2026-09-11,10:03:00,18,2,548.51,54.85,49,Wallet,Delivered
5164,280,29,2025-10-06,22:41:00,52,2,1124.33,224.87,40,Net Banking,Delivered
5165,251,169,2026-06-13,15:48:00,65,5,1406.54,0.0,49,Credit Card,Returned
5166,201,135,2025-04-01,21:35:00,47,2,1046.86,209.37,40,Net Banking,Delivered
5167,543,39,2024-12-19,11:28:00,28,5,1582.53,79.13,49,UPI,Delivered
5168,357,47,2026-01-30,12:15:00,36,1,945.14,189.03,49,Wallet,Returned
5169,242,123,2025-07-10,23:14:00,61,6,724.65,0.0,49,Net Banking,Delivered
5170,26,97,2026-08-22,16:59:00,53,4,171.21,0.0,20,Debit Card,Cancelled
5171,360,15,2025-07-08,20:29:00,24,6,379.16,56.87,40,Credit Card,Delivered
5172,91,230,2024-02-27,22:25:00,43,4,1364.88,68.24,49,Cash on Delivery,Delivered
5173,235,180,2025-09-08,23:04:00,49,1,1771.94,0.0,30,Wallet,Delivered
5174,449,68,2026-07-18,21:32:00,65,5,1623.09,0.0,20,UPI,Delivered
5175,221,178,2025-05-12,16:02:00,57,4,385.16,0.0,20,Cash on Delivery,Delivered
5176,57,182,2024-08-29,15:09:00,32,5,1284.11,64.21,20,Cash on Delivery,Delivered
5177,112,136,2025-07-03,16:49:00,53,1,1151.71,230.34,40,Cash on Delivery,Delivered
5178,217,37,2025-08-17,17:01:00,40,2,1706.62,85.33,20,Debit Card,Delivered
5179,413,218,2024-07-27,19:30:00,63,2,1477.44,221.62,49,Debit Card,Delivered
5180,12,120,2024-05-23,17:53:00,29,5,1209.2,181.38,30,Net Banking,Delivered
5181,28,149,2025-09-28,21:27:00,58,6,1074.99,215.0,30,Wallet,Delivered
5182,17,239,2024-11-30,10:55:00,32,5,168.22,16.82,40,Wallet,Cancelled
5183,354,185,2025-09-13,23:23:00,32,2,1525.06,305.01,30,Credit Card,Delivered
5184,301,159,2025-08-01,20:06:00,60,1,938.7,140.81,49,Net Banking,Returned
5185,456,117,2024-05-25,12:10:00,24,6,841.19,168.24,40,Wallet,Returned
5186,87,194,2024-11-27,15:15:00,17,1,368.24,0.0,20,Cash on Delivery,Delivered
5187,62,220,2026-05-17,23:53:00,41,5,910.22,136.53,40,Wallet,Delivered
5188,250,220,2025-07-04,09:57:00,35,1,543.6,0.0,49,Cash on Delivery,Returned
5189,11,30,2026-08-10,21:33:00,19,2,1399.61,0.0,40,Debit Card,Delivered
5190,56,7,2025-02-16,10:22:00,38,5,1606.16,0.0,49,Credit Card,Delivered
5191,161,222,2024-05-27,16:16:00,35,3,1705.68,0.0,20,Credit Card,Cancelled
5192,131,25,2024-11-06,17:17:00,64,1,438.42,87.68,49,Net Banking,Delivered
5193,88,233,2025-04-02,20:36:00,53,2,470.46,0.0,20,Net Banking,Delivered
5194,325,112,2025-08-20,18:37:00,17,4,142.28,21.34,40,Net Banking,Delivered
5195,67,4,2026-05-09,21:52:00,28,4,1637.8,245.67,0,Credit Card,Delivered
5196,497,75,2024-02-12,11:04:00,44,2,1768.92,265.34,40,Net Banking,Delivered
5197,235,214,2025-06-27,12:04:00,32,3,342.32,17.12,49,Net Banking,Delivered
5198,595,228,2025-08-01,20:08:00,47,5,1735.78,0.0,0,Wallet,Cancelled
5199,566,74,2024-02-27,19:09:00,19,5,723.41,0.0,40,UPI,Delivered
5200,195,191,2024-04-19,11:09:00,56,4,209.67,31.45,49,Debit Card,Returned
5201,541,146,2025-03-07,18:16:00,54,5,234.18,0.0,30,UPI,Delivered
5202,248,140,2026-08-24,21:22:00,34,4,236.56,47.31,20,Cash on Delivery,Returned
5203,53,176,2026-09-02,19:16:00,47,4,634.17,31.71,0,Debit Card,Delivered
5204,390,40,2024-08-18,08:54:00,65,6,199.46,0.0,40,UPI,Delivered
5205,317,70,2025-10-03,20:55:00,21,3,137.66,0.0,20,Wallet,Returned
5206,227,235,2024-12-08,09:26:00,40,6,749.96,37.5,40,UPI,Delivered
5207,30,90,2025-09-24,08:53:00,47,3,1201.79,180.27,40,Cash on Delivery,Delivered
5208,497,138,2026-07-01,14:52:00,45,5,1295.24,0.0,49,UPI,Delivered
5209,316,125,2024-09-29,15:29:00,24,5,1536.8,0.0,20,Debit Card,Cancelled
5210,85,178,2026-03-20,20:51:00,16,5,329.58,0.0,40,Cash on Delivery,Delivered
5211,510,19,2026-07-20,17:11:00,31,6,1215.89,0.0,0,UPI,Delivered
5212,595,13,2024-05-13,21:41:00,41,6,344.55,17.23,40,Credit Card,Returned
5213,566,28,2026-03-12,15:54:00,65,2,132.49,13.25,20,UPI,Delivered
5214,379,42,2024-09-12,23:34:00,64,1,468.24,23.41,20,Credit Card,Returned
5215,186,132,2025-03-29,16:40:00,24,3,820.3,41.02,49,Cash on Delivery,Delivered
5216,545,9,2026-02-04,18:58:00,50,1,172.71,25.91,30,Net Banking,Delivered
5217,359,236,2026-06-20,14:34:00,22,3,908.12,0.0,0,UPI,Delivered
5218,277,57,2025-12-02,18:29:00,49,1,1060.49,0.0,40,Cash on Delivery,Delivered
5219,281,159,2026-08-06,11:51:00,33,5,1766.18,353.24,0,Debit Card,Returned
5220,117,245,2024-10-29,16:27:00,41,1,1612.86,241.93,49,Debit Card,Delivered
5221,114,117,2024-04-05,09:00:00,41,3,817.24,0.0,40,Cash on Delivery,Delivered
5222,550,142,2025-01-05,17:54:00,65,3,1240.64,0.0,40,Credit Card,Delivered
5223,509,109,2025-03-19,19:38:00,54,3,1158.72,0.0,20,Wallet,Cancelled
5224,283,73,2026-08-02,12:14:00,50,1,1522.38,0.0,20,Cash on Delivery,Delivered
5225,276,131,2026-05-16,17:39:00,56,1,1004.51,50.23,0,Debit Card,Delivered
5226,165,141,2025-06-13,15:25:00,28,6,683.05,0.0,30,Credit Card,Cancelled
5227,89,169,2025-01-04,10:40:00,27,1,1258.29,0.0,30,Cash on Delivery,Delivered
5228,112,243,2025-03-30,08:10:00,46,5,606.41,0.0,30,Debit Card,Delivered
5229,592,202,2024-07-15,22:10:00,62,2,500.79,50.08,0,Cash on Delivery,Delivered
5230,78,157,2025-12-16,21:35:00,25,2,701.69,70.17,30,Wallet,Delivered
5231,280,170,2024-07-20,11:13:00,55,6,1382.14,207.32,40,Debit Card,Delivered
5232,541,115,2024-11-10,22:17:00,16,4,448.11,22.41,20,Net Banking,Returned
5233,430,27,2026-02-02,23:22:00,41,3,858.0,85.8,49,UPI,Delivered
5234,128,130,2026-07-08,15:47:00,33,3,370.88,0.0,0,Net Banking,Delivered
5235,324,67,2024-12-07,18:04:00,52,6,331.75,0.0,30,Credit Card,Delivered
5236,443,61,2024-11-14,16:00:00,19,4,1539.43,0.0,40,UPI,Returned
5237,390,65,2025-09-13,11:19:00,34,3,476.74,0.0,40,Wallet,Delivered
5238,184,6,2024-04-08,19:24:00,54,1,583.83,87.57,0,Cash on Delivery,Returned
5239,306,20,2024-12-25,23:14:00,27,4,834.77,83.48,30,UPI,Returned
5240,91,52,2024-09-30,10:40:00,46,5,235.58,23.56,0,Cash on Delivery,Delivered
5241,588,96,2025-05-08,11:42:00,34,3,290.79,29.08,30,UPI,Delivered
5242,597,220,2025-12-08,19:20:00,49,2,1031.63,206.33,20,Cash on Delivery,Delivered
5243,38,245,2026-06-11,22:11:00,53,4,836.25,0.0,49,UPI,Delivered
5244,264,62,2026-07-05,10:24:00,49,3,1009.5,201.9,40,Wallet,Cancelled
5245,201,167,2026-06-25,08:52:00,53,5,172.85,0.0,30,Wallet,Delivered
5246,283,65,2024-12-14,08:15:00,16,6,131.52,19.73,0,Debit Card,Delivered
5247,128,173,2025-09-16,09:32:00,20,5,925.41,0.0,0,UPI,Cancelled
5248,505,164,2026-04-23,20:15:00,60,2,1477.05,73.85,20,Credit Card,Cancelled
5249,509,57,2026-05-02,21:39:00,35,1,559.69,0.0,20,Wallet,Delivered
5250,46,85,2025-08-22,09:16:00,44,2,719.15,0.0,20,Credit Card,Delivered
5251,375,67,2025-08-26,14:03:00,65,3,1566.84,156.68,40,Credit Card,Delivered
5252,379,25,2024-07-18,19:51:00,54,5,849.7,0.0,40,UPI,Returned
5253,389,211,2024-03-04,08:39:00,50,5,1307.07,0.0,40,Debit Card,Delivered
5254,322,23,2024-09-21,15:07:00,39,3,273.09,0.0,49,Net Banking,Delivered
5255,205,112,2025-01-10,21:19:00,60,1,1755.41,351.08,20,Wallet,Delivered
5256,296,227,2026-04-26,13:27:00,17,1,813.4,81.34,49,Wallet,Cancelled
5257,172,49,2025-06-17,16:13:00,38,4,1143.48,114.35,20,Net Banking,Returned
5258,327,237,2025-08-09,17:23:00,50,5,400.94,0.0,0,Wallet,Delivered
5259,286,223,2025-05-12,18:11:00,53,3,1166.09,58.3,30,Cash on Delivery,Delivered
5260,323,27,2024-06-15,18:27:00,27,5,436.07,21.8,40,Cash on Delivery,Delivered
5261,465,15,2024-08-03,10:47:00,15,1,401.66,60.25,0,Credit Card,Cancelled
5262,529,127,2024-12-30,14:41:00,64,6,1439.08,0.0,0,Debit Card,Delivered
5263,524,55,2026-04-24,18:18:00,58,3,1387.6,69.38,30,Net Banking,Delivered
5264,540,183,2025-10-05,15:39:00,42,5,1750.58,175.06,20,Debit Card,Cancelled
5265,381,223,2024-10-20,14:02:00,54,2,1696.23,254.43,20,Debit Card,Cancelled
5266,66,91,2024-03-05,23:12:00,58,3,1446.79,72.34,0,Cash on Delivery,Delivered
5267,588,164,2025-08-01,12:47:00,31,4,291.37,0.0,40,Debit Card,Delivered
5268,108,5,2025-07-12,09:42:00,19,1,1465.38,293.08,0,Credit Card,Cancelled
5269,106,184,2024-05-23,14:37:00,36,3,299.1,0.0,40,Net Banking,Delivered
5270,230,35,2024-07-14,12:35:00,37,3,285.85,0.0,20,Cash on Delivery,Cancelled
5271,137,106,2026-01-31,12:07:00,33,3,656.64,32.83,0,Debit Card,Returned
5272,38,69,2024-11-25,11:53:00,54,4,940.68,188.14,40,Cash on Delivery,Delivered
5273,513,208,2024-02-03,10:43:00,22,6,712.96,71.3,0,Credit Card,Cancelled
5274,433,138,2024-11-01,13:12:00,26,6,1272.71,0.0,30,Debit Card,Delivered
5275,425,157,2025-11-27,09:13:00,27,6,769.98,115.5,49,Wallet,Cancelled
5276,89,9,2026-06-16,18:28:00,20,5,884.39,0.0,20,Wallet,Delivered
5277,103,91,2024-10-27,18:21:00,23,4,1744.6,174.46,40,Cash on Delivery,Returned
5278,166,162,2025-01-25,08:56:00,26,2,673.95,0.0,0,Wallet,Delivered
5279,239,4,2025-09-29,21:32:00,53,1,1127.51,0.0,0,Cash on Delivery,Returned
5280,575,112,2025-05-22,20:36:00,51,5,1071.23,160.68,49,UPI,Delivered
5281,127,228,2026-07-05,17:35:00,58,4,578.43,0.0,20,Credit Card,Returned
5282,86,154,2025-12-13,08:02:00,24,3,272.96,0.0,0,Cash on Delivery,Delivered
5283,533,195,2025-02-09,14:57:00,43,2,679.84,0.0,20,Cash on Delivery,Delivered
5284,134,130,2026-03-04,20:26:00,42,5,847.03,84.7,30,Net Banking,Returned
5285,276,55,2024-03-12,10:24:00,25,1,219.75,32.96,40,Debit Card,Delivered
5286,313,180,2025-09-22,16:53:00,44,2,1442.26,72.11,30,Wallet,Delivered
5287,206,21,2024-01-19,18:22:00,43,4,231.54,0.0,20,Wallet,Delivered
5288,148,119,2024-12-04,21:02:00,50,6,1036.93,103.69,30,Net Banking,Delivered
5289,463,156,2024-07-12,18:55:00,48,3,462.4,0.0,20,UPI,Delivered
5290,581,71,2026-02-26,18:10:00,62,1,403.62,60.54,49,Cash on Delivery,Delivered
5291,435,36,2025-10-20,08:48:00,54,5,300.58,0.0,30,UPI,Returned
5292,589,224,2026-06-08,11:20:00,22,3,1371.86,0.0,0,Debit Card,Delivered
5293,572,90,2024-01-15,10:45:00,30,6,567.28,85.09,30,Wallet,Cancelled
5294,412,233,2024-08-12,21:16:00,19,2,408.56,20.43,30,Cash on Delivery,Cancelled
5295,328,178,2024-09-30,15:44:00,51,6,1570.13,0.0,30,Credit Card,Delivered
5296,408,4,2026-05-17,17:08:00,31,1,1021.94,0.0,40,Debit Card,Returned
5297,284,36,2025-01-11,15:59:00,51,6,1299.03,194.85,40,Net Banking,Returned
5298,346,193,2025-10-02,13:28:00,65,4,965.23,0.0,0,Net Banking,Delivered
5299,562,166,2025-07-16,11:10:00,24,3,1436.02,287.2,40,Cash on Delivery,Delivered
5300,266,227,2024-06-12,09:38:00,46,1,391.15,39.12,40,Net Banking,Returned
5301,16,156,2025-03-21,15:22:00,21,6,654.5,0.0,0,Cash on Delivery,Delivered
5302,219,61,2024-04-30,22:03:00,23,6,1540.58,0.0,20,Cash on Delivery,Delivered
5303,486,1,2025-06-28,20:03:00,34,6,515.92,103.18,40,Debit Card,Delivered
5304,472,47,2026-02-26,19:12:00,44,1,947.14,0.0,0,Debit Card,Cancelled
5305,246,59,2024-01-26,08:12:00,26,3,1717.79,171.78,40,Debit Card,Delivered
5306,258,235,2026-07-11,10:12:00,30,1,1670.59,0.0,0,Net Banking,Delivered
5307,516,59,2025-09-16,17:34:00,63,6,625.91,0.0,40,Wallet,Delivered
5308,203,23,2025-01-11,17:56:00,28,1,1116.25,223.25,49,UPI,Cancelled
5309,319,178,2025-08-05,11:15:00,19,3,1499.21,224.88,30,Credit Card,Returned
5310,389,111,2025-05-23,10:13:00,40,3,823.44,123.52,20,Debit Card,Delivered
5311,309,84,2024-06-21,13:32:00,63,6,347.93,0.0,30,Wallet,Cancelled
5312,317,131,2025-11-06,18:46:00,26,6,1120.59,224.12,49,Net Banking,Cancelled
5313,262,153,2026-05-19,21:22:00,43,4,649.68,0.0,20,Debit Card,Cancelled
5314,123,172,2025-09-14,23:00:00,58,4,614.26,30.71,30,UPI,Cancelled
5315,201,238,2025-12-09,10:20:00,32,1,381.35,0.0,40,Net Banking,Cancelled
5316,9,227,2026-08-27,22:56:00,36,1,299.85,0.0,20,Cash on Delivery,Returned
5317,22,246,2024-07-13,16:36:00,22,3,291.7,0.0,30,Credit Card,Delivered
5318,407,52,2026-04-20,21:59:00,34,2,900.29,0.0,0,Credit Card,Delivered
5319,268,176,2024-11-16,17:12:00,39,4,822.54,123.38,40,Net Banking,Delivered
5320,491,169,2024-11-09,20:30:00,55,2,769.15,76.92,40,Wallet,Cancelled
5321,5,229,2026-03-17,10:44:00,29,2,490.61,24.53,49,Net Banking,Returned
5322,564,243,2024-05-18,11:53:00,43,1,407.31,20.37,40,UPI,Delivered
5323,581,99,2024-03-13,17:54:00,53,3,1166.79,233.36,49,Debit Card,Delivered
5324,316,189,2025-04-15,19:27:00,22,4,1361.55,272.31,20,Net Banking,Delivered
5325,598,243,2024-11-30,12:25:00,16,4,985.93,0.0,20,Net Banking,Delivered
5326,580,81,2025-12-28,20:04:00,34,1,1385.58,138.56,40,Cash on Delivery,Delivered
5327,378,158,2024-06-22,14:10:00,61,3,1721.35,86.07,49,Net Banking,Delivered
5328,561,130,2024-12-09,09:27:00,51,1,441.27,88.25,20,Debit Card,Returned
5329,495,189,2026-05-07,10:05:00,26,1,350.7,0.0,0,Wallet,Cancelled
5330,240,224,2025-06-24,19:40:00,51,3,1299.75,259.95,0,Wallet,Returned
5331,143,152,2025-10-03,12:02:00,44,2,367.24,0.0,20,Credit Card,Delivered
5332,567,39,2024-08-15,15:36:00,49,5,1255.25,0.0,0,Wallet,Delivered
5333,247,161,2026-02-21,23:48:00,62,4,1664.51,0.0,49,Wallet,Delivered
5334,162,113,2025-07-18,22:24:00,43,5,1500.33,0.0,40,UPI,Returned
5335,565,183,2024-10-27,13:08:00,52,4,1480.48,296.1,40,Debit Card,Delivered
5336,312,66,2025-12-03,16:50:00,47,4,689.2,0.0,20,UPI,Delivered
5337,159,210,2024-01-24,20:33:00,19,3,1255.58,251.12,49,Wallet,Delivered
5338,580,158,2025-10-03,11:37:00,47,6,857.59,0.0,20,Net Banking,Delivered
5339,82,17,2024-08-01,08:48:00,15,5,576.43,86.46,20,Net Banking,Delivered
5340,297,230,2024-03-27,11:48:00,19,6,1732.96,86.65,49,Cash on Delivery,Cancelled
5341,200,6,2025-10-02,18:00:00,44,3,1080.05,0.0,0,Debit Card,Delivered
5342,245,217,2026-06-13,13:28:00,21,5,399.03,39.9,0,Credit Card,Returned
5343,533,72,2026-09-01,16:48:00,22,4,265.27,13.26,49,Credit Card,Returned
5344,419,208,2024-07-02,16:53:00,18,5,1364.84,272.97,30,UPI,Returned
5345,439,60,2024-05-15,15:32:00,21,2,943.22,141.48,30,Cash on Delivery,Returned
5346,302,20,2024-02-08,15:30:00,41,2,414.36,82.87,30,Net Banking,Delivered
5347,126,184,2024-11-30,12:23:00,65,5,473.36,0.0,0,Cash on Delivery,Cancelled
5348,323,127,2025-06-13,10:51:00,22,4,595.22,119.04,30,Wallet,Delivered
5349,421,211,2025-05-27,16:51:00,45,1,1502.81,0.0,49,UPI,Delivered
5350,61,228,2024-07-01,11:21:00,48,6,1568.26,235.24,0,UPI,Delivered
5351,377,135,2024-03-24,11:52:00,18,1,599.2,0.0,20,Credit Card,Returned
5352,380,64,2026-06-30,18:40:00,65,5,1752.4,175.24,20,Net Banking,Delivered
5353,16,25,2026-03-14,16:03:00,49,1,1546.51,231.98,20,Debit Card,Delivered
5354,234,208,2024-03-24,20:31:00,39,4,202.43,10.12,0,Cash on Delivery,Delivered
5355,598,47,2025-04-19,16:55:00,44,5,1416.07,283.21,40,UPI,Delivered
5356,79,219,2025-09-22,14:54:00,49,2,636.05,95.41,40,Wallet,Delivered
5357,357,250,2024-03-31,08:41:00,63,6,1323.85,66.19,20,UPI,Returned
5358,569,8,2024-07-08,13:06:00,28,1,1303.23,195.48,30,Net Banking,Cancelled
5359,319,162,2026-06-26,10:53:00,62,3,1359.78,0.0,30,Debit Card,Delivered
5360,391,146,2025-04-20,17:09:00,65,3,1065.2,0.0,30,Net Banking,Delivered
5361,22,239,2024-04-03,22:26:00,48,6,1347.05,0.0,20,Debit Card,Delivered
5362,8,16,2024-09-21,11:39:00,38,1,1239.92,0.0,0,Credit Card,Delivered
5363,454,199,2025-02-02,20:04:00,45,1,770.32,0.0,40,Wallet,Returned
5364,412,143,2026-01-21,16:54:00,41,3,1457.58,145.76,20,Wallet,Delivered
5365,535,126,2024-05-09,17:49:00,48,1,979.97,98.0,40,Net Banking,Delivered
5366,144,58,2026-03-10,16:16:00,31,1,668.63,33.43,20,Debit Card,Delivered
5367,473,44,2024-03-25,15:49:00,51,4,1553.81,233.07,40,Credit Card,Delivered
5368,597,20,2025-02-21,08:42:00,32,5,1257.41,0.0,0,Cash on Delivery,Returned
5369,162,222,2024-07-17,10:57:00,54,1,225.06,0.0,40,Cash on Delivery,Delivered
5370,385,63,2026-04-17,22:08:00,21,6,1036.52,0.0,49,Net Banking,Cancelled
5371,355,132,2026-08-21,16:46:00,61,6,205.68,41.14,30,Cash on Delivery,Delivered
5372,375,178,2025-04-12,10:52:00,25,4,653.62,0.0,40,Wallet,Delivered
5373,104,175,2025-03-14,18:25:00,39,4,888.68,0.0,40,UPI,Delivered
5374,122,36,2024-02-09,23:01:00,21,5,1277.12,0.0,30,Wallet,Delivered
5375,581,50,2026-02-22,19:36:00,42,4,1180.33,236.07,20,Cash on Delivery,Cancelled
5376,371,185,2026-06-11,18:08:00,37,4,827.33,0.0,0,Wallet,Returned
5377,244,49,2024-12-21,16:34:00,18,5,821.89,82.19,40,Wallet,Returned
5378,529,190,2026-09-06,14:48:00,15,3,462.98,0.0,20,Net Banking,Delivered
5379,508,139,2025-01-17,14:08:00,22,6,1279.09,0.0,20,Credit Card,Delivered
5380,558,145,2026-04-26,14:00:00,51,1,591.36,0.0,20,Cash on Delivery,Delivered
5381,353,142,2024-11-12,08:06:00,34,1,1591.07,79.55,30,Wallet,Delivered
5382,152,214,2024-12-26,22:35:00,46,1,1249.92,249.98,49,UPI,Delivered
5383,333,157,2024-02-27,12:43:00,44,6,1131.13,0.0,30,Cash on Delivery,Cancelled
5384,405,155,2026-05-29,10:49:00,53,5,1649.46,164.95,20,Net Banking,Delivered
5385,274,136,2026-02-11,14:24:00,23,4,1105.74,55.29,0,Cash on Delivery,Returned
5386,199,100,2026-09-03,22:42:00,45,1,885.1,132.76,40,Debit Card,Cancelled
5387,421,184,2026-08-03,17:59:00,58,2,1277.41,127.74,0,Debit Card,Delivered
5388,554,162,2025-09-20,22:59:00,49,5,1344.55,201.68,30,UPI,Returned
5389,142,67,2024-12-01,13:50:00,43,4,179.55,0.0,49,Cash on Delivery,Delivered
5390,347,11,2024-11-25,21:10:00,31,3,1535.56,153.56,0,Net Banking,Returned
5391,550,137,2025-11-06,20:28:00,48,5,1322.25,264.45,0,UPI,Cancelled
5392,588,29,2026-07-31,14:33:00,44,1,856.24,0.0,0,Debit Card,Cancelled
5393,23,26,2024-09-03,16:53:00,54,6,1446.76,289.35,30,Credit Card,Delivered
5394,179,140,2025-11-10,10:59:00,34,1,612.17,0.0,30,Cash on Delivery,Delivered
5395,448,176,2026-01-15,14:50:00,37,4,1677.34,0.0,20,Cash on Delivery,Returned
5396,167,124,2026-07-26,15:14:00,18,5,1230.22,0.0,20,Debit Card,Delivered
5397,304,80,2025-02-10,17:51:00,30,2,1522.97,228.45,0,Net Banking,Delivered
5398,304,246,2025-09-07,20:35:00,41,1,938.46,187.69,20,UPI,Delivered
5399,580,239,2024-01-04,10:44:00,61,5,1146.2,171.93,49,Debit Card,Delivered
5400,457,108,2024-03-10,22:01:00,53,5,745.34,0.0,0,Credit Card,Returned
5401,360,104,2026-01-16,13:20:00,45,6,788.36,0.0,0,Wallet,Returned
5402,35,37,2025-06-23,08:22:00,44,5,1756.22,0.0,30,UPI,Delivered
5403,57,196,2024-09-19,17:17:00,19,3,836.41,167.28,40,Wallet,Cancelled
5404,43,242,2026-07-18,19:46:00,43,2,954.75,47.74,20,Credit Card,Delivered
5405,168,30,2025-04-06,18:34:00,51,2,1501.59,150.16,20,Net Banking,Returned
5406,23,83,2024-07-17,22:01:00,22,6,501.07,25.05,40,Wallet,Returned
5407,30,248,2026-08-23,22:11:00,15,6,1520.19,0.0,30,Net Banking,Delivered
5408,198,213,2026-03-05,12:14:00,56,4,1617.16,80.86,30,Cash on Delivery,Delivered
5409,488,157,2026-08-04,16:59:00,39,4,1573.8,0.0,20,Credit Card,Delivered
5410,120,248,2026-02-19,17:32:00,33,2,823.2,82.32,49,Net Banking,Delivered
5411,37,228,2025-05-13,22:22:00,45,6,1691.33,84.57,30,Net Banking,Delivered
5412,450,141,2025-01-15,20:52:00,34,3,267.44,40.12,49,Credit Card,Delivered
5413,141,115,2025-08-04,15:16:00,39,5,1264.79,252.96,49,Wallet,Delivered
5414,372,24,2025-02-12,19:09:00,26,6,995.9,0.0,30,UPI,Delivered
5415,564,120,2025-05-07,20:15:00,31,6,234.17,0.0,49,Cash on Delivery,Returned
5416,497,113,2024-11-03,22:26:00,64,2,1101.44,165.22,0,UPI,Cancelled
5417,69,135,2025-07-03,22:54:00,64,2,955.47,191.09,49,Cash on Delivery,Delivered
5418,420,171,2025-07-06,20:28:00,57,6,1435.01,215.25,20,UPI,Delivered
5419,32,171,2026-04-20,18:30:00,49,3,797.78,0.0,0,Cash on Delivery,Cancelled
5420,269,198,2025-02-20,18:05:00,49,6,799.88,0.0,0,Debit Card,Cancelled
5421,88,34,2024-03-06,17:57:00,19,6,1562.54,234.38,49,Credit Card,Returned
5422,514,165,2026-05-11,23:39:00,18,5,1377.87,206.68,40,Wallet,Delivered
5423,438,81,2026-03-17,11:58:00,55,3,853.66,42.68,0,UPI,Delivered
5424,15,205,2026-02-23,19:36:00,30,5,816.83,0.0,0,Wallet,Delivered
5425,379,178,2026-06-06,13:11:00,39,3,250.78,0.0,30,Cash on Delivery,Delivered
5426,343,40,2025-12-05,19:45:00,46,5,879.93,175.99,20,Debit Card,Delivered
5427,389,140,2024-09-01,12:00:00,26,2,1460.83,73.04,0,UPI,Cancelled
5428,83,129,2024-02-21,09:09:00,20,6,587.08,58.71,0,UPI,Returned
5429,547,66,2025-03-29,18:52:00,36,3,870.37,43.52,20,Debit Card,Returned
5430,222,39,2025-07-27,13:14:00,53,1,436.24,65.44,0,Net Banking,Returned
5431,247,107,2025-02-03,16:39:00,48,2,721.99,72.2,0,Net Banking,Delivered
5432,400,154,2025-06-12,23:13:00,23,5,1767.23,88.36,30,Net Banking,Delivered
5433,343,110,2024-05-25,23:06:00,56,2,903.28,135.49,20,Debit Card,Delivered
5434,402,218,2025-09-16,16:22:00,51,5,1762.12,264.32,0,Net Banking,Delivered
5435,389,103,2026-08-10,08:36:00,34,4,1001.09,0.0,40,Credit Card,Delivered
5436,298,104,2026-01-07,18:32:00,49,5,1111.63,55.58,20,Debit Card,Delivered
5437,308,100,2026-07-18,15:05:00,24,6,1010.27,0.0,20,Wallet,Delivered
5438,594,243,2024-06-25,22:19:00,52,2,1271.6,254.32,0,Net Banking,Delivered
5439,95,176,2024-03-22,12:08:00,17,2,1728.71,0.0,30,Wallet,Delivered
5440,142,166,2025-12-02,19:05:00,28,4,976.18,0.0,30,Debit Card,Delivered
5441,398,172,2024-12-05,13:14:00,46,1,122.05,12.21,40,Cash on Delivery,Delivered
5442,381,20,2025-09-21,09:48:00,17,2,415.52,62.33,40,UPI,Delivered
5443,248,74,2026-02-17,22:32:00,62,3,522.92,26.15,40,Debit Card,Delivered
5444,318,109,2024-10-05,15:04:00,64,1,1492.63,0.0,20,Credit Card,Cancelled
5445,558,239,2025-11-10,19:51:00,31,2,870.27,43.51,40,Credit Card,Delivered
5446,365,141,2024-12-17,13:04:00,54,4,1607.55,0.0,30,Net Banking,Delivered
5447,430,140,2024-06-01,12:17:00,28,1,1651.37,247.71,0,Credit Card,Delivered
5448,375,242,2025-05-28,14:47:00,54,2,1278.06,0.0,40,Net Banking,Delivered
5449,274,29,2024-05-10,18:29:00,16,6,813.11,0.0,40,Cash on Delivery,Delivered
5450,191,216,2026-05-12,17:16:00,60,3,624.75,124.95,40,Debit Card,Returned
5451,449,18,2024-04-15,15:53:00,22,3,1477.89,221.68,40,Net Banking,Delivered
5452,216,30,2025-11-20,09:08:00,34,2,770.5,0.0,30,Net Banking,Returned
5453,440,227,2024-08-24,16:27:00,48,3,743.59,0.0,0,UPI,Delivered
5454,15,50,2026-05-27,19:35:00,58,3,965.75,48.29,20,Cash on Delivery,Cancelled
5455,192,178,2026-04-02,23:22:00,17,2,944.67,0.0,49,Credit Card,Delivered
5456,314,48,2024-04-23,08:11:00,30,5,1432.49,286.5,20,Net Banking,Delivered
5457,32,126,2024-09-12,21:26:00,62,6,1191.0,119.1,40,UPI,Delivered
5458,321,149,2025-12-28,08:46:00,61,6,1179.59,117.96,40,Wallet,Returned
5459,274,57,2026-02-02,15:22:00,41,2,437.36,0.0,0,Credit Card,Delivered
5460,80,221,2024-05-03,23:00:00,58,1,1733.69,0.0,49,Credit Card,Cancelled
5461,131,15,2025-01-02,15:08:00,62,2,191.43,19.14,20,Net Banking,Returned
5462,368,99,2026-02-23,09:33:00,51,5,170.94,8.55,40,UPI,Delivered
5463,120,214,2026-05-19,08:55:00,20,3,909.87,90.99,20,Debit Card,Delivered
5464,361,230,2025-08-01,11:49:00,22,4,441.64,0.0,40,Cash on Delivery,Delivered
5465,60,189,2025-02-16,19:29:00,60,4,1428.45,0.0,40,Credit Card,Delivered
5466,435,6,2024-09-01,19:03:00,24,6,633.03,126.61,30,UPI,Delivered
5467,205,33,2026-01-29,22:50:00,18,6,1287.59,0.0,20,Debit Card,Delivered
5468,438,156,2026-04-13,16:49:00,64,6,1368.54,68.43,30,Cash on Delivery,Delivered
5469,426,97,2025-04-23,20:49:00,55,6,1349.82,0.0,40,Net Banking,Delivered
5470,285,43,2026-01-01,17:00:00,16,1,1690.04,338.01,0,Wallet,Delivered
5471,217,195,2026-08-21,22:16:00,27,4,977.77,48.89,0,UPI,Delivered
5472,247,130,2026-04-11,13:12:00,26,2,666.2,99.93,49,Wallet,Cancelled
5473,229,124,2025-03-13,13:41:00,61,2,1583.15,0.0,20,Debit Card,Delivered
5474,46,30,2024-12-16,16:07:00,45,4,800.18,40.01,49,Cash on Delivery,Delivered
5475,81,11,2025-12-16,09:02:00,16,3,1125.41,225.08,0,Net Banking,Delivered
5476,167,165,2026-01-19,16:31:00,53,2,1166.89,175.03,20,Debit Card,Delivered
5477,592,22,2024-10-19,09:08:00,40,5,1198.81,59.94,20,UPI,Delivered
5478,356,163,2024-12-25,09:41:00,16,5,927.94,46.4,30,Cash on Delivery,Delivered
5479,101,243,2025-12-07,14:07:00,47,2,1355.47,135.55,20,Credit Card,Delivered
5480,56,171,2026-01-29,16:17:00,31,4,1020.47,153.07,30,UPI,Delivered
5481,203,162,2025-07-08,10:15:00,47,3,1321.05,198.16,30,UPI,Delivered
5482,317,46,2025-09-22,15:10:00,40,6,590.1,0.0,40,UPI,Delivered
5483,482,221,2026-04-09,22:15:00,29,4,1230.66,0.0,0,Cash on Delivery,Delivered
5484,198,103,2024-02-15,19:18:00,65,6,1508.06,75.4,0,Credit Card,Delivered
5485,592,60,2024-03-21,09:34:00,24,4,397.25,59.59,40,Cash on Delivery,Delivered
5486,429,218,2026-03-04,08:27:00,59,1,625.14,62.51,40,Net Banking,Delivered
5487,11,157,2026-09-19,19:24:00,40,1,262.71,39.41,49,Credit Card,Delivered
5488,592,34,2026-06-03,10:45:00,16,4,646.2,32.31,30,Credit Card,Delivered
5489,576,208,2024-08-31,08:37:00,46,3,495.0,0.0,40,Credit Card,Delivered
5490,269,149,2026-06-04,12:32:00,55,5,805.55,80.56,0,Net Banking,Returned
5491,414,31,2025-11-06,23:20:00,56,4,1036.39,0.0,30,Debit Card,Returned
5492,282,205,2025-08-28,20:59:00,32,6,1269.25,0.0,0,Cash on Delivery,Delivered
5493,588,171,2024-06-05,18:49:00,36,5,1419.98,0.0,0,Credit Card,Delivered
5494,548,16,2025-11-10,22:23:00,40,6,1776.21,0.0,30,Wallet,Delivered
5495,100,185,2026-05-27,09:32:00,48,3,1535.93,0.0,49,Net Banking,Cancelled
5496,88,229,2025-09-14,13:28:00,61,2,1692.11,338.42,40,Net Banking,Cancelled
5497,296,13,2025-05-23,14:08:00,47,1,1697.3,0.0,40,Wallet,Delivered
5498,89,231,2025-05-17,22:42:00,21,1,131.37,0.0,0,Credit Card,Delivered
5499,504,224,2024-08-12,21:04:00,46,3,656.5,131.3,30,UPI,Delivered
5500,68,129,2024-10-05,08:01:00,65,1,167.49,0.0,0,Credit Card,Cancelled
5501,61,214,2026-05-08,13:46:00,22,3,1505.25,150.53,0,Debit Card,Delivered
5502,82,24,2026-01-14,15:53:00,65,6,1078.81,0.0,30,Wallet,Returned
5503,572,222,2026-01-13,10:37:00,24,4,1410.01,0.0,30,Debit Card,Cancelled
5504,460,182,2025-03-06,17:20:00,39,1,989.75,148.46,30,Cash on Delivery,Delivered
5505,588,228,2024-04-11,19:57:00,59,6,1036.17,207.23,20,Credit Card,Delivered
5506,337,159,2026-02-17,22:19:00,46,1,1683.2,252.48,49,UPI,Delivered
5507,528,119,2026-01-29,11:38:00,26,6,1251.14,250.23,0,Net Banking,Cancelled
5508,229,242,2025-06-18,12:53:00,62,4,703.87,0.0,49,Cash on Delivery,Delivered
5509,595,97,2025-07-10,10:08:00,39,4,811.2,81.12,49,UPI,Delivered
5510,588,217,2025-08-03,13:46:00,60,4,1580.41,237.06,0,Wallet,Delivered
5511,435,179,2026-03-14,20:22:00,44,3,1676.22,251.43,40,Debit Card,Delivered
5512,461,114,2025-11-10,18:38:00,44,4,848.59,0.0,49,UPI,Delivered
5513,474,82,2024-02-04,21:33:00,23,2,1221.5,0.0,40,Credit Card,Cancelled
5514,580,62,2024-10-12,22:49:00,33,6,276.8,41.52,20,Cash on Delivery,Delivered
5515,576,129,2025-02-18,18:28:00,18,4,533.09,106.62,49,Debit Card,Delivered
5516,413,1,2026-01-31,19:09:00,20,4,1791.58,0.0,20,UPI,Cancelled
5517,224,1,2025-10-15,18:32:00,43,6,1061.57,0.0,49,Net Banking,Delivered
5518,169,183,2026-03-05,13:37:00,57,3,680.56,136.11,40,Cash on Delivery,Delivered
5519,224,15,2025-06-08,14:31:00,58,1,856.91,128.54,49,Wallet,Delivered
5520,11,107,2024-05-10,14:43:00,57,6,259.62,38.94,30,Credit Card,Delivered
5521,301,160,2024-03-21,23:19:00,44,1,1192.12,0.0,49,Wallet,Delivered
5522,500,32,2024-04-24,22:48:00,64,2,612.48,61.25,30,Net Banking,Delivered
5523,246,66,2024-07-25,21:23:00,65,6,1562.01,156.2,30,UPI,Delivered
5524,145,162,2025-12-13,20:29:00,26,3,138.2,13.82,40,Credit Card,Delivered
5525,505,15,2024-03-26,15:09:00,21,3,1589.24,79.46,40,Cash on Delivery,Delivered
5526,65,174,2026-06-05,10:32:00,44,1,900.81,0.0,30,Debit Card,Returned
5527,587,206,2025-09-04,13:45:00,17,4,1480.75,148.08,49,Net Banking,Returned
5528,23,39,2024-06-25,10:15:00,21,5,1098.81,54.94,0,Debit Card,Delivered
5529,196,236,2024-11-15,20:06:00,55,1,915.79,0.0,0,Cash on Delivery,Returned
5530,263,234,2024-03-31,16:26:00,37,3,624.05,0.0,20,Credit Card,Cancelled
5531,349,94,2025-08-24,10:26:00,65,3,1373.28,0.0,30,Wallet,Delivered
5532,416,50,2024-01-25,14:24:00,27,2,981.05,147.16,30,Net Banking,Delivered
5533,341,5,2024-02-25,22:59:00,33,3,470.77,0.0,30,Wallet,Delivered
5534,66,146,2024-03-30,21:23:00,29,4,556.21,0.0,40,Wallet,Delivered
5535,438,217,2026-04-07,23:31:00,47,6,286.46,57.29,20,Debit Card,Delivered
5536,317,204,2024-12-16,12:17:00,32,5,1693.33,0.0,49,UPI,Returned
5537,324,56,2024-12-20,08:36:00,16,6,566.02,0.0,0,Net Banking,Delivered
5538,41,243,2026-06-27,20:13:00,53,2,1129.76,0.0,40,Debit Card,Delivered
5539,210,38,2026-07-28,22:05:00,18,1,622.7,93.41,49,UPI,Cancelled
5540,440,197,2026-09-03,16:48:00,30,5,565.67,28.28,0,Wallet,Delivered
5541,575,26,2025-08-12,13:41:00,16,3,201.82,20.18,0,Cash on Delivery,Cancelled
5542,245,146,2025-11-23,12:42:00,30,4,333.49,33.35,20,Credit Card,Delivered
5543,439,93,2025-05-16,11:07:00,59,5,403.64,0.0,49,Wallet,Delivered
5544,144,131,2026-02-26,14:00:00,16,4,410.96,0.0,49,UPI,Delivered
5545,217,234,2026-08-03,13:17:00,38,1,816.25,81.62,0,Cash on Delivery,Delivered
5546,410,32,2025-11-29,21:00:00,46,5,1480.36,0.0,40,Credit Card,Delivered
5547,153,61,2024-08-21,18:36:00,22,2,1349.18,0.0,20,UPI,Delivered
5548,254,91,2025-03-18,13:45:00,63,5,1561.86,234.28,20,Wallet,Delivered
5549,363,179,2026-04-28,08:49:00,32,6,1681.66,252.25,0,Net Banking,Delivered
5550,107,69,2026-03-23,22:42:00,46,1,1390.15,69.51,49,Credit Card,Delivered
5551,552,45,2024-03-20,12:18:00,33,4,1039.63,207.93,0,Cash on Delivery,Cancelled
5552,385,34,2025-09-04,23:00:00,28,5,844.66,126.7,30,Wallet,Returned
5553,450,225,2024-08-24,12:45:00,25,2,1642.44,0.0,30,Credit Card,Delivered
5554,205,116,2026-06-10,14:25:00,47,6,252.04,0.0,30,UPI,Delivered
5555,351,35,2026-08-14,23:52:00,49,3,921.05,92.11,0,Debit Card,Delivered
5556,477,73,2025-12-14,10:28:00,42,3,480.91,0.0,0,UPI,Delivered
5557,470,151,2024-11-02,09:24:00,59,3,426.61,0.0,20,Credit Card,Delivered
5558,253,162,2024-05-11,16:19:00,32,6,1023.17,0.0,30,Wallet,Delivered
5559,122,148,2026-08-31,19:20:00,15,5,1215.51,121.55,40,Cash on Delivery,Delivered
5560,271,127,2024-05-19,11:47:00,35,6,876.79,43.84,40,Credit Card,Delivered
5561,1,27,2025-12-23,21:11:00,26,1,625.27,93.79,40,Cash on Delivery,Delivered
5562,266,157,2026-06-05,17:35:00,45,2,593.34,0.0,49,Credit Card,Delivered
5563,120,90,2024-06-25,15:00:00,35,4,1043.24,156.49,0,Net Banking,Delivered
5564,521,45,2024-01-22,23:41:00,47,1,1117.87,111.79,20,Credit Card,Delivered
5565,595,212,2024-05-12,19:11:00,55,1,126.57,18.99,49,Debit Card,Cancelled
5566,201,163,2024-12-19,16:31:00,51,1,475.45,71.32,20,Cash on Delivery,Delivered
5567,134,151,2026-05-16,08:10:00,35,1,158.22,31.64,20,Credit Card,Delivered
5568,575,237,2026-03-28,12:54:00,38,4,1081.26,216.25,49,Net Banking,Delivered
5569,254,86,2026-03-18,16:59:00,28,2,844.43,0.0,20,Credit Card,Cancelled
5570,307,13,2025-07-18,08:54:00,56,4,915.66,0.0,0,Credit Card,Delivered
5571,547,27,2025-05-17,11:50:00,37,1,1625.67,162.57,30,Credit Card,Delivered
5572,391,4,2025-06-02,19:52:00,51,2,1725.09,0.0,49,Debit Card,Delivered
5573,367,22,2026-03-10,13:08:00,56,5,819.97,41.0,0,UPI,Delivered
5574,598,160,2026-01-05,22:44:00,33,5,591.51,0.0,0,Cash on Delivery,Delivered
5575,383,150,2026-07-08,09:15:00,40,3,1519.14,151.91,40,Credit Card,Delivered
5576,129,179,2024-12-18,08:48:00,21,2,651.03,65.1,40,Net Banking,Delivered
5577,534,177,2024-07-27,16:48:00,29,6,347.32,34.73,40,Net Banking,Returned
5578,437,161,2025-05-17,10:21:00,34,6,1565.45,313.09,49,Wallet,Delivered
5579,332,206,2025-05-11,10:50:00,52,3,858.05,171.61,40,UPI,Delivered
5580,479,23,2025-09-06,10:47:00,56,6,1370.88,0.0,20,Debit Card,Cancelled
5581,225,103,2026-04-14,15:57:00,37,5,369.56,55.43,40,Credit Card,Cancelled
5582,273,3,2026-09-07,18:48:00,55,1,746.39,74.64,49,Wallet,Delivered
5583,431,64,2026-04-17,11:42:00,56,3,1240.07,124.01,40,UPI,Delivered
5584,113,17,2024-12-17,17:09:00,22,1,1538.05,230.71,49,Net Banking,Delivered
5585,347,157,2024-09-19,11:39:00,24,6,1312.74,0.0,49,Debit Card,Delivered
5586,488,53,2024-08-26,20:41:00,39,4,633.19,0.0,30,Credit Card,Delivered
5587,224,202,2025-04-06,16:01:00,63,6,121.03,0.0,49,Net Banking,Delivered
5588,120,212,2024-04-20,08:57:00,41,2,1052.79,0.0,30,Debit Card,Cancelled
5589,163,99,2024-12-21,16:58:00,51,6,647.92,97.19,49,Net Banking,Returned
5590,514,31,2025-10-19,23:32:00,56,6,674.97,0.0,0,Cash on Delivery,Delivered
5591,116,89,2024-10-18,15:25:00,52,5,1637.03,0.0,20,Debit Card,Delivered
5592,263,137,2026-09-05,14:01:00,33,5,578.3,57.83,0,Net Banking,Delivered
5593,35,245,2024-01-06,21:37:00,35,4,1150.22,0.0,49,Net Banking,Returned
5594,222,49,2026-08-14,14:05:00,40,4,1109.69,221.94,20,Cash on Delivery,Delivered
5595,295,5,2026-02-19,15:45:00,18,4,702.93,0.0,49,Net Banking,Delivered
5596,28,168,2026-08-27,21:17:00,16,5,313.75,15.69,40,UPI,Delivered
5597,590,27,2025-03-28,20:23:00,21,1,1471.57,0.0,49,Credit Card,Delivered
5598,554,98,2024-12-02,14:46:00,46,3,1093.09,0.0,30,Wallet,Delivered
5599,201,153,2024-07-11,10:33:00,38,6,850.17,127.53,30,Debit Card,Delivered
5600,252,66,2026-07-29,22:32:00,21,2,1411.86,70.59,49,Net Banking,Delivered
5601,128,2,2025-04-25,20:45:00,55,6,520.34,0.0,0,Net Banking,Delivered
5602,41,161,2026-04-15,14:01:00,46,6,1424.54,0.0,40,Wallet,Delivered
5603,132,64,2026-09-14,13:20:00,36,5,1034.38,0.0,49,Wallet,Delivered
5604,170,189,2025-03-26,22:26:00,21,3,1550.16,155.02,0,Cash on Delivery,Delivered
5605,273,80,2024-05-09,16:24:00,44,4,1435.76,287.15,0,UPI,Delivered
5606,143,206,2024-12-19,22:56:00,41,3,954.88,0.0,30,Debit Card,Delivered
5607,359,140,2024-11-04,22:36:00,57,3,267.37,13.37,0,Debit Card,Delivered
5608,19,249,2026-05-15,10:53:00,57,6,564.58,84.69,49,UPI,Delivered
5609,311,239,2025-10-22,17:19:00,51,4,405.54,60.83,30,Credit Card,Delivered
5610,432,90,2024-09-09,22:52:00,64,6,484.71,48.47,0,Cash on Delivery,Delivered
5611,400,191,2025-02-15,23:22:00,59,2,1542.71,231.41,30,Credit Card,Delivered
5612,247,27,2026-05-07,18:30:00,52,5,949.64,47.48,30,Net Banking,Delivered
5613,105,34,2024-10-11,19:48:00,18,4,855.27,0.0,40,Credit Card,Delivered
5614,44,173,2026-03-27,21:47:00,47,1,1588.99,158.9,20,Credit Card,Delivered
5615,123,196,2026-03-06,21:26:00,25,2,1559.0,155.9,20,Debit Card,Cancelled
5616,430,1,2024-03-27,22:40:00,43,2,1563.39,0.0,30,Net Banking,Delivered
5617,209,33,2026-03-22,21:06:00,27,3,1221.55,0.0,20,Cash on Delivery,Delivered
5618,85,172,2026-09-21,12:13:00,27,6,1421.4,0.0,0,UPI,Cancelled
5619,333,221,2026-07-28,15:02:00,32,6,790.42,118.56,30,UPI,Delivered
5620,97,140,2026-08-04,19:14:00,29,1,1397.09,0.0,40,Debit Card,Returned
5621,520,57,2024-11-27,21:11:00,62,5,1601.42,0.0,20,Wallet,Delivered
5622,522,67,2025-07-09,15:15:00,39,3,1065.36,0.0,30,Credit Card,Returned
5623,425,65,2025-01-07,22:48:00,19,4,765.12,114.77,49,Credit Card,Returned
5624,49,54,2024-05-15,13:06:00,42,5,1317.7,131.77,0,Cash on Delivery,Delivered
5625,98,132,2024-06-08,10:53:00,59,3,684.85,0.0,0,Credit Card,Delivered
5626,103,46,2024-04-16,14:56:00,59,2,607.82,121.56,0,Cash on Delivery,Delivered
5627,75,152,2026-07-12,17:17:00,59,6,694.33,0.0,40,Cash on Delivery,Returned
5628,398,238,2025-08-18,20:09:00,37,2,810.44,162.09,0,UPI,Delivered
5629,126,192,2024-05-19,09:14:00,34,3,1279.14,63.96,30,UPI,Returned
5630,456,88,2025-01-24,19:55:00,54,6,1706.52,0.0,0,UPI,Cancelled
5631,190,75,2024-07-01,12:14:00,43,1,796.06,39.8,30,Credit Card,Cancelled
5632,198,189,2026-03-29,19:58:00,20,5,1165.91,58.3,20,UPI,Delivered
5633,71,82,2024-05-16,13:28:00,63,1,1528.57,152.86,49,Credit Card,Returned
5634,57,108,2026-04-11,23:27:00,55,3,331.15,49.67,0,Wallet,Delivered
5635,511,236,2026-02-16,15:04:00,17,1,187.4,37.48,0,UPI,Returned
5636,269,101,2024-02-06,09:52:00,36,2,1209.14,0.0,30,Net Banking,Delivered
5637,397,231,2025-03-03,20:45:00,37,1,155.06,15.51,49,Debit Card,Cancelled
5638,484,176,2025-10-10,13:08:00,44,6,1428.48,0.0,49,Credit Card,Returned
5639,9,43,2024-12-14,14:11:00,34,3,1008.39,100.84,0,Cash on Delivery,Delivered
5640,447,92,2025-04-18,23:50:00,40,3,643.94,64.39,30,Net Banking,Cancelled
5641,568,146,2024-04-12,16:27:00,30,1,399.2,59.88,30,Debit Card,Returned
5642,243,67,2025-04-09,16:37:00,60,6,1750.52,350.1,0,UPI,Delivered
5643,35,187,2025-06-05,16:43:00,44,5,1263.58,0.0,49,Credit Card,Cancelled
5644,168,55,2025-10-20,16:43:00,32,6,1082.6,0.0,30,Cash on Delivery,Returned
5645,310,138,2024-11-07,19:50:00,57,4,1427.55,285.51,30,Debit Card,Delivered
5646,83,180,2024-09-25,13:07:00,55,3,898.63,89.86,49,UPI,Delivered
5647,136,98,2026-01-05,09:30:00,19,2,461.01,46.1,0,Debit Card,Cancelled
5648,548,34,2025-03-27,20:50:00,33,6,786.22,157.24,20,Credit Card,Returned
5649,361,83,2024-09-27,19:47:00,55,2,1625.82,243.87,49,UPI,Cancelled
5650,453,45,2026-05-08,08:52:00,41,4,861.55,172.31,20,UPI,Delivered
5651,472,144,2024-01-28,15:54:00,54,5,1337.72,0.0,40,Net Banking,Delivered
5652,165,14,2026-01-01,23:21:00,28,5,314.46,31.45,0,Wallet,Returned
5653,597,244,2024-07-13,13:33:00,58,5,1502.87,150.29,20,Wallet,Delivered
5654,14,114,2024-08-29,17:34:00,55,3,690.74,0.0,0,Cash on Delivery,Delivered
5655,122,89,2024-04-06,10:16:00,41,2,893.82,89.38,30,Cash on Delivery,Returned
5656,417,42,2024-03-14,23:59:00,60,4,1675.63,251.34,40,Wallet,Cancelled
5657,318,59,2026-04-17,11:57:00,34,3,1584.53,79.23,30,UPI,Returned
5658,275,152,2025-09-08,22:21:00,28,6,178.76,0.0,30,Cash on Delivery,Returned
5659,218,63,2025-07-11,16:20:00,35,3,680.52,0.0,0,Credit Card,Returned
5660,146,36,2024-03-16,17:35:00,21,2,252.56,0.0,30,Net Banking,Cancelled
5661,58,142,2025-08-10,15:01:00,51,6,375.37,0.0,20,Wallet,Delivered
5662,169,184,2026-09-04,17:56:00,19,4,836.9,167.38,49,Cash on Delivery,Delivered
5663,414,223,2025-06-27,14:44:00,50,2,1048.53,52.43,40,Cash on Delivery,Delivered
5664,62,176,2026-08-10,08:42:00,15,5,1707.68,256.15,40,Cash on Delivery,Cancelled
5665,336,177,2026-05-22,17:37:00,57,4,431.28,64.69,49,Debit Card,Delivered
5666,19,188,2024-04-28,12:05:00,28,3,678.46,0.0,0,UPI,Cancelled
5667,347,57,2024-09-15,14:27:00,61,3,773.25,77.33,20,Cash on Delivery,Delivered
5668,437,122,2025-10-11,18:58:00,42,3,607.99,0.0,0,Debit Card,Delivered
5669,180,47,2024-05-02,10:39:00,61,3,1648.35,0.0,40,Credit Card,Delivered
5670,356,96,2024-11-23,15:10:00,21,4,1481.59,222.24,49,Debit Card,Delivered
5671,325,1,2024-06-06,20:52:00,53,3,1461.41,0.0,30,Net Banking,Cancelled
5672,402,14,2025-04-18,13:09:00,50,5,593.64,59.36,49,Credit Card,Delivered
5673,154,204,2026-01-16,21:56:00,39,5,1091.87,0.0,0,UPI,Delivered
5674,349,241,2026-02-26,13:33:00,37,3,1724.49,258.67,20,UPI,Delivered
5675,179,170,2024-08-04,21:06:00,31,1,846.04,169.21,20,Wallet,Delivered
5676,19,118,2025-10-15,13:31:00,31,6,354.03,0.0,0,Wallet,Returned
5677,358,14,2024-07-06,17:51:00,65,1,1609.38,80.47,49,Net Banking,Cancelled
5678,454,122,2026-01-21,10:03:00,31,5,740.67,0.0,30,Net Banking,Delivered
5679,368,222,2024-09-28,13:56:00,33,5,1391.96,139.2,30,Wallet,Delivered
5680,316,27,2026-02-25,17:31:00,21,3,130.66,13.07,49,Cash on Delivery,Delivered
5681,591,195,2024-12-23,10:20:00,59,4,1144.59,228.92,20,Credit Card,Delivered
5682,118,240,2025-10-23,14:29:00,55,5,176.9,0.0,40,Net Banking,Delivered
5683,289,173,2024-01-15,17:44:00,45,4,1278.57,0.0,0,Net Banking,Returned
5684,596,80,2025-04-27,11:19:00,21,3,1219.51,243.9,49,Credit Card,Delivered
5685,310,36,2025-04-23,20:31:00,44,3,292.14,0.0,20,Cash on Delivery,Delivered
5686,418,189,2025-01-19,22:35:00,36,4,466.04,23.3,0,Cash on Delivery,Delivered
5687,243,102,2024-03-10,11:06:00,40,5,740.01,148.0,30,Credit Card,Delivered
5688,73,232,2025-05-21,11:27:00,48,4,625.35,62.54,20,Debit Card,Delivered
5689,254,70,2026-01-19,14:11:00,35,1,136.91,27.38,0,UPI,Cancelled
5690,571,134,2024-07-26,11:50:00,32,5,1240.47,0.0,30,UPI,Delivered
5691,87,23,2026-01-29,12:02:00,20,6,881.64,0.0,40,Debit Card,Returned
5692,574,24,2024-11-16,23:36:00,42,1,1789.99,358.0,30,Credit Card,Cancelled
5693,513,15,2024-07-09,10:11:00,31,3,1470.16,147.02,20,Debit Card,Delivered
5694,9,131,2026-09-18,08:47:00,46,1,1102.24,55.11,49,Wallet,Delivered
5695,460,69,2026-01-19,14:26:00,59,3,394.82,0.0,20,Wallet,Delivered
5696,473,16,2026-08-28,13:24:00,54,1,1177.21,235.44,30,Cash on Delivery,Delivered
5697,447,156,2025-10-02,12:58:00,15,4,1422.17,0.0,49,Cash on Delivery,Cancelled
5698,135,201,2026-02-10,15:44:00,22,6,1685.83,252.87,40,UPI,Delivered
5699,421,242,2025-12-09,15:13:00,34,6,584.76,0.0,49,Cash on Delivery,Delivered
5700,48,141,2024-06-25,08:44:00,27,5,1328.42,0.0,40,Wallet,Delivered
5701,514,12,2026-09-06,12:35:00,34,3,123.24,0.0,40,Net Banking,Cancelled
5702,430,178,2024-05-15,20:35:00,60,3,1158.15,0.0,0,Wallet,Returned
5703,301,207,2025-04-13,09:16:00,33,4,668.13,0.0,20,Cash on Delivery,Returned
5704,171,103,2026-07-04,08:53:00,63,4,155.39,15.54,20,Credit Card,Returned
5705,530,38,2024-01-12,08:00:00,58,6,409.45,20.47,49,UPI,Delivered
5706,494,188,2026-03-22,12:40:00,32,4,647.62,0.0,20,UPI,Delivered
5707,151,39,2024-07-04,13:07:00,23,5,1039.97,52.0,49,UPI,Cancelled
5708,328,210,2025-07-03,14:49:00,26,6,1625.66,0.0,20,Cash on Delivery,Cancelled
5709,231,79,2024-09-22,12:17:00,19,4,1547.43,154.74,20,Net Banking,Delivered
5710,84,66,2026-02-14,16:34:00,57,2,1784.53,0.0,20,Wallet,Cancelled
5711,130,46,2025-05-29,17:27:00,63,4,320.7,32.07,49,Cash on Delivery,Delivered
5712,47,131,2025-12-25,11:49:00,47,4,450.64,0.0,20,Wallet,Cancelled
5713,457,240,2026-02-09,18:45:00,58,2,255.55,0.0,30,Wallet,Delivered
5714,310,66,2025-04-02,12:09:00,45,1,1320.22,264.04,30,Net Banking,Delivered
5715,505,206,2024-09-26,16:10:00,26,6,696.64,104.5,40,Credit Card,Delivered
5716,224,126,2024-09-16,19:41:00,18,5,476.2,23.81,30,Credit Card,Cancelled
5717,52,193,2026-07-15,09:25:00,57,1,1515.63,303.13,49,Credit Card,Delivered
5718,466,125,2024-09-06,21:47:00,57,4,931.42,0.0,49,Debit Card,Delivered
5719,532,114,2026-07-15,23:05:00,61,6,1651.67,0.0,40,Credit Card,Cancelled
5720,239,86,2024-08-15,14:31:00,64,5,1743.71,0.0,20,Net Banking,Returned
5721,299,201,2025-11-22,09:20:00,42,5,1348.76,202.31,40,Cash on Delivery,Delivered
5722,173,119,2026-08-19,11:09:00,62,6,1634.49,81.72,49,Wallet,Delivered
5723,159,72,2025-07-07,09:56:00,51,5,713.33,0.0,30,Wallet,Cancelled
5724,466,84,2025-03-12,11:55:00,43,6,532.35,26.62,20,UPI,Delivered
5725,488,218,2026-01-14,08:04:00,22,4,659.58,0.0,30,Wallet,Delivered
5726,466,118,2026-06-12,17:30:00,30,3,307.96,15.4,40,Wallet,Delivered
5727,305,67,2025-12-09,09:50:00,60,4,1714.65,257.2,40,Cash on Delivery,Returned
5728,504,133,2026-07-06,09:15:00,16,2,1761.49,352.3,49,Credit Card,Cancelled
5729,2,236,2024-01-10,14:14:00,34,1,1629.15,81.46,0,Debit Card,Returned
5730,321,203,2025-12-02,08:51:00,27,5,1170.65,0.0,20,Net Banking,Delivered
5731,195,193,2025-01-13,16:13:00,21,2,860.92,0.0,0,Credit Card,Returned
5732,585,95,2026-03-26,08:50:00,64,3,1045.4,104.54,49,UPI,Delivered
5733,555,128,2025-12-19,19:36:00,51,4,503.5,75.52,20,Wallet,Delivered
5734,137,224,2026-05-03,23:33:00,17,5,1111.93,111.19,20,Wallet,Returned
5735,589,217,2025-07-06,20:13:00,51,1,1176.84,58.84,20,UPI,Delivered
5736,440,213,2025-04-16,21:58:00,27,1,1410.88,141.09,0,Cash on Delivery,Delivered
5737,70,234,2025-08-08,16:34:00,40,4,185.63,27.84,40,Wallet,Delivered
5738,551,192,2025-02-20,16:17:00,32,5,227.95,22.8,30,UPI,Delivered
5739,109,88,2024-09-26,13:28:00,64,2,662.52,33.13,20,UPI,Returned
5740,105,130,2026-02-03,09:33:00,46,2,686.94,0.0,20,Credit Card,Delivered
5741,135,42,2025-10-18,23:59:00,26,4,1281.38,256.28,30,Credit Card,Delivered
5742,353,216,2026-09-02,13:31:00,64,6,1751.53,262.73,20,Credit Card,Delivered
5743,124,180,2024-09-29,15:18:00,19,6,768.65,153.73,20,Net Banking,Cancelled
5744,428,119,2025-03-25,19:50:00,52,4,341.51,17.08,40,UPI,Returned
5745,586,131,2025-12-18,16:26:00,16,3,437.0,0.0,40,Wallet,Delivered
5746,451,74,2026-07-07,09:39:00,39,5,510.21,76.53,49,Cash on Delivery,Returned
5747,517,126,2024-04-06,21:44:00,33,4,1444.91,144.49,20,Net Banking,Delivered
5748,510,123,2026-02-08,14:24:00,64,1,667.07,133.41,49,UPI,Delivered
5749,66,22,2026-03-11,08:01:00,17,4,1547.4,77.37,49,Credit Card,Delivered
5750,531,213,2024-06-09,21:13:00,45,6,540.24,54.02,49,Cash on Delivery,Returned
5751,49,54,2026-07-22,13:11:00,35,1,1351.66,0.0,49,Credit Card,Cancelled
5752,154,42,2025-05-01,16:41:00,33,3,565.35,84.8,30,Wallet,Delivered
5753,290,234,2025-05-08,13:28:00,48,4,1311.13,262.23,20,Debit Card,Delivered
5754,449,210,2025-11-24,22:59:00,19,4,643.84,32.19,40,Net Banking,Delivered
5755,461,146,2026-02-28,16:08:00,15,6,1416.69,0.0,20,Cash on Delivery,Delivered
5756,545,223,2024-06-18,14:28:00,39,1,1501.28,0.0,30,Wallet,Delivered
5757,210,234,2024-01-31,23:33:00,64,4,1067.05,106.7,0,Credit Card,Delivered
5758,79,46,2026-08-27,10:10:00,40,2,650.99,97.65,49,UPI,Delivered
5759,445,123,2024-03-17,09:11:00,39,2,406.39,0.0,0,Net Banking,Cancelled
5760,197,82,2025-03-05,12:51:00,64,5,1573.59,0.0,20,Cash on Delivery,Returned
5761,188,205,2025-07-08,13:56:00,47,3,167.14,0.0,20,Debit Card,Returned
5762,136,15,2024-02-14,16:15:00,26,1,1065.02,0.0,49,Credit Card,Delivered
5763,121,40,2024-10-25,23:58:00,54,4,1226.31,61.32,40,Net Banking,Cancelled
5764,27,50,2026-09-21,11:31:00,25,5,1372.84,0.0,49,Net Banking,Cancelled
5765,487,90,2024-03-23,14:31:00,41,6,1018.86,203.77,30,Net Banking,Delivered
5766,311,189,2025-10-30,11:45:00,53,6,759.74,75.97,49,UPI,Delivered
5767,298,209,2024-11-30,10:39:00,24,1,974.7,0.0,49,Wallet,Delivered
5768,359,64,2026-03-19,18:05:00,51,3,185.87,9.29,49,Debit Card,Returned
5769,356,163,2026-04-05,14:44:00,31,1,1692.09,0.0,0,Cash on Delivery,Delivered
5770,179,141,2025-04-08,23:10:00,23,3,913.96,137.09,30,UPI,Cancelled
5771,179,87,2025-09-23,15:57:00,60,1,1232.31,246.46,20,Cash on Delivery,Cancelled
5772,382,69,2026-06-20,17:43:00,64,5,1479.36,0.0,0,Credit Card,Returned
5773,14,116,2025-08-13,18:34:00,23,3,542.29,27.11,40,Cash on Delivery,Cancelled
5774,244,159,2025-01-19,22:42:00,46,5,441.32,0.0,40,Debit Card,Delivered
5775,417,52,2025-07-10,08:25:00,42,2,799.29,39.96,49,Debit Card,Delivered
5776,593,215,2026-05-27,09:29:00,28,4,1330.03,0.0,49,Wallet,Delivered
5777,512,100,2024-10-07,08:13:00,40,1,599.99,90.0,30,Debit Card,Delivered
5778,26,174,2026-01-05,13:38:00,20,5,728.27,0.0,0,Wallet,Delivered
5779,536,72,2025-07-27,17:04:00,55,3,1078.66,215.73,20,Net Banking,Cancelled
5780,336,183,2025-02-15,09:45:00,23,2,1526.84,0.0,30,UPI,Delivered
5781,500,198,2024-11-03,20:12:00,41,5,527.66,52.77,0,Debit Card,Delivered
5782,260,101,2026-09-13,09:30:00,15,6,1708.68,341.74,30,Credit Card,Delivered
5783,108,125,2025-01-18,14:05:00,43,2,829.11,165.82,0,UPI,Delivered
5784,270,84,2025-02-10,14:59:00,56,1,1389.24,0.0,40,Wallet,Delivered
5785,407,27,2026-02-23,13:26:00,36,1,1006.31,150.95,49,Net Banking,Delivered
5786,369,86,2025-06-01,18:12:00,45,5,1129.8,56.49,49,Net Banking,Delivered
5787,437,183,2025-03-05,09:39:00,40,3,251.12,25.11,49,Net Banking,Delivered
5788,457,74,2025-10-21,17:45:00,45,2,1449.26,0.0,40,Wallet,Delivered
5789,522,196,2024-11-26,17:20:00,44,3,1624.24,243.64,40,UPI,Delivered
5790,41,134,2026-02-27,18:47:00,36,5,1332.34,199.85,20,Debit Card,Delivered
5791,383,221,2025-02-28,17:48:00,61,2,1680.44,336.09,40,Wallet,Delivered
5792,316,22,2026-09-09,10:46:00,35,4,731.31,36.57,40,UPI,Delivered
5793,353,210,2026-08-24,20:10:00,39,4,1611.41,161.14,49,Net Banking,Delivered
5794,553,15,2026-04-21,19:08:00,43,5,371.12,0.0,49,Debit Card,Delivered
5795,408,61,2026-04-16,11:27:00,61,3,1686.25,84.31,0,Cash on Delivery,Returned
5796,412,163,2024-11-12,14:55:00,25,2,934.55,0.0,49,Credit Card,Delivered
5797,534,52,2026-01-13,15:14:00,56,1,562.55,0.0,20,Debit Card,Delivered
5798,524,84,2026-08-11,13:32:00,55,2,1372.18,274.44,40,Cash on Delivery,Delivered
5799,330,54,2024-09-21,23:39:00,43,6,1411.7,0.0,49,UPI,Delivered
5800,156,217,2025-07-03,10:00:00,17,1,464.78,0.0,40,Cash on Delivery,Delivered
5801,93,120,2025-07-28,08:32:00,60,5,1505.99,301.2,30,Debit Card,Returned
5802,595,229,2024-03-12,20:09:00,46,6,936.92,46.85,30,UPI,Cancelled
5803,303,240,2026-02-21,13:22:00,18,1,378.94,75.79,49,UPI,Delivered
5804,207,95,2024-07-26,22:20:00,52,2,1760.03,0.0,49,Cash on Delivery,Delivered
5805,404,233,2024-04-29,20:10:00,33,2,1138.14,227.63,20,Credit Card,Delivered
5806,26,29,2026-04-19,09:48:00,63,4,1602.95,0.0,0,Cash on Delivery,Delivered
5807,301,79,2025-02-09,08:34:00,29,3,1784.21,89.21,30,Net Banking,Delivered
5808,500,191,2024-11-27,08:29:00,50,2,279.87,0.0,20,Credit Card,Delivered
5809,327,219,2025-11-29,15:17:00,53,4,753.89,0.0,40,Debit Card,Delivered
5810,31,215,2026-02-10,15:28:00,37,1,620.92,31.05,30,Net Banking,Returned
5811,419,178,2025-01-28,13:58:00,27,5,1326.46,198.97,20,Wallet,Cancelled
5812,456,136,2025-02-06,09:10:00,48,3,1288.92,257.78,40,Credit Card,Delivered
5813,376,236,2024-12-30,08:04:00,24,1,1224.96,183.74,49,UPI,Delivered
5814,357,34,2024-11-25,14:56:00,36,5,733.75,0.0,0,Net Banking,Delivered
5815,374,70,2025-08-05,23:03:00,36,5,1564.55,0.0,30,Wallet,Returned
5816,582,26,2024-09-23,18:09:00,64,1,127.6,0.0,20,Net Banking,Delivered
5817,488,1,2025-10-08,22:04:00,30,6,1187.08,0.0,30,Credit Card,Delivered
5818,145,245,2026-07-28,11:51:00,15,1,600.99,60.1,40,Net Banking,Delivered
5819,363,37,2024-03-23,09:57:00,18,5,597.82,29.89,30,Debit Card,Cancelled
5820,356,174,2026-08-22,18:45:00,42,6,988.92,197.78,20,Credit Card,Cancelled
5821,57,244,2026-02-03,18:51:00,32,3,1474.75,73.74,0,UPI,Delivered
5822,392,128,2024-08-07,12:39:00,28,6,1577.38,236.61,40,Net Banking,Delivered
5823,477,3,2026-05-03,20:16:00,58,5,1205.49,0.0,20,Debit Card,Delivered
5824,193,243,2025-07-29,18:05:00,44,3,1187.94,0.0,30,Cash on Delivery,Delivered
5825,24,11,2024-11-09,14:44:00,15,6,1714.58,85.73,20,Cash on Delivery,Cancelled
5826,175,93,2024-12-17,14:34:00,25,4,1535.55,0.0,20,Net Banking,Cancelled
5827,160,179,2026-04-18,20:48:00,25,2,686.67,34.33,20,Debit Card,Delivered
5828,216,117,2024-08-29,12:57:00,29,1,239.8,11.99,30,Cash on Delivery,Delivered
5829,373,238,2026-03-08,08:15:00,48,1,1453.84,0.0,30,UPI,Delivered
5830,323,178,2024-06-18,09:13:00,52,4,296.6,0.0,0,Wallet,Delivered
5831,283,194,2024-10-03,14:13:00,17,3,1402.69,140.27,49,UPI,Delivered
5832,248,210,2024-09-17,09:42:00,52,4,1290.75,0.0,49,Cash on Delivery,Delivered
5833,516,75,2025-11-13,20:23:00,35,5,1246.71,0.0,20,Debit Card,Cancelled
5834,476,113,2025-02-03,19:29:00,36,3,1284.45,256.89,30,Debit Card,Cancelled
5835,596,45,2025-05-21,23:21:00,16,1,1133.04,0.0,30,Credit Card,Returned
5836,418,212,2025-03-27,17:39:00,32,2,1561.62,312.32,20,UPI,Delivered
5837,395,15,2025-09-19,19:11:00,27,5,1450.61,0.0,49,Net Banking,Delivered
5838,78,177,2024-10-21,13:47:00,16,6,1658.16,0.0,30,Cash on Delivery,Delivered
5839,461,160,2024-08-13,11:11:00,31,1,607.02,0.0,49,Cash on Delivery,Returned
5840,219,97,2024-05-30,15:04:00,46,3,1194.04,0.0,20,Wallet,Delivered
5841,205,162,2024-10-31,23:29:00,56,4,485.73,97.15,40,Debit Card,Delivered
5842,365,131,2024-05-26,22:56:00,42,3,624.04,124.81,40,Net Banking,Delivered
5843,70,89,2025-11-23,23:14:00,55,1,1195.62,179.34,40,Net Banking,Delivered
5844,541,239,2024-04-15,16:42:00,64,6,1285.64,192.85,30,Wallet,Cancelled
5845,581,135,2026-05-24,14:26:00,49,4,808.47,80.85,0,Cash on Delivery,Delivered
5846,25,82,2025-02-09,10:06:00,60,3,1712.09,0.0,30,UPI,Delivered
5847,506,239,2024-11-02,11:35:00,48,4,1455.99,145.6,40,UPI,Delivered
5848,382,143,2025-06-24,08:04:00,46,1,1353.1,67.66,20,Net Banking,Delivered
5849,9,211,2024-03-22,13:56:00,41,5,479.19,0.0,30,Cash on Delivery,Cancelled
5850,268,48,2024-03-02,20:03:00,38,6,1592.3,0.0,0,Cash on Delivery,Delivered
5851,494,107,2025-09-16,08:21:00,32,2,680.61,0.0,40,Net Banking,Cancelled
5852,69,155,2026-04-19,17:45:00,43,1,1097.71,0.0,20,Wallet,Cancelled
5853,178,128,2025-12-24,11:02:00,59,4,1433.22,0.0,30,Cash on Delivery,Delivered
5854,144,31,2026-08-18,13:15:00,17,2,1565.81,156.58,49,Net Banking,Returned
5855,63,84,2025-02-23,16:51:00,28,1,864.0,172.8,0,Wallet,Delivered
5856,287,216,2025-02-08,14:49:00,19,1,1002.03,50.1,40,UPI,Returned
5857,69,145,2025-07-04,23:34:00,28,3,153.59,0.0,30,Debit Card,Delivered
5858,195,28,2025-07-14,11:14:00,21,2,723.14,36.16,0,Net Banking,Delivered
5859,512,50,2024-09-19,11:15:00,37,6,1542.18,0.0,30,Debit Card,Returned
5860,7,116,2026-07-08,21:16:00,63,4,304.08,30.41,40,Wallet,Cancelled
5861,277,50,2025-02-22,11:12:00,20,3,1594.51,0.0,49,Debit Card,Delivered
5862,9,200,2025-04-24,12:49:00,16,4,1404.36,280.87,30,Wallet,Delivered
5863,531,71,2024-12-03,17:03:00,26,2,391.51,58.73,40,Cash on Delivery,Returned
5864,6,34,2024-04-08,09:27:00,63,4,1588.7,0.0,30,Credit Card,Delivered
5865,197,193,2026-01-14,17:16:00,32,3,1613.24,0.0,49,UPI,Delivered
5866,451,126,2024-10-31,12:04:00,61,1,1549.23,154.92,20,UPI,Delivered
5867,214,186,2024-10-10,17:12:00,61,4,292.77,43.92,49,Debit Card,Cancelled
5868,340,114,2026-06-15,19:17:00,26,2,893.13,0.0,30,Credit Card,Returned
5869,265,145,2026-05-23,22:08:00,34,5,824.59,82.46,49,Wallet,Returned
5870,199,43,2024-06-14,18:54:00,64,2,685.57,0.0,20,Cash on Delivery,Delivered
5871,268,167,2025-02-09,08:12:00,29,5,548.06,109.61,0,Credit Card,Delivered
5872,10,87,2025-06-24,23:56:00,58,6,945.0,0.0,20,Credit Card,Cancelled
5873,85,218,2025-11-30,13:46:00,17,1,1353.01,0.0,20,Credit Card,Returned
5874,288,35,2026-09-15,09:12:00,29,6,1510.26,75.51,20,Net Banking,Delivered
5875,382,236,2026-02-25,14:22:00,17,1,330.46,0.0,40,Credit Card,Delivered
5876,204,104,2025-01-21,21:36:00,32,6,1389.19,69.46,30,Net Banking,Delivered
5877,312,158,2024-03-13,23:34:00,59,3,1551.38,0.0,20,Wallet,Returned
5878,318,76,2026-03-31,18:46:00,35,2,1289.72,128.97,40,Cash on Delivery,Delivered
5879,195,126,2026-05-23,18:37:00,34,2,1029.93,0.0,49,Wallet,Delivered
5880,538,169,2025-02-07,11:25:00,41,4,505.69,101.14,30,Credit Card,Delivered
5881,36,155,2024-03-24,11:21:00,31,6,308.85,30.89,20,Debit Card,Delivered
5882,476,117,2024-01-06,19:43:00,31,6,1084.1,0.0,30,UPI,Delivered
5883,381,165,2024-10-03,23:25:00,37,1,1761.74,88.09,40,Wallet,Returned
5884,281,250,2025-09-03,08:29:00,37,2,705.36,0.0,49,Credit Card,Delivered
5885,375,106,2024-06-17,14:14:00,34,6,1129.0,56.45,30,UPI,Delivered
5886,545,40,2024-06-07,14:54:00,18,5,1501.71,0.0,40,Cash on Delivery,Delivered
5887,351,146,2025-03-13,22:26:00,62,3,1245.6,62.28,0,Credit Card,Delivered
5888,579,235,2025-07-15,14:14:00,64,3,553.85,0.0,40,Cash on Delivery,Delivered
5889,394,149,2026-01-19,14:32:00,52,2,744.33,0.0,49,UPI,Delivered
5890,230,237,2025-04-29,14:48:00,36,6,1215.53,0.0,49,UPI,Delivered
5891,231,22,2026-02-17,10:44:00,40,6,1227.63,61.38,40,Wallet,Delivered
5892,270,200,2026-04-19,22:33:00,42,5,1660.29,0.0,20,UPI,Delivered
5893,65,137,2024-03-29,11:25:00,54,3,541.71,0.0,49,Credit Card,Delivered
5894,511,242,2026-09-01,10:32:00,60,4,1273.36,191.0,0,Debit Card,Cancelled
5895,586,143,2025-11-20,22:17:00,16,3,1382.57,0.0,49,UPI,Delivered
5896,600,150,2024-11-02,18:42:00,65,1,1542.15,77.11,30,Credit Card,Delivered
5897,82,80,2024-05-14,12:57:00,43,3,167.8,0.0,0,Credit Card,Cancelled
5898,537,175,2024-12-02,14:41:00,44,1,1060.11,0.0,20,Debit Card,Delivered
5899,283,58,2026-07-19,10:35:00,51,1,182.22,0.0,49,Credit Card,Delivered
5900,412,10,2026-05-04,11:56:00,24,5,1172.84,0.0,49,Net Banking,Returned
5901,469,231,2024-07-01,20:49:00,29,1,1215.93,0.0,49,UPI,Delivered
5902,567,112,2025-03-23,22:53:00,18,3,1679.76,335.95,20,Wallet,Delivered
5903,368,212,2025-12-04,22:38:00,16,2,661.29,99.19,0,Cash on Delivery,Delivered
5904,154,191,2025-10-30,13:14:00,38,5,1545.53,0.0,49,Net Banking,Delivered
5905,408,243,2025-09-29,10:34:00,60,4,594.73,118.95,49,Wallet,Delivered
5906,78,45,2024-03-23,12:15:00,33,5,757.69,0.0,49,Wallet,Cancelled
5907,512,11,2025-12-23,20:09:00,44,2,499.35,0.0,40,Debit Card,Returned
5908,215,98,2024-04-01,11:15:00,48,5,916.7,137.5,30,Cash on Delivery,Delivered
5909,443,42,2026-05-07,16:31:00,61,3,1659.33,165.93,40,UPI,Returned
5910,54,146,2025-03-16,16:26:00,22,3,750.58,75.06,30,Net Banking,Cancelled
5911,525,223,2026-07-02,19:25:00,61,1,325.6,65.12,40,Net Banking,Delivered
5912,568,236,2026-02-18,21:29:00,65,4,1004.88,0.0,20,Wallet,Cancelled
5913,315,159,2025-04-06,18:51:00,28,5,471.48,0.0,40,UPI,Delivered
5914,585,145,2024-08-01,12:24:00,61,1,536.47,53.65,40,UPI,Returned
5915,381,185,2025-03-24,17:08:00,62,2,1573.23,157.32,20,Cash on Delivery,Returned
5916,538,3,2025-11-21,14:28:00,20,4,242.27,12.11,30,Net Banking,Delivered
5917,22,117,2024-10-18,20:50:00,22,6,366.27,0.0,40,Debit Card,Delivered
5918,335,97,2024-11-21,21:24:00,29,6,767.6,153.52,20,Cash on Delivery,Cancelled
5919,566,171,2026-02-12,11:13:00,54,2,1457.75,291.55,20,Credit Card,Cancelled
5920,60,232,2024-10-17,13:06:00,18,2,946.7,142.0,49,Net Banking,Cancelled
5921,32,78,2025-10-20,22:36:00,60,6,481.05,72.16,0,UPI,Cancelled
5922,238,52,2024-12-09,22:53:00,59,5,1483.91,222.59,20,Wallet,Delivered
5923,483,182,2026-01-24,19:38:00,15,1,420.26,0.0,49,Wallet,Delivered
5924,133,159,2024-06-07,08:04:00,29,2,865.82,129.87,30,Debit Card,Delivered
5925,274,183,2024-01-08,18:03:00,61,4,1305.92,130.59,0,UPI,Cancelled
5926,160,138,2024-05-17,14:55:00,41,5,829.86,0.0,49,Credit Card,Delivered
5927,152,198,2025-03-19,15:05:00,30,5,143.33,0.0,20,Credit Card,Delivered
5928,203,213,2024-08-28,21:47:00,44,6,1408.36,0.0,40,UPI,Delivered
5929,64,73,2025-05-25,21:04:00,53,3,1607.17,80.36,0,Wallet,Returned
5930,328,138,2024-04-20,11:41:00,19,1,788.63,78.86,49,Debit Card,Returned
5931,155,205,2026-08-30,13:10:00,30,1,1367.36,68.37,49,Net Banking,Returned
5932,352,183,2025-11-23,14:41:00,56,2,190.4,38.08,0,Wallet,Delivered
5933,531,177,2024-03-17,08:30:00,25,2,368.5,73.7,20,Wallet,Returned
5934,510,77,2026-01-28,22:33:00,30,1,272.29,54.46,30,Debit Card,Delivered
5935,7,131,2026-08-27,14:19:00,63,3,540.62,0.0,20,Cash on Delivery,Delivered
5936,142,69,2025-09-04,17:05:00,46,5,677.0,0.0,40,Wallet,Delivered
5937,45,40,2024-08-08,12:32:00,57,6,438.88,0.0,49,UPI,Delivered
5938,450,234,2024-03-11,10:00:00,33,6,523.24,52.32,40,Net Banking,Returned
5939,180,238,2026-09-05,15:19:00,20,1,1244.77,248.95,20,Debit Card,Cancelled
5940,357,12,2024-11-25,20:13:00,21,1,1660.53,332.11,20,Cash on Delivery,Delivered
5941,301,73,2026-07-06,10:35:00,44,4,1443.11,288.62,49,Net Banking,Delivered
5942,90,177,2025-04-25,21:40:00,49,4,1299.22,129.92,40,Credit Card,Returned
5943,21,78,2024-06-23,23:23:00,65,6,1037.39,0.0,0,UPI,Returned
5944,317,17,2024-02-18,08:33:00,61,2,698.06,69.81,20,Credit Card,Delivered
5945,397,89,2024-04-09,11:30:00,41,5,390.57,78.11,30,UPI,Delivered
5946,156,229,2026-03-24,08:02:00,34,5,1647.83,0.0,30,Debit Card,Delivered
5947,578,7,2025-01-17,09:32:00,34,6,1201.19,180.18,30,Wallet,Delivered
5948,487,192,2026-07-27,08:58:00,31,2,1476.26,295.25,30,Cash on Delivery,Cancelled
5949,23,228,2025-06-20,22:35:00,49,4,676.86,0.0,40,Credit Card,Cancelled
5950,170,224,2026-02-05,16:18:00,22,2,507.62,0.0,30,Net Banking,Returned
5951,56,221,2024-06-28,10:03:00,28,4,1376.98,0.0,0,Credit Card,Cancelled
5952,220,82,2025-07-09,12:12:00,36,1,853.56,42.68,30,Wallet,Delivered
5953,379,122,2026-07-07,09:57:00,47,5,458.82,45.88,40,UPI,Delivered
5954,99,98,2024-04-12,17:14:00,36,3,489.32,73.4,30,Net Banking,Delivered
5955,516,147,2024-06-03,17:52:00,37,6,649.83,97.47,30,Wallet,Delivered
5956,303,186,2024-08-26,14:14:00,18,3,1491.97,0.0,0,Wallet,Returned
5957,348,141,2026-03-07,10:32:00,22,3,1233.24,0.0,20,Debit Card,Delivered
5958,441,33,2025-09-08,12:23:00,49,6,176.12,26.42,49,Net Banking,Delivered
5959,65,248,2025-08-06,16:49:00,30,4,1690.43,0.0,20,UPI,Cancelled
5960,210,179,2025-06-27,20:47:00,37,3,797.0,79.7,30,Wallet,Delivered
5961,161,229,2024-05-20,08:40:00,49,1,748.68,74.87,30,Cash on Delivery,Returned
5962,591,225,2025-12-13,12:28:00,53,3,229.73,45.95,20,Wallet,Delivered
5963,406,84,2024-03-18,14:43:00,38,5,287.01,14.35,0,Wallet,Cancelled
5964,46,30,2026-01-17,16:02:00,61,4,1110.54,111.05,20,Debit Card,Delivered
5965,6,116,2026-04-21,22:50:00,19,6,1215.4,182.31,0,UPI,Returned
5966,32,144,2026-01-12,15:49:00,22,4,1472.64,0.0,49,Wallet,Delivered
5967,441,52,2024-06-28,11:23:00,38,2,1212.87,0.0,49,Cash on Delivery,Delivered
5968,207,27,2025-05-21,18:08:00,49,4,288.08,0.0,20,Debit Card,Delivered
5969,49,9,2024-05-17,18:36:00,27,4,1529.79,0.0,49,UPI,Delivered
5970,234,88,2024-02-09,09:11:00,24,5,914.55,137.18,30,UPI,Returned
5971,544,152,2025-05-17,19:41:00,46,6,988.23,0.0,20,Credit Card,Delivered
5972,84,161,2025-07-28,09:45:00,25,4,642.13,0.0,30,Net Banking,Cancelled
5973,546,182,2025-06-06,17:04:00,39,6,510.65,76.6,30,Debit Card,Delivered
5974,480,167,2025-08-28,13:31:00,56,5,819.01,163.8,20,Net Banking,Returned
5975,155,2,2024-12-20,19:53:00,20,3,1364.55,68.23,0,Debit Card,Delivered
5976,194,189,2026-01-27,15:00:00,33,2,540.25,0.0,49,UPI,Delivered
5977,581,144,2026-07-28,12:44:00,39,5,910.35,0.0,20,Credit Card,Returned
5978,505,233,2026-09-01,14:07:00,31,6,1674.31,0.0,49,UPI,Cancelled
5979,21,13,2025-07-12,11:50:00,58,1,493.1,0.0,0,UPI,Returned
5980,307,4,2025-05-18,19:23:00,51,4,1023.14,51.16,20,UPI,Delivered
5981,221,65,2025-06-02,17:47:00,62,3,513.59,0.0,30,Credit Card,Delivered
5982,268,239,2026-02-09,23:21:00,37,1,1451.86,0.0,20,Net Banking,Cancelled
5983,541,163,2025-06-30,11:59:00,40,1,511.43,25.57,0,Net Banking,Delivered
5984,528,138,2026-05-27,08:31:00,29,2,1647.98,0.0,30,Cash on Delivery,Cancelled
5985,358,88,2024-10-28,12:34:00,34,4,1488.77,297.75,40,Credit Card,Returned
5986,557,114,2024-06-30,09:13:00,25,2,1002.46,200.49,20,Credit Card,Delivered
5987,63,80,2025-09-16,16:15:00,23,4,1744.57,0.0,0,Credit Card,Delivered
5988,362,88,2025-07-16,18:39:00,26,3,736.07,0.0,20,Credit Card,Returned
5989,254,31,2024-01-30,11:32:00,37,6,589.39,58.94,0,Debit Card,Returned
5990,96,65,2024-08-29,13:30:00,29,4,1188.09,237.62,30,Net Banking,Delivered
5991,587,67,2025-11-03,16:31:00,20,5,1577.37,236.61,0,Wallet,Cancelled
5992,148,76,2026-02-16,09:26:00,24,1,1333.41,66.67,0,Credit Card,Cancelled
5993,360,67,2025-03-24,14:50:00,61,2,913.11,0.0,30,Debit Card,Delivered
5994,401,49,2024-10-24,11:57:00,31,1,1555.96,233.39,30,Cash on Delivery,Delivered
5995,114,143,2024-02-27,22:58:00,31,5,346.83,69.37,20,Net Banking,Delivered
5996,425,93,2024-05-19,19:44:00,21,6,555.13,55.51,0,Net Banking,Cancelled
5997,459,72,2024-11-20,22:17:00,38,4,706.28,70.63,49,Credit Card,Delivered
5998,19,125,2025-03-15,14:14:00,45,6,1460.59,73.03,30,Credit Card,Delivered
5999,237,127,2024-04-24,13:06:00,33,4,529.86,26.49,0,Wallet,Delivered
6000,337,136,2024-07-30,08:16:00,25,5,1671.14,83.56,20,Credit Card,Cancelled
6001,68,13,2024-06-30,20:22:00,59,3,1703.48,85.17,30,Cash on Delivery,Delivered
6002,299,155,2024-07-23,20:25:00,46,2,667.24,0.0,0,Cash on Delivery,Delivered
6003,533,64,2024-11-01,09:10:00,47,5,886.24,0.0,0,Net Banking,Cancelled
6004,600,53,2024-09-29,20:17:00,45,5,1694.17,0.0,20,Net Banking,Returned
6005,345,223,2025-02-02,13:51:00,21,6,665.43,0.0,40,Credit Card,Delivered
6006,466,217,2024-03-24,13:59:00,41,6,922.41,0.0,20,Cash on Delivery,Delivered
6007,598,24,2025-02-26,20:28:00,29,2,1450.56,0.0,40,Wallet,Delivered
6008,358,151,2024-10-10,10:19:00,31,4,924.96,0.0,0,Debit Card,Delivered
6009,231,229,2024-08-17,22:46:00,65,4,1109.17,55.46,49,UPI,Returned
6010,446,36,2025-04-16,20:09:00,65,3,531.08,26.55,0,Cash on Delivery,Cancelled
6011,40,10,2025-04-21,13:13:00,60,2,1194.44,238.89,49,Net Banking,Delivered
6012,486,129,2025-05-17,14:42:00,55,3,1571.1,0.0,49,Credit Card,Delivered
6013,112,129,2026-08-30,22:35:00,63,1,1366.23,0.0,40,Wallet,Delivered
6014,539,123,2025-03-24,15:21:00,62,6,316.81,0.0,30,Wallet,Returned
6015,474,55,2024-11-02,17:49:00,41,5,696.54,0.0,0,Net Banking,Delivered
6016,460,158,2025-11-23,16:29:00,63,6,1401.85,140.19,20,Net Banking,Cancelled
6017,409,199,2026-08-14,11:24:00,41,2,1644.97,246.75,49,UPI,Delivered
6018,456,147,2026-06-27,12:36:00,40,5,1784.27,89.21,20,Wallet,Delivered
6019,502,116,2026-04-27,21:14:00,54,4,767.95,153.59,30,Credit Card,Delivered
6020,245,104,2024-01-12,08:50:00,43,3,737.88,0.0,0,Wallet,Delivered
6021,283,30,2025-12-27,14:32:00,29,5,1083.83,0.0,0,Cash on Delivery,Delivered
6022,153,204,2025-07-11,12:00:00,56,4,1123.37,56.17,40,Wallet,Delivered
6023,515,186,2026-01-13,20:07:00,48,2,747.78,112.17,0,Cash on Delivery,Delivered
6024,268,11,2026-06-27,13:35:00,56,1,340.25,34.02,0,Credit Card,Cancelled
6025,184,174,2024-11-04,17:53:00,39,4,260.1,39.02,40,Debit Card,Delivered
6026,485,179,2026-04-27,19:35:00,42,4,807.52,0.0,40,Debit Card,Delivered
6027,54,77,2026-07-17,14:34:00,48,2,451.17,45.12,20,Credit Card,Returned
6028,535,68,2024-01-26,11:11:00,64,4,1615.37,0.0,40,Cash on Delivery,Delivered
6029,590,143,2025-01-09,22:28:00,33,2,866.32,173.26,30,Net Banking,Delivered
6030,269,244,2024-02-26,22:01:00,61,3,623.94,0.0,0,Net Banking,Cancelled
6031,444,69,2026-05-18,20:44:00,35,2,1106.49,55.32,40,Wallet,Delivered
6032,258,231,2025-04-27,11:32:00,53,1,1298.79,64.94,49,UPI,Delivered
6033,238,226,2026-01-01,11:46:00,17,1,1673.42,83.67,49,Cash on Delivery,Delivered
6034,412,99,2026-08-22,09:03:00,26,2,143.06,21.46,20,Wallet,Returned
6035,441,79,2026-03-02,12:13:00,47,2,349.31,0.0,30,Credit Card,Cancelled
6036,31,155,2024-11-14,11:10:00,31,3,1219.77,60.99,20,Wallet,Returned
6037,112,38,2026-01-28,08:10:00,38,3,1799.81,269.97,0,Net Banking,Delivered
6038,109,21,2026-06-24,14:36:00,65,4,679.94,0.0,20,Debit Card,Returned
6039,321,25,2025-03-31,20:20:00,41,6,1150.59,0.0,40,Debit Card,Delivered
6040,332,7,2026-04-28,13:26:00,24,5,1678.52,335.7,40,Debit Card,Returned
6041,503,40,2024-03-01,14:45:00,21,3,1283.31,256.66,0,Cash on Delivery,Delivered
6042,307,61,2026-04-11,13:32:00,47,3,1701.14,170.11,49,Debit Card,Delivered
6043,41,154,2025-11-05,08:26:00,53,5,1344.93,134.49,0,Net Banking,Delivered
6044,132,58,2026-03-18,23:04:00,18,3,629.55,0.0,40,UPI,Returned
6045,108,58,2025-11-06,21:16:00,42,5,1726.65,0.0,40,Wallet,Delivered
6046,541,120,2025-06-11,18:34:00,16,2,1125.97,0.0,40,Cash on Delivery,Delivered
6047,39,87,2024-07-14,23:21:00,19,6,1283.6,192.54,49,Debit Card,Cancelled
6048,258,246,2024-07-03,22:41:00,18,2,1074.87,53.74,40,Credit Card,Cancelled
6049,527,1,2026-06-06,08:16:00,20,3,1241.73,248.35,20,Credit Card,Returned
6050,428,187,2025-12-03,17:40:00,34,1,1439.04,287.81,30,Credit Card,Cancelled
6051,145,239,2024-01-15,09:57:00,59,6,1046.67,52.33,30,Net Banking,Delivered
6052,179,179,2026-07-18,14:14:00,31,5,936.22,0.0,49,Credit Card,Delivered
6053,172,230,2024-04-05,10:57:00,33,4,1203.2,60.16,40,Debit Card,Delivered
6054,225,44,2025-12-19,18:05:00,60,6,540.52,0.0,40,UPI,Delivered
6055,195,222,2024-03-29,13:17:00,29,2,314.55,31.46,40,Net Banking,Cancelled
6056,259,122,2026-04-09,20:07:00,44,3,201.5,0.0,20,Wallet,Delivered
6057,41,197,2024-12-06,20:33:00,32,1,1557.82,0.0,40,Credit Card,Delivered
6058,58,101,2025-08-01,23:51:00,36,3,316.45,63.29,20,Cash on Delivery,Cancelled
6059,6,234,2026-05-24,11:51:00,65,3,1679.55,167.96,49,Credit Card,Cancelled
6060,517,52,2024-02-15,12:09:00,19,2,467.56,23.38,0,Debit Card,Returned
6061,330,202,2025-12-17,09:13:00,56,5,808.23,0.0,40,Credit Card,Delivered
6062,306,50,2024-02-05,21:08:00,47,4,435.39,0.0,30,UPI,Cancelled
6063,588,95,2026-04-26,11:39:00,43,6,1269.33,0.0,49,Wallet,Delivered
6064,342,139,2025-01-27,23:39:00,61,2,320.7,64.14,0,Wallet,Cancelled
6065,485,132,2025-03-11,14:46:00,60,3,1018.45,50.92,40,Debit Card,Returned
6066,402,235,2026-02-02,11:08:00,48,1,1786.92,89.35,49,Debit Card,Delivered
6067,162,227,2024-05-07,11:02:00,59,5,1396.24,0.0,0,Cash on Delivery,Delivered
6068,343,98,2026-04-08,20:30:00,60,5,1270.61,127.06,40,UPI,Cancelled
6069,275,19,2024-04-26,12:38:00,24,6,1021.15,204.23,49,UPI,Delivered
6070,277,44,2026-05-21,14:35:00,55,6,665.17,0.0,30,Cash on Delivery,Delivered
6071,410,82,2025-12-06,19:18:00,37,1,1474.16,0.0,30,Debit Card,Delivered
6072,531,227,2024-12-09,09:24:00,51,1,633.96,63.4,49,Cash on Delivery,Delivered
6073,541,139,2026-09-10,17:39:00,55,5,1575.4,0.0,30,UPI,Delivered
6074,40,38,2026-03-18,20:37:00,63,1,1079.42,0.0,49,Debit Card,Delivered
6075,354,174,2025-10-21,12:06:00,51,5,1084.04,0.0,20,UPI,Delivered
6076,477,128,2024-07-17,09:34:00,47,1,673.93,0.0,20,Net Banking,Cancelled
6077,212,52,2026-09-03,20:51:00,44,4,221.82,0.0,49,Cash on Delivery,Delivered
6078,140,91,2024-08-27,17:06:00,60,2,1693.52,254.03,40,Net Banking,Returned
6079,107,202,2024-08-17,12:23:00,29,2,355.04,0.0,49,Net Banking,Delivered
6080,267,198,2025-10-22,08:19:00,63,1,829.69,41.48,30,Credit Card,Cancelled
6081,100,33,2025-11-18,11:05:00,62,3,625.82,0.0,30,Wallet,Delivered
6082,359,4,2024-05-29,17:48:00,41,6,242.95,36.44,0,Cash on Delivery,Delivered
6083,96,226,2024-01-04,23:06:00,30,4,934.13,93.41,40,Credit Card,Delivered
6084,343,241,2024-04-07,17:40:00,65,4,137.49,0.0,40,Credit Card,Delivered
6085,316,11,2024-09-06,13:43:00,65,3,135.19,0.0,0,UPI,Cancelled
6086,78,114,2025-07-23,18:27:00,60,6,1605.6,0.0,30,Credit Card,Delivered
6087,72,71,2024-12-11,19:52:00,17,1,382.71,0.0,30,Credit Card,Delivered
6088,164,136,2025-03-21,21:27:00,44,4,700.0,0.0,40,Net Banking,Delivered
6089,207,98,2024-09-04,14:48:00,24,1,1075.26,107.53,0,Cash on Delivery,Delivered
6090,364,49,2024-03-28,08:44:00,48,4,1710.1,342.02,0,UPI,Delivered
6091,390,29,2026-08-08,23:56:00,18,6,1305.2,65.26,20,Net Banking,Cancelled
6092,273,205,2025-02-03,22:34:00,64,2,269.78,40.47,40,Debit Card,Cancelled
6093,342,198,2024-01-30,13:15:00,24,3,1182.41,118.24,40,Net Banking,Delivered
6094,313,250,2026-01-05,22:43:00,46,2,1714.58,0.0,40,Credit Card,Delivered
6095,169,155,2024-06-18,10:15:00,29,2,633.7,0.0,40,UPI,Delivered
6096,413,176,2025-09-21,17:25:00,16,3,785.56,157.11,20,Cash on Delivery,Delivered
6097,380,7,2026-08-04,19:46:00,59,4,1157.63,173.64,49,Credit Card,Delivered
6098,86,233,2026-05-26,21:47:00,52,1,455.49,0.0,49,Wallet,Delivered
6099,160,196,2024-12-13,09:11:00,35,4,404.3,40.43,40,Debit Card,Delivered
6100,447,13,2024-11-02,17:03:00,34,2,567.46,0.0,20,Wallet,Returned
6101,427,81,2025-01-19,12:27:00,19,4,212.07,10.6,30,Credit Card,Delivered
6102,28,113,2024-06-13,17:29:00,40,4,1752.62,0.0,30,Wallet,Cancelled
6103,74,216,2024-08-11,23:48:00,48,2,896.51,44.83,40,Cash on Delivery,Returned
6104,230,127,2025-04-28,23:58:00,65,2,632.62,94.89,20,Debit Card,Cancelled
6105,495,131,2024-11-15,10:11:00,49,6,945.83,47.29,0,Credit Card,Returned
6106,517,38,2025-03-12,11:10:00,32,6,1099.81,219.96,49,Cash on Delivery,Delivered
6107,581,154,2026-05-14,17:42:00,47,1,1099.15,164.87,0,Cash on Delivery,Returned
6108,565,32,2024-06-30,22:22:00,40,1,1335.24,0.0,0,Net Banking,Delivered
6109,484,214,2024-07-11,12:20:00,65,5,1693.78,169.38,30,Net Banking,Delivered
6110,31,97,2026-05-21,13:17:00,44,1,1702.89,85.14,30,Cash on Delivery,Delivered
6111,199,162,2026-05-25,21:57:00,35,1,1682.25,0.0,30,Debit Card,Delivered
6112,364,203,2024-05-11,08:46:00,45,5,827.42,165.48,30,Cash on Delivery,Delivered
6113,8,30,2025-03-06,20:08:00,16,6,373.61,0.0,20,Cash on Delivery,Cancelled
6114,504,8,2025-02-13,19:49:00,30,6,1060.47,0.0,40,Net Banking,Delivered
6115,339,242,2025-01-31,12:59:00,27,3,614.97,0.0,30,Wallet,Delivered
6116,167,151,2024-01-20,17:23:00,49,5,1484.73,0.0,49,Debit Card,Delivered
6117,373,36,2024-10-24,09:21:00,17,1,586.29,0.0,0,Wallet,Delivered
6118,409,165,2025-01-25,21:00:00,38,5,982.7,98.27,30,Net Banking,Cancelled
6119,268,55,2025-08-16,10:21:00,48,6,979.12,0.0,20,Debit Card,Delivered
6120,58,44,2024-04-23,11:26:00,49,6,776.01,116.4,0,Credit Card,Delivered
6121,187,135,2026-06-18,10:16:00,54,5,1138.02,0.0,40,Wallet,Delivered
6122,97,212,2025-12-31,23:35:00,22,3,1785.15,267.77,49,Wallet,Cancelled
6123,394,206,2024-03-29,10:20:00,30,5,490.3,24.52,40,Wallet,Delivered
6124,292,152,2024-07-20,17:29:00,59,3,504.23,0.0,30,Wallet,Cancelled
6125,441,242,2026-08-23,22:35:00,62,3,1484.62,296.92,40,Cash on Delivery,Returned
6126,67,28,2026-02-24,18:59:00,37,4,1064.61,0.0,40,UPI,Delivered
6127,393,79,2025-11-18,09:23:00,43,5,948.9,47.45,40,UPI,Returned
6128,78,121,2026-08-12,13:43:00,54,4,1553.43,310.69,30,Wallet,Returned
6129,483,59,2024-01-18,22:18:00,49,6,167.85,8.39,49,Cash on Delivery,Returned
6130,138,242,2026-09-11,23:12:00,15,1,1503.96,150.4,40,Net Banking,Delivered
6131,313,102,2026-05-10,19:50:00,65,2,297.57,0.0,30,Wallet,Delivered
6132,322,143,2025-08-18,16:12:00,50,4,1064.22,212.84,30,Credit Card,Returned
6133,571,6,2025-11-14,20:56:00,48,3,298.67,0.0,30,Cash on Delivery,Delivered
6134,363,89,2026-08-28,22:12:00,50,1,695.1,34.76,40,Net Banking,Delivered
6135,481,165,2024-05-14,10:22:00,42,1,436.02,0.0,20,Wallet,Cancelled
6136,166,201,2025-05-07,20:13:00,53,1,782.41,117.36,49,Debit Card,Delivered
6137,512,53,2026-09-22,22:25:00,48,4,1262.04,63.1,30,Net Banking,Delivered
6138,303,220,2025-05-26,11:34:00,65,1,1252.73,62.64,30,Credit Card,Delivered
6139,40,149,2025-03-18,11:40:00,51,6,1157.62,231.52,30,UPI,Delivered
6140,498,81,2025-03-05,14:52:00,33,3,218.21,0.0,20,UPI,Delivered
6141,104,227,2025-01-27,13:27:00,54,4,1162.68,58.13,40,Credit Card,Delivered
6142,517,179,2026-05-04,15:13:00,26,2,757.19,0.0,40,Credit Card,Delivered
6143,579,106,2026-03-26,13:19:00,27,4,1097.06,0.0,20,UPI,Delivered
6144,441,122,2025-07-23,22:10:00,42,4,322.6,0.0,40,Net Banking,Delivered
6145,309,186,2025-12-31,22:51:00,15,1,384.9,76.98,49,Credit Card,Returned
6146,262,176,2024-12-31,17:05:00,65,4,583.15,0.0,40,Wallet,Delivered
6147,360,11,2024-01-02,21:40:00,59,6,780.78,0.0,49,Debit Card,Cancelled
6148,52,9,2024-09-23,18:23:00,45,6,1218.02,60.9,49,Debit Card,Delivered
6149,187,39,2024-06-04,12:55:00,62,1,150.97,7.55,30,Wallet,Returned
6150,490,166,2025-04-07,17:41:00,22,3,577.19,86.58,0,UPI,Delivered
6151,3,54,2026-07-30,17:09:00,15,6,755.99,113.4,49,Cash on Delivery,Cancelled
6152,70,237,2025-05-26,08:17:00,61,4,821.84,41.09,0,Wallet,Returned
6153,572,31,2026-03-29,23:39:00,39,2,328.95,16.45,40,UPI,Cancelled
6154,241,11,2024-09-28,20:44:00,36,5,499.61,24.98,30,Net Banking,Delivered
6155,553,1,2026-02-04,11:26:00,57,4,721.38,144.28,0,Credit Card,Delivered
6156,418,180,2024-06-16,13:48:00,24,1,1032.53,206.51,0,Wallet,Delivered
6157,143,26,2024-08-31,08:45:00,59,3,161.15,16.12,40,Credit Card,Delivered
6158,588,67,2025-05-11,14:57:00,33,5,1039.09,155.86,30,Cash on Delivery,Delivered
6159,572,38,2024-09-23,22:19:00,15,6,906.94,136.04,30,Credit Card,Delivered
6160,320,73,2026-03-28,11:42:00,44,3,752.72,150.54,40,UPI,Delivered
6161,408,48,2024-03-30,15:10:00,30,5,1692.46,169.25,30,UPI,Delivered
6162,495,208,2025-01-28,10:02:00,63,2,346.15,0.0,40,Debit Card,Delivered
6163,5,250,2025-07-23,22:09:00,39,6,919.65,0.0,30,Wallet,Delivered
6164,118,159,2024-08-17,14:59:00,58,1,1132.53,0.0,30,Wallet,Delivered
6165,90,102,2025-11-12,23:53:00,26,5,1564.62,156.46,20,UPI,Delivered
6166,133,200,2024-02-03,10:35:00,38,5,223.18,0.0,20,Cash on Delivery,Cancelled
6167,114,21,2026-02-22,22:56:00,40,3,1579.9,79.0,20,Credit Card,Delivered
6168,111,41,2025-06-06,20:59:00,36,6,159.75,0.0,49,Debit Card,Delivered
6169,56,25,2026-08-19,19:51:00,52,5,1175.72,0.0,20,Credit Card,Delivered
6170,600,46,2025-12-08,16:16:00,65,3,165.99,24.9,40,Cash on Delivery,Delivered
6171,354,147,2025-10-06,13:44:00,23,2,208.5,20.85,40,Cash on Delivery,Returned
6172,285,210,2025-07-07,20:04:00,50,2,1377.81,137.78,20,Debit Card,Delivered
6173,122,76,2024-08-12,13:51:00,19,1,1310.03,0.0,30,Debit Card,Delivered
6174,63,200,2024-12-18,10:32:00,26,1,1005.65,0.0,49,Cash on Delivery,Delivered
6175,463,241,2025-06-09,08:33:00,46,1,455.54,0.0,49,Wallet,Delivered
6176,453,221,2024-07-19,12:16:00,24,1,1613.01,241.95,30,Cash on Delivery,Delivered
6177,229,111,2025-01-07,19:37:00,26,3,923.34,46.17,20,Cash on Delivery,Returned
6178,590,41,2025-09-07,08:44:00,31,6,843.18,84.32,49,Net Banking,Delivered
6179,72,187,2025-03-24,12:58:00,20,6,1780.81,89.04,0,Credit Card,Returned
6180,442,186,2024-03-14,20:31:00,20,4,1650.89,82.54,20,Cash on Delivery,Delivered
6181,155,38,2026-01-18,17:05:00,17,2,821.94,0.0,0,Net Banking,Cancelled
6182,14,141,2024-07-30,13:01:00,63,5,265.58,39.84,20,Wallet,Delivered
6183,592,61,2025-07-02,16:53:00,19,3,1465.97,0.0,0,Wallet,Delivered
6184,529,153,2024-06-20,15:03:00,45,2,253.85,25.39,40,Credit Card,Delivered
6185,554,133,2025-04-28,13:33:00,43,4,242.38,36.36,0,Debit Card,Cancelled
6186,238,130,2025-04-25,20:32:00,16,6,1107.01,0.0,40,Wallet,Returned
6187,470,158,2025-03-13,17:10:00,60,4,1592.05,238.81,0,Net Banking,Delivered
6188,543,201,2025-01-12,12:23:00,30,5,1157.8,0.0,20,Net Banking,Delivered
6189,316,243,2024-03-10,15:07:00,60,4,1173.52,0.0,30,Net Banking,Returned
6190,344,208,2025-12-16,11:50:00,52,3,544.62,0.0,20,Credit Card,Delivered
6191,262,11,2024-06-28,19:45:00,50,6,970.53,0.0,30,UPI,Delivered
6192,539,135,2025-09-12,12:40:00,21,4,281.29,0.0,49,Wallet,Delivered
6193,281,138,2024-11-28,15:05:00,36,5,1522.99,304.6,49,Cash on Delivery,Delivered
6194,407,179,2024-01-12,22:43:00,23,3,541.5,108.3,40,Cash on Delivery,Delivered
6195,242,243,2025-06-07,11:47:00,43,4,1022.01,0.0,20,Credit Card,Delivered
6196,483,135,2024-03-22,11:00:00,57,1,1452.41,0.0,0,Net Banking,Delivered
6197,583,223,2026-03-19,23:16:00,64,3,827.96,165.59,20,UPI,Delivered
6198,574,178,2024-03-31,19:43:00,58,1,772.39,77.24,0,Wallet,Delivered
6199,20,127,2024-02-18,16:57:00,32,3,314.87,47.23,40,Debit Card,Delivered
6200,186,62,2026-02-06,08:24:00,59,4,229.54,45.91,49,UPI,Delivered
6201,491,168,2024-10-05,17:10:00,35,2,571.5,28.58,40,UPI,Delivered
6202,224,16,2025-01-26,17:52:00,46,2,1275.07,0.0,49,Cash on Delivery,Delivered
6203,198,88,2025-06-30,14:10:00,61,3,1739.0,0.0,49,Wallet,Delivered
6204,117,61,2024-07-14,15:04:00,60,4,1367.93,0.0,30,Credit Card,Cancelled
6205,251,47,2024-10-09,21:36:00,29,3,718.03,35.9,49,Cash on Delivery,Delivered
6206,529,203,2024-07-18,23:51:00,45,4,1458.43,291.69,0,Debit Card,Cancelled
6207,577,128,2026-05-26,11:32:00,47,5,1260.78,0.0,40,UPI,Returned
6208,385,186,2025-10-01,21:20:00,41,3,1681.04,0.0,20,Net Banking,Cancelled
6209,534,67,2024-01-19,14:17:00,46,4,1691.66,84.58,30,Wallet,Delivered
6210,273,239,2026-05-13,17:00:00,41,4,989.83,98.98,49,Wallet,Delivered
6211,154,88,2024-08-09,13:32:00,27,4,1097.54,0.0,49,UPI,Delivered
6212,101,166,2025-11-15,23:11:00,22,6,438.85,43.89,20,Wallet,Delivered
6213,169,10,2025-12-12,08:51:00,37,4,1173.57,0.0,40,Credit Card,Returned
6214,208,138,2025-03-15,11:26:00,61,1,248.05,49.61,40,UPI,Delivered
6215,111,227,2026-05-22,15:52:00,64,6,1677.01,335.4,40,Wallet,Delivered
6216,61,177,2025-02-27,18:34:00,17,3,1371.75,0.0,49,Debit Card,Delivered
6217,304,165,2025-05-20,23:15:00,37,1,515.73,0.0,49,Net Banking,Delivered
6218,472,213,2024-10-27,10:24:00,29,2,397.22,39.72,30,Debit Card,Delivered
6219,229,211,2026-09-06,15:27:00,41,6,128.22,25.64,20,Credit Card,Delivered
6220,151,224,2026-07-10,10:31:00,55,5,1224.8,0.0,0,Net Banking,Cancelled
6221,548,147,2024-03-12,15:01:00,59,3,244.65,0.0,40,UPI,Delivered
6222,19,91,2026-07-10,10:16:00,44,6,1085.83,162.87,0,Wallet,Delivered
6223,387,36,2024-09-06,14:02:00,52,3,890.62,133.59,40,Cash on Delivery,Delivered
6224,540,87,2026-01-13,16:12:00,31,6,767.64,153.53,30,Debit Card,Delivered
6225,160,157,2024-11-27,16:25:00,28,4,469.04,0.0,0,UPI,Cancelled
6226,8,70,2025-04-12,11:24:00,57,4,1484.52,0.0,20,Debit Card,Returned
6227,181,94,2024-09-10,09:07:00,23,6,1004.2,150.63,0,Net Banking,Delivered
6228,13,193,2024-01-04,11:05:00,23,5,697.85,0.0,40,Wallet,Returned
6229,515,27,2025-07-02,23:46:00,57,3,284.17,14.21,30,Cash on Delivery,Delivered
6230,243,116,2024-02-15,23:02:00,55,3,1408.88,0.0,40,Credit Card,Delivered
6231,377,21,2024-09-18,15:23:00,30,3,710.56,0.0,40,Wallet,Cancelled
6232,130,40,2025-11-28,17:29:00,63,4,770.17,0.0,49,Cash on Delivery,Delivered
6233,592,1,2025-08-12,10:41:00,24,4,301.22,0.0,30,Net Banking,Delivered
6234,378,26,2024-10-31,11:34:00,65,3,1165.25,0.0,0,UPI,Delivered
6235,522,155,2026-04-02,20:21:00,42,1,1047.49,52.37,49,Debit Card,Delivered
6236,279,153,2026-05-29,18:57:00,39,6,1297.76,129.78,40,Cash on Delivery,Delivered
6237,378,110,2026-07-24,10:10:00,30,3,149.02,0.0,30,Credit Card,Cancelled
6238,27,226,2024-10-27,08:40:00,20,3,163.05,8.15,20,Net Banking,Returned
6239,277,44,2024-01-24,11:09:00,62,1,891.14,178.23,20,UPI,Delivered
6240,308,57,2024-09-18,13:11:00,16,5,1672.61,0.0,0,Wallet,Delivered
6241,561,168,2025-01-03,22:29:00,61,5,917.39,0.0,0,Wallet,Returned
6242,246,246,2025-04-01,12:13:00,17,6,1300.83,0.0,30,Cash on Delivery,Delivered
6243,218,100,2026-01-23,10:32:00,43,4,546.82,27.34,49,Net Banking,Delivered
6244,214,191,2026-06-06,19:58:00,25,3,1016.3,203.26,20,Debit Card,Delivered
6245,585,88,2024-05-02,18:17:00,21,3,536.88,0.0,30,Credit Card,Delivered
6246,505,33,2026-06-30,17:15:00,15,5,981.27,98.13,40,Wallet,Delivered
6247,437,218,2024-09-26,11:59:00,34,3,1360.04,0.0,0,Net Banking,Returned
6248,391,149,2024-07-15,15:49:00,46,3,1295.22,129.52,0,UPI,Delivered
6249,365,246,2024-01-18,08:55:00,42,2,1082.32,108.23,30,Debit Card,Delivered
6250,356,2,2025-10-04,18:57:00,60,6,1204.15,120.42,40,Debit Card,Cancelled
6251,495,12,2026-05-16,16:30:00,41,6,963.97,0.0,49,Net Banking,Delivered
6252,406,141,2024-08-29,18:03:00,37,1,1504.51,0.0,30,Debit Card,Delivered
6253,187,118,2025-01-06,19:16:00,55,4,1256.61,0.0,30,Credit Card,Delivered
6254,348,6,2024-09-03,14:27:00,51,2,759.76,0.0,30,UPI,Cancelled
6255,106,32,2024-01-30,16:22:00,34,5,992.85,148.93,30,Cash on Delivery,Delivered
6256,405,93,2024-07-11,17:40:00,52,2,154.6,7.73,40,Cash on Delivery,Cancelled
6257,318,155,2024-05-07,21:24:00,18,3,1367.29,68.36,40,Credit Card,Returned
6258,589,11,2024-09-24,19:21:00,55,3,442.66,0.0,20,Credit Card,Delivered
6259,217,19,2025-12-15,12:43:00,19,6,198.72,0.0,0,Wallet,Delivered
6260,223,139,2025-05-15,23:12:00,61,5,163.84,0.0,40,Wallet,Delivered
6261,573,154,2026-03-14,11:54:00,51,6,796.95,159.39,40,UPI,Returned
6262,427,221,2025-01-29,21:32:00,57,5,621.23,0.0,20,UPI,Delivered
6263,329,9,2025-09-03,14:14:00,49,1,1235.24,61.76,20,Debit Card,Delivered
6264,46,28,2026-05-15,16:03:00,38,3,454.72,45.47,20,Debit Card,Delivered
6265,530,154,2025-06-17,16:30:00,57,2,985.63,0.0,20,Net Banking,Delivered
6266,220,220,2025-05-13,13:23:00,61,5,141.32,28.26,30,Credit Card,Returned
6267,378,134,2024-10-15,21:09:00,16,1,463.51,92.7,20,UPI,Cancelled
6268,12,29,2026-07-23,12:24:00,57,5,1732.48,346.5,40,UPI,Delivered
6269,503,59,2025-06-03,19:20:00,59,3,730.63,0.0,30,UPI,Returned
6270,557,24,2026-04-25,22:54:00,58,4,1691.86,0.0,30,Credit Card,Delivered
6271,430,36,2024-10-29,17:14:00,41,4,922.16,138.32,0,Debit Card,Returned
6272,92,23,2024-01-17,09:03:00,55,2,1202.31,60.12,30,Net Banking,Delivered
6273,208,238,2024-11-25,23:16:00,48,5,723.33,36.17,30,Credit Card,Delivered
6274,154,126,2024-12-12,14:05:00,43,4,1386.92,0.0,0,Debit Card,Cancelled
6275,453,45,2025-01-01,21:22:00,39,2,1622.41,81.12,20,Debit Card,Cancelled
6276,315,140,2025-07-20,10:39:00,18,1,1396.74,279.35,0,UPI,Cancelled
6277,257,46,2024-01-23,10:51:00,23,4,896.47,179.29,0,Cash on Delivery,Delivered
6278,137,96,2025-11-16,19:48:00,45,5,913.54,0.0,0,UPI,Cancelled
6279,516,80,2025-05-28,17:11:00,20,4,1754.33,0.0,40,Debit Card,Returned
6280,153,20,2025-12-27,16:03:00,57,6,1609.38,321.88,40,Net Banking,Returned
6281,577,218,2026-09-05,10:12:00,42,4,306.0,0.0,40,Net Banking,Delivered
6282,516,161,2026-02-06,10:40:00,24,4,1586.7,238.0,49,Wallet,Cancelled
6283,463,226,2025-08-31,17:05:00,34,3,1204.15,240.83,30,UPI,Delivered
6284,477,62,2026-06-13,14:12:00,17,5,1669.51,83.48,0,Credit Card,Delivered
6285,166,181,2024-10-07,13:58:00,52,5,725.27,0.0,40,UPI,Delivered
6286,457,161,2025-11-12,15:17:00,34,3,1705.94,85.3,20,Wallet,Delivered
6287,393,67,2025-05-07,16:36:00,42,3,1073.66,0.0,0,UPI,Delivered
6288,73,243,2026-03-07,19:08:00,25,6,244.35,48.87,49,UPI,Delivered
6289,599,91,2026-08-18,10:10:00,27,4,1460.36,219.05,49,Net Banking,Delivered
6290,394,9,2025-06-04,13:14:00,24,2,1697.09,0.0,0,Credit Card,Returned
6291,600,85,2025-12-28,13:11:00,35,6,564.39,84.66,30,Debit Card,Delivered
6292,20,54,2024-03-22,23:25:00,49,6,292.57,58.51,0,Wallet,Cancelled
6293,163,72,2025-04-26,09:54:00,45,2,215.17,0.0,30,UPI,Delivered
6294,185,243,2024-08-16,22:22:00,43,3,1310.43,196.56,30,Debit Card,Returned
6295,126,241,2025-03-28,15:48:00,56,2,128.5,6.43,30,Wallet,Delivered
6296,520,117,2025-02-05,19:28:00,48,1,1730.13,0.0,49,UPI,Delivered
6297,401,239,2026-09-22,19:21:00,55,6,1679.69,335.94,40,Credit Card,Delivered
6298,397,65,2024-06-06,10:49:00,28,4,209.01,0.0,40,UPI,Delivered
6299,496,234,2026-05-11,13:56:00,26,6,330.86,66.17,30,Debit Card,Cancelled
6300,102,145,2025-02-19,18:05:00,39,3,1451.5,290.3,0,Net Banking,Returned
6301,16,201,2024-12-07,16:54:00,15,1,991.96,148.79,20,Net Banking,Returned
6302,14,171,2025-11-10,16:49:00,25,1,1432.41,71.62,49,Cash on Delivery,Returned
6303,110,179,2025-09-20,09:55:00,55,5,897.91,89.79,49,Cash on Delivery,Delivered
6304,590,179,2024-03-22,15:06:00,21,5,1606.0,0.0,49,Cash on Delivery,Delivered
6305,79,86,2025-04-03,16:44:00,52,6,322.25,64.45,40,UPI,Delivered
6306,329,111,2025-04-28,09:43:00,51,5,1630.97,81.55,40,Net Banking,Delivered
6307,338,31,2026-01-19,21:35:00,26,1,458.2,45.82,30,Credit Card,Returned
6308,529,94,2025-04-24,17:51:00,18,1,1581.41,0.0,30,Wallet,Delivered
6309,377,241,2024-01-19,20:32:00,65,5,1056.7,0.0,0,Net Banking,Delivered
6310,94,21,2025-01-24,23:54:00,49,4,455.51,45.55,0,Net Banking,Delivered
6311,120,179,2024-09-15,20:55:00,41,4,749.17,112.38,0,Wallet,Delivered
6312,586,82,2024-10-24,08:08:00,27,1,1779.4,0.0,30,Credit Card,Returned
6313,395,144,2024-07-20,20:37:00,54,3,895.98,0.0,49,Debit Card,Delivered
6314,23,12,2024-04-18,21:35:00,33,3,230.42,0.0,20,Wallet,Delivered
6315,64,45,2024-08-14,22:51:00,49,5,1257.19,0.0,0,Credit Card,Delivered
6316,119,231,2024-10-29,22:25:00,18,3,124.39,6.22,20,Wallet,Delivered
6317,148,232,2025-07-30,13:09:00,37,5,1436.9,215.53,30,Credit Card,Delivered
6318,437,44,2024-05-01,08:46:00,51,5,1558.85,0.0,20,Wallet,Delivered
6319,133,113,2026-04-01,12:51:00,17,4,786.79,0.0,30,Net Banking,Returned
6320,16,94,2026-08-18,23:13:00,16,2,887.45,133.12,20,Cash on Delivery,Delivered
6321,384,202,2026-04-25,09:32:00,64,6,987.73,0.0,40,Net Banking,Cancelled
6322,578,67,2025-06-12,11:54:00,43,1,587.49,58.75,40,Cash on Delivery,Cancelled
6323,598,77,2024-05-18,22:46:00,54,1,1648.97,0.0,40,Credit Card,Delivered
6324,536,200,2026-08-19,08:02:00,32,4,365.55,0.0,49,Net Banking,Delivered
6325,173,55,2025-08-15,22:36:00,65,4,124.54,12.45,40,Cash on Delivery,Delivered
6326,71,81,2025-11-14,13:57:00,62,3,1272.68,0.0,30,Credit Card,Delivered
6327,46,237,2026-09-04,12:39:00,51,2,1482.9,0.0,0,Credit Card,Delivered
6328,484,168,2026-05-23,16:52:00,17,1,1108.98,166.35,30,Wallet,Returned
6329,270,38,2025-05-23,08:50:00,52,5,481.61,72.24,49,UPI,Delivered
6330,63,61,2026-03-06,16:12:00,16,4,295.79,59.16,49,Net Banking,Returned
6331,223,226,2024-02-12,18:47:00,34,3,161.85,32.37,49,Credit Card,Delivered
6332,367,176,2026-06-28,20:33:00,38,5,282.65,14.13,30,Net Banking,Delivered
6333,307,107,2025-11-02,22:16:00,49,2,406.82,0.0,49,Cash on Delivery,Delivered
6334,170,210,2024-12-08,08:19:00,41,3,1732.49,0.0,40,Debit Card,Cancelled
6335,397,93,2026-04-14,17:58:00,18,4,851.6,0.0,20,Debit Card,Delivered
6336,27,22,2024-03-12,21:42:00,17,1,383.71,57.56,30,Wallet,Delivered
6337,568,27,2024-04-13,21:03:00,44,4,420.05,0.0,0,Net Banking,Delivered
6338,167,105,2026-01-21,13:05:00,39,5,575.69,0.0,0,Credit Card,Delivered
6339,389,50,2024-03-12,17:04:00,17,5,339.73,0.0,20,Credit Card,Delivered
6340,366,192,2026-07-13,17:00:00,57,3,1459.59,291.92,49,Wallet,Delivered
6341,293,38,2026-08-30,20:47:00,22,6,1673.84,0.0,30,Cash on Delivery,Cancelled
6342,504,173,2024-08-01,10:33:00,50,5,944.57,47.23,0,Debit Card,Delivered
6343,399,37,2024-01-18,14:28:00,33,3,1348.91,67.45,0,Net Banking,Delivered
6344,79,171,2025-03-22,23:12:00,33,6,368.92,55.34,0,Debit Card,Cancelled
6345,94,26,2024-10-12,08:29:00,56,5,1419.29,283.86,20,Cash on Delivery,Returned
6346,390,211,2024-11-15,12:52:00,52,1,950.95,0.0,49,Credit Card,Delivered
6347,299,45,2025-04-18,11:54:00,62,2,1341.71,0.0,30,Cash on Delivery,Delivered
6348,427,171,2026-07-10,17:42:00,57,5,344.62,68.92,20,Debit Card,Returned
6349,456,205,2026-04-13,11:26:00,61,3,203.26,0.0,30,Net Banking,Returned
6350,586,93,2026-04-22,13:16:00,22,3,493.12,0.0,30,Cash on Delivery,Delivered
6351,419,235,2025-02-08,14:38:00,45,1,1487.25,0.0,0,Credit Card,Returned
6352,46,99,2024-07-31,15:22:00,46,3,1189.59,118.96,40,Net Banking,Delivered
6353,479,81,2026-07-05,20:29:00,37,4,590.93,88.64,40,Cash on Delivery,Delivered
6354,407,240,2025-03-27,16:36:00,60,1,489.16,73.37,49,UPI,Delivered
6355,599,196,2026-03-14,16:58:00,15,2,398.93,79.79,20,Credit Card,Delivered
6356,434,180,2024-09-18,19:12:00,59,2,1585.37,0.0,30,Wallet,Returned
6357,137,31,2024-11-09,20:06:00,15,1,597.21,59.72,20,Debit Card,Delivered
6358,44,215,2024-02-24,18:53:00,47,1,1404.17,140.42,20,Cash on Delivery,Delivered
6359,78,196,2024-10-26,20:37:00,18,3,1120.22,0.0,49,Credit Card,Delivered
6360,423,91,2024-07-28,22:36:00,63,1,181.1,9.05,49,Credit Card,Delivered
6361,94,5,2025-07-09,09:31:00,37,1,1747.16,174.72,30,UPI,Returned
6362,217,83,2024-10-05,19:07:00,28,4,1761.55,0.0,20,Wallet,Returned
6363,306,45,2026-09-18,12:44:00,17,6,1258.46,0.0,49,Debit Card,Delivered
6364,196,203,2024-04-12,12:50:00,63,6,1525.1,0.0,30,Net Banking,Delivered
6365,589,158,2026-05-15,19:36:00,64,2,1653.86,0.0,49,Wallet,Delivered
6366,114,111,2025-02-04,18:20:00,28,4,1481.0,0.0,49,UPI,Delivered
6367,482,197,2024-01-01,14:08:00,50,1,1246.57,0.0,30,Credit Card,Delivered
6368,205,102,2024-03-13,17:17:00,59,6,1165.51,58.28,49,Credit Card,Delivered
6369,429,87,2024-03-16,17:53:00,49,1,1589.5,0.0,30,Cash on Delivery,Delivered
6370,511,244,2024-07-01,20:07:00,22,4,514.03,0.0,20,UPI,Delivered
6371,214,140,2026-05-02,16:22:00,17,2,729.04,109.36,49,Net Banking,Delivered
6372,473,58,2024-03-31,14:42:00,21,2,316.94,63.39,0,Wallet,Cancelled
6373,318,51,2024-09-18,20:24:00,59,4,335.27,33.53,0,Credit Card,Returned
6374,387,250,2024-07-01,10:21:00,29,5,583.65,116.73,30,UPI,Delivered
6375,3,20,2026-05-09,17:26:00,61,1,1288.52,0.0,30,Wallet,Delivered
6376,282,153,2025-07-25,17:16:00,43,3,489.37,0.0,40,UPI,Delivered
6377,492,76,2025-06-12,11:58:00,27,6,437.27,0.0,20,Wallet,Cancelled
6378,439,233,2025-09-28,16:04:00,43,3,306.57,0.0,0,Cash on Delivery,Returned
6379,359,99,2025-01-11,12:21:00,35,3,977.91,0.0,49,Cash on Delivery,Delivered
6380,385,23,2024-05-24,14:57:00,58,3,1409.04,70.45,49,UPI,Delivered
6381,5,123,2026-04-11,14:02:00,59,6,1121.93,56.1,20,Net Banking,Delivered
6382,542,81,2025-01-30,15:24:00,42,4,862.53,0.0,20,Net Banking,Returned
6383,415,192,2024-07-01,20:15:00,28,5,1089.95,0.0,30,Cash on Delivery,Delivered
6384,121,172,2024-03-22,13:05:00,33,2,1544.14,0.0,49,Wallet,Cancelled
6385,233,146,2024-09-22,13:57:00,43,2,979.73,146.96,20,Net Banking,Delivered
6386,124,197,2024-12-25,21:23:00,62,5,1396.09,69.8,0,Debit Card,Delivered
6387,180,143,2025-11-04,22:18:00,34,4,900.84,0.0,40,Debit Card,Delivered
6388,81,53,2024-09-02,18:31:00,48,2,1158.07,115.81,20,Debit Card,Returned
6389,291,238,2024-05-13,15:56:00,35,1,801.98,80.2,30,Credit Card,Delivered
6390,254,152,2026-03-29,15:42:00,54,4,164.54,24.68,20,Cash on Delivery,Cancelled
6391,556,181,2024-05-31,15:39:00,22,5,350.69,0.0,40,Wallet,Returned
6392,515,176,2025-11-04,23:17:00,37,3,1471.87,73.59,0,Credit Card,Returned
6393,125,167,2025-10-12,21:32:00,39,3,1098.6,54.93,49,Net Banking,Delivered
6394,529,30,2026-04-19,13:38:00,56,4,615.33,0.0,49,Credit Card,Delivered
6395,508,32,2025-08-02,19:38:00,20,6,324.37,48.66,49,Debit Card,Delivered
6396,233,103,2024-10-31,17:43:00,43,4,390.13,0.0,0,Net Banking,Delivered
6397,291,221,2024-11-13,09:46:00,64,1,1459.55,72.98,0,Net Banking,Cancelled
6398,204,23,2025-12-01,20:07:00,45,6,360.52,36.05,49,Credit Card,Returned
6399,529,67,2025-12-05,16:58:00,61,2,1720.66,0.0,49,UPI,Delivered
6400,370,84,2025-09-18,10:11:00,49,5,1069.9,0.0,20,UPI,Returned
6401,489,232,2024-11-09,17:51:00,43,3,1729.26,345.85,20,Cash on Delivery,Delivered
6402,128,219,2025-05-30,14:50:00,64,4,159.65,7.98,0,Wallet,Cancelled
6403,198,222,2025-04-09,11:41:00,59,2,729.46,36.47,49,Credit Card,Delivered
6404,141,2,2026-08-08,15:54:00,38,5,321.3,0.0,49,Wallet,Returned
6405,456,159,2025-11-07,18:05:00,54,6,1730.61,259.59,20,Wallet,Delivered
6406,384,39,2024-09-27,09:23:00,38,5,1071.55,0.0,20,Debit Card,Delivered
6407,65,203,2026-08-02,18:49:00,37,2,1546.39,154.64,20,Net Banking,Delivered
6408,495,202,2024-02-04,13:23:00,55,5,1452.62,0.0,30,Net Banking,Delivered
6409,322,216,2024-10-18,12:10:00,17,3,614.64,61.46,40,Credit Card,Delivered
6410,114,48,2025-09-06,20:28:00,30,2,1215.27,182.29,20,Cash on Delivery,Delivered
6411,439,192,2024-08-08,12:13:00,18,1,1172.37,58.62,0,Net Banking,Returned
6412,363,248,2024-12-30,23:50:00,42,2,342.72,0.0,0,Cash on Delivery,Delivered
6413,130,19,2026-06-15,19:44:00,42,6,1543.59,77.18,30,Net Banking,Returned
6414,386,53,2025-05-23,17:52:00,46,1,517.77,0.0,20,Cash on Delivery,Delivered
6415,250,245,2026-05-29,21:42:00,60,1,334.16,50.12,49,Cash on Delivery,Delivered
6416,468,86,2026-08-15,16:58:00,16,3,500.32,100.06,0,Net Banking,Returned
6417,565,105,2024-12-05,18:11:00,26,5,983.92,49.2,40,Wallet,Delivered
6418,457,41,2025-04-18,16:56:00,41,1,137.55,0.0,0,UPI,Delivered
6419,575,242,2026-03-26,13:51:00,48,4,167.13,0.0,30,UPI,Delivered
6420,89,151,2025-08-25,16:42:00,62,6,1070.47,0.0,30,UPI,Delivered
6421,489,13,2025-03-13,16:42:00,31,1,1467.1,220.06,40,Wallet,Delivered
6422,178,175,2024-11-24,15:51:00,33,4,298.71,0.0,30,Wallet,Delivered
6423,187,214,2026-06-19,16:40:00,16,2,1712.0,171.2,20,UPI,Delivered
6424,371,142,2024-03-06,11:14:00,16,5,1756.93,0.0,49,Debit Card,Cancelled
6425,114,20,2026-02-25,21:40:00,54,3,1187.71,237.54,0,Debit Card,Cancelled
6426,151,227,2026-02-12,14:16:00,35,1,1516.99,151.7,49,Cash on Delivery,Delivered
6427,492,201,2024-03-17,14:31:00,64,4,763.67,38.18,0,Wallet,Delivered
6428,64,99,2026-02-19,08:27:00,18,3,1324.4,0.0,40,Debit Card,Delivered
6429,364,25,2024-03-31,15:11:00,50,6,582.83,116.57,0,Wallet,Delivered
6430,288,11,2025-04-10,08:17:00,27,5,1787.64,357.53,20,Debit Card,Cancelled
6431,104,117,2024-07-13,12:55:00,33,4,303.35,45.5,30,Credit Card,Cancelled
6432,298,167,2025-12-27,10:04:00,30,3,252.59,25.26,0,Credit Card,Delivered
6433,563,145,2024-05-16,20:23:00,49,6,488.16,73.22,20,Cash on Delivery,Cancelled
6434,550,53,2026-05-19,21:50:00,47,5,664.07,0.0,40,Net Banking,Delivered
6435,333,194,2025-02-19,16:28:00,18,5,1551.48,0.0,49,Debit Card,Delivered
6436,582,171,2025-08-26,21:21:00,51,1,423.12,63.47,20,Net Banking,Returned
6437,259,223,2024-09-19,16:39:00,28,1,897.66,134.65,49,Debit Card,Delivered
6438,466,220,2026-04-30,16:16:00,53,6,1328.76,199.31,20,Credit Card,Delivered
6439,492,210,2026-06-15,23:07:00,65,3,1221.45,244.29,30,Wallet,Delivered
6440,154,143,2025-03-08,08:53:00,19,1,972.86,48.64,40,Net Banking,Delivered
6441,33,131,2024-03-15,11:44:00,56,2,914.26,0.0,0,UPI,Delivered
6442,292,118,2024-01-04,16:17:00,59,3,548.85,109.77,20,Wallet,Cancelled
6443,358,104,2025-04-26,12:05:00,59,1,1065.58,213.12,30,UPI,Delivered
6444,8,146,2024-10-06,19:46:00,58,6,1440.81,72.04,30,Net Banking,Returned
6445,136,19,2025-02-20,18:22:00,20,3,1473.29,0.0,0,UPI,Delivered
6446,546,132,2025-07-09,23:41:00,41,3,1371.17,0.0,30,Credit Card,Delivered
6447,456,43,2024-06-12,13:32:00,38,3,1702.73,85.14,49,Wallet,Returned
6448,195,21,2026-05-10,16:36:00,29,3,602.73,60.27,0,Wallet,Delivered
6449,505,52,2024-05-26,22:26:00,60,1,1112.65,111.27,0,Credit Card,Delivered
6450,483,116,2024-09-09,10:06:00,15,2,1494.42,0.0,20,Cash on Delivery,Returned
6451,327,220,2026-07-23,15:13:00,36,5,646.99,97.05,30,Wallet,Delivered
6452,303,148,2024-10-07,09:42:00,16,4,564.87,112.97,40,Cash on Delivery,Cancelled
6453,233,151,2025-04-14,10:06:00,48,5,362.68,72.54,0,Cash on Delivery,Delivered
6454,33,83,2025-11-13,19:57:00,35,5,1225.91,183.89,40,UPI,Delivered
6455,148,95,2024-08-16,22:58:00,44,4,1116.61,55.83,40,Wallet,Cancelled
6456,135,216,2025-01-17,16:37:00,40,4,170.57,34.11,40,UPI,Cancelled
6457,561,163,2025-04-25,14:48:00,65,4,1529.76,0.0,49,UPI,Delivered
6458,467,30,2024-06-08,11:25:00,62,4,422.21,21.11,40,Net Banking,Returned
6459,186,123,2024-08-22,16:10:00,48,5,1580.2,237.03,30,Credit Card,Delivered
6460,556,84,2026-01-26,17:18:00,40,1,1179.21,176.88,40,Net Banking,Delivered
6461,589,85,2026-08-17,15:09:00,19,5,249.57,49.91,20,Credit Card,Returned
6462,33,236,2024-10-11,17:08:00,21,4,1136.39,0.0,30,Wallet,Delivered
6463,355,107,2024-09-14,19:47:00,15,3,644.48,0.0,30,UPI,Delivered
6464,299,231,2024-04-08,20:59:00,28,1,833.65,125.05,40,Debit Card,Delivered
6465,499,15,2024-02-24,09:14:00,29,4,1104.81,0.0,40,Debit Card,Cancelled
6466,120,34,2026-02-05,09:27:00,58,4,156.08,31.22,49,UPI,Returned
6467,549,197,2024-11-29,21:37:00,15,2,1337.02,200.55,49,UPI,Returned
6468,510,14,2025-05-27,08:28:00,24,3,372.62,0.0,40,Debit Card,Cancelled
6469,19,247,2026-02-12,22:55:00,44,2,374.56,74.91,49,Cash on Delivery,Delivered
6470,456,58,2024-10-12,18:56:00,48,6,1733.74,86.69,0,UPI,Returned
6471,333,183,2024-02-06,09:33:00,38,5,661.98,0.0,49,UPI,Returned
6472,299,177,2025-02-02,19:04:00,42,4,1443.37,144.34,20,UPI,Cancelled
6473,452,17,2026-01-06,18:09:00,40,1,931.64,93.16,40,Cash on Delivery,Delivered
6474,600,111,2025-06-01,15:54:00,59,6,1374.32,68.72,20,UPI,Delivered
6475,448,66,2025-07-08,18:16:00,44,1,534.03,0.0,30,Net Banking,Delivered
6476,600,181,2025-02-21,14:16:00,50,1,503.24,100.65,0,Debit Card,Returned
6477,248,227,2025-01-28,12:23:00,56,4,1072.74,160.91,30,Credit Card,Returned
6478,246,2,2024-12-17,10:59:00,49,4,1284.05,0.0,30,UPI,Delivered
6479,439,97,2024-04-04,08:53:00,19,1,850.39,127.56,0,Net Banking,Delivered
6480,520,220,2024-03-10,20:05:00,48,5,460.54,0.0,49,Wallet,Delivered
6481,442,84,2024-07-16,21:24:00,64,1,622.22,0.0,0,Net Banking,Delivered
6482,575,123,2025-07-26,19:55:00,18,2,1488.36,0.0,20,Cash on Delivery,Returned
6483,77,46,2024-12-13,10:18:00,25,6,1228.78,184.32,40,UPI,Delivered
6484,82,34,2024-11-15,10:20:00,60,2,232.16,0.0,49,Credit Card,Cancelled
6485,560,117,2024-07-30,08:02:00,58,4,185.38,0.0,20,Net Banking,Delivered
6486,455,155,2026-03-12,19:29:00,29,4,1367.6,68.38,30,Cash on Delivery,Returned
6487,304,165,2024-04-15,08:35:00,52,3,741.5,0.0,40,Credit Card,Delivered
6488,280,191,2024-01-07,14:31:00,39,3,1101.79,165.27,0,Credit Card,Cancelled
6489,24,240,2025-08-30,16:46:00,35,3,381.72,0.0,30,Debit Card,Delivered
6490,262,208,2024-05-08,13:32:00,36,1,555.55,0.0,40,Wallet,Cancelled
6491,152,90,2026-06-21,18:33:00,64,4,1559.36,0.0,20,Wallet,Cancelled
6492,219,3,2024-12-22,21:06:00,55,2,301.26,0.0,20,Cash on Delivery,Cancelled
6493,212,179,2026-06-08,21:30:00,60,6,1162.38,116.24,20,Wallet,Delivered
6494,217,190,2026-06-08,19:46:00,55,2,1363.27,0.0,0,UPI,Delivered
6495,107,133,2025-08-22,08:36:00,50,2,1233.24,0.0,49,Cash on Delivery,Delivered
6496,584,55,2026-06-25,15:13:00,17,5,1216.34,0.0,20,Net Banking,Returned
6497,85,162,2025-10-22,21:52:00,16,2,150.04,30.01,49,Credit Card,Delivered
6498,578,105,2025-11-03,11:34:00,22,3,516.85,103.37,30,Wallet,Delivered
6499,432,46,2025-07-09,15:56:00,38,5,1325.96,0.0,30,Net Banking,Delivered
6500,463,125,2025-11-05,21:32:00,17,4,805.2,40.26,49,UPI,Cancelled
6501,287,73,2025-03-04,16:17:00,25,2,1222.22,122.22,49,Wallet,Returned
6502,391,70,2025-06-10,16:01:00,59,6,1710.21,171.02,20,Wallet,Delivered
6503,30,226,2024-05-28,09:51:00,46,3,549.49,0.0,20,Wallet,Delivered
6504,568,150,2025-07-19,09:05:00,34,4,769.93,76.99,49,Credit Card,Delivered
6505,195,166,2025-11-20,11:21:00,54,4,719.9,71.99,40,Cash on Delivery,Returned
6506,538,185,2026-08-28,11:17:00,18,2,1522.63,152.26,30,Debit Card,Delivered
6507,333,62,2025-03-07,22:36:00,27,6,1389.27,69.46,20,Credit Card,Delivered
6508,353,175,2025-03-31,09:32:00,57,1,240.42,12.02,30,Net Banking,Delivered
6509,418,207,2024-03-29,17:19:00,57,4,773.5,77.35,30,Net Banking,Delivered
6510,538,178,2025-09-13,19:30:00,22,1,932.1,46.61,0,UPI,Delivered
6511,15,241,2024-06-29,13:42:00,28,6,690.18,138.04,49,Cash on Delivery,Delivered
6512,387,236,2024-12-25,18:54:00,37,2,418.63,83.73,49,Debit Card,Delivered
6513,309,74,2024-08-07,21:01:00,62,3,1017.26,203.45,30,Net Banking,Returned
6514,405,185,2026-02-19,10:34:00,21,4,597.49,29.87,30,Cash on Delivery,Delivered
6515,536,244,2024-05-13,21:41:00,28,4,1125.32,168.8,0,Wallet,Delivered
6516,520,149,2025-11-05,23:14:00,56,1,490.86,0.0,49,Wallet,Delivered
6517,477,120,2024-10-08,21:28:00,31,2,447.89,0.0,49,Wallet,Returned
6518,468,14,2024-11-24,18:21:00,65,1,305.14,45.77,20,Credit Card,Cancelled
6519,298,222,2026-06-28,15:47:00,20,4,1338.27,200.74,40,Wallet,Delivered
6520,433,179,2024-08-17,11:32:00,47,3,513.78,0.0,0,Credit Card,Delivered
6521,128,212,2025-11-25,09:07:00,36,6,994.81,0.0,20,Cash on Delivery,Cancelled
6522,174,54,2026-07-30,10:02:00,43,6,1727.48,172.75,30,Cash on Delivery,Delivered
6523,527,177,2025-07-15,17:26:00,24,1,744.59,0.0,20,UPI,Returned
6524,90,24,2025-06-14,21:25:00,47,2,909.44,45.47,20,Wallet,Delivered
6525,48,21,2026-03-10,10:18:00,51,4,1481.67,74.08,30,UPI,Delivered
6526,77,211,2025-05-30,12:29:00,20,6,717.78,143.56,0,Credit Card,Delivered
6527,278,135,2024-06-22,12:29:00,41,6,487.79,0.0,49,Debit Card,Delivered
6528,239,96,2025-04-02,11:34:00,59,5,795.18,79.52,20,Debit Card,Delivered
6529,484,248,2024-08-24,22:18:00,36,4,306.55,61.31,40,Credit Card,Delivered
6530,271,241,2025-11-21,22:38:00,27,1,1591.48,238.72,49,Net Banking,Delivered
6531,453,19,2024-05-11,15:12:00,42,4,981.45,147.22,20,Wallet,Delivered
6532,340,91,2024-10-03,13:53:00,29,4,531.9,79.78,49,Cash on Delivery,Delivered
6533,21,70,2025-11-25,11:16:00,59,3,1661.09,166.11,49,Cash on Delivery,Delivered
6534,222,102,2024-10-03,14:09:00,30,3,1066.65,0.0,40,Credit Card,Cancelled
6535,518,118,2025-04-07,18:48:00,36,3,1329.06,132.91,30,UPI,Delivered
6536,290,39,2024-03-10,08:50:00,58,5,1089.06,108.91,49,Net Banking,Delivered
6537,471,105,2025-12-28,08:04:00,58,5,802.06,40.1,40,Wallet,Delivered
6538,587,53,2026-04-22,13:31:00,49,6,1693.47,84.67,0,Wallet,Delivered
6539,596,133,2025-09-03,09:45:00,51,4,1356.45,135.65,49,Wallet,Cancelled
6540,17,128,2025-11-05,15:44:00,30,5,238.16,0.0,0,Credit Card,Delivered
6541,134,72,2024-01-06,14:05:00,54,3,1447.6,0.0,40,Debit Card,Delivered
6542,494,74,2026-06-14,16:59:00,35,4,1281.04,0.0,20,Credit Card,Returned
6543,337,6,2025-01-09,17:41:00,39,4,1357.47,271.49,49,Wallet,Delivered
6544,513,224,2025-07-23,08:48:00,38,5,676.48,33.82,30,Credit Card,Delivered
6545,30,33,2025-06-29,12:14:00,34,2,1231.87,246.37,0,Debit Card,Cancelled
6546,292,50,2025-11-23,09:50:00,22,2,1649.38,82.47,20,Wallet,Delivered
6547,161,138,2025-07-19,17:52:00,17,6,1454.06,72.7,49,Cash on Delivery,Delivered
6548,504,58,2025-06-25,18:14:00,55,4,648.93,0.0,20,Credit Card,Delivered
6549,497,36,2024-03-28,18:50:00,51,6,1033.03,0.0,30,Cash on Delivery,Delivered
6550,182,235,2024-07-07,12:17:00,46,6,179.58,0.0,0,Credit Card,Returned
6551,196,119,2025-07-01,08:03:00,39,5,638.77,63.88,40,Debit Card,Cancelled
6552,587,211,2024-08-24,19:20:00,38,1,857.21,85.72,20,Credit Card,Delivered
6553,39,177,2025-12-25,12:42:00,23,3,569.17,113.83,49,UPI,Cancelled
6554,41,161,2025-01-27,11:00:00,47,3,653.82,130.76,40,UPI,Delivered
6555,125,149,2024-07-11,21:16:00,15,4,580.55,0.0,30,UPI,Delivered
6556,522,35,2024-07-05,13:18:00,22,2,1246.76,249.35,20,Wallet,Returned
6557,591,96,2024-03-04,10:01:00,23,2,420.54,63.08,20,Wallet,Delivered
6558,223,146,2025-08-14,12:59:00,60,5,648.69,129.74,49,UPI,Delivered
6559,192,127,2024-08-27,18:02:00,26,2,287.79,0.0,49,UPI,Delivered
6560,96,14,2025-12-07,10:38:00,52,3,495.76,0.0,0,UPI,Delivered
6561,491,129,2025-10-18,17:42:00,65,2,1485.95,297.19,49,UPI,Delivered
6562,253,163,2024-11-27,11:45:00,56,5,1208.07,181.21,0,Net Banking,Delivered
6563,480,242,2025-09-12,10:31:00,41,2,156.21,0.0,49,Wallet,Returned
6564,106,28,2024-12-22,16:51:00,28,6,311.47,15.57,40,UPI,Delivered
6565,300,29,2026-08-24,08:59:00,34,6,1763.17,352.63,49,Net Banking,Cancelled
6566,29,105,2024-09-25,19:24:00,24,6,1171.0,175.65,0,Net Banking,Delivered
6567,193,162,2024-06-29,23:12:00,42,3,363.75,54.56,49,Credit Card,Delivered
6568,467,34,2025-01-17,12:03:00,62,6,649.88,0.0,40,Wallet,Returned
6569,476,159,2026-01-03,11:56:00,63,4,867.06,173.41,0,Credit Card,Delivered
6570,319,206,2024-10-04,08:06:00,29,1,704.9,70.49,40,Credit Card,Delivered
6571,207,64,2025-10-26,13:19:00,64,6,1099.96,219.99,0,Cash on Delivery,Returned
6572,203,5,2025-02-09,21:55:00,50,5,913.99,91.4,40,UPI,Delivered
6573,188,242,2026-08-11,09:45:00,58,2,1496.31,0.0,49,Wallet,Delivered
6574,296,12,2024-10-01,08:09:00,40,1,839.99,42.0,49,Wallet,Delivered
6575,328,176,2024-03-03,11:20:00,65,4,1377.43,0.0,20,Debit Card,Delivered
6576,269,133,2024-04-27,08:26:00,15,3,678.31,101.75,49,Net Banking,Cancelled
6577,450,141,2024-03-07,17:57:00,45,1,693.72,104.06,40,Debit Card,Delivered
6578,473,174,2024-04-08,23:09:00,52,1,406.03,40.6,49,UPI,Delivered
6579,250,58,2024-10-04,19:14:00,27,5,620.23,0.0,0,Net Banking,Returned
6580,142,107,2025-09-07,22:32:00,47,6,451.33,0.0,0,Wallet,Cancelled
6581,52,129,2024-12-15,12:02:00,56,3,792.16,0.0,49,Net Banking,Delivered
6582,194,67,2024-09-18,09:21:00,49,3,854.35,128.15,49,Debit Card,Delivered
6583,598,209,2025-04-27,16:44:00,30,5,1414.51,0.0,30,Debit Card,Returned
6584,309,222,2026-06-10,12:48:00,58,1,1116.17,0.0,30,Debit Card,Delivered
6585,89,47,2026-02-11,14:04:00,21,4,1613.15,161.32,30,Net Banking,Delivered
6586,277,233,2024-05-14,13:53:00,47,2,356.29,53.44,49,Debit Card,Returned
6587,513,228,2025-04-15,17:09:00,43,5,1507.31,75.37,20,UPI,Delivered
6588,329,211,2025-10-24,18:01:00,51,3,1753.7,175.37,40,Wallet,Delivered
6589,69,226,2025-03-20,14:34:00,50,2,970.49,0.0,0,Wallet,Delivered
6590,578,195,2024-06-13,19:06:00,25,1,321.98,32.2,49,Wallet,Delivered
6591,391,41,2024-09-07,11:05:00,42,4,740.24,148.05,30,Cash on Delivery,Cancelled
6592,437,223,2024-08-15,08:03:00,58,3,1498.37,299.67,20,Credit Card,Delivered
6593,595,219,2026-06-12,09:05:00,37,4,1500.95,0.0,40,Wallet,Returned
6594,374,215,2026-02-13,18:45:00,40,5,600.0,0.0,30,Cash on Delivery,Returned
6595,454,54,2024-12-14,12:44:00,47,2,1332.79,266.56,49,Cash on Delivery,Cancelled
6596,378,194,2025-04-30,22:16:00,59,1,1223.3,0.0,40,Debit Card,Delivered
6597,403,193,2024-11-19,22:25:00,34,1,787.72,0.0,40,Debit Card,Delivered
6598,521,101,2024-04-27,22:07:00,20,1,829.68,165.94,40,Cash on Delivery,Delivered
6599,400,154,2024-08-18,13:17:00,52,6,803.22,0.0,20,Debit Card,Delivered
6600,206,109,2025-09-07,13:32:00,35,1,699.03,0.0,49,Credit Card,Delivered
6601,292,114,2025-04-03,17:04:00,46,6,482.57,72.39,20,Cash on Delivery,Returned
6602,58,30,2024-02-24,23:34:00,42,4,763.61,114.54,0,Debit Card,Cancelled
6603,290,192,2024-12-08,09:13:00,36,5,1530.53,306.11,0,Cash on Delivery,Returned
6604,372,236,2024-11-12,09:40:00,58,4,303.28,60.66,30,Cash on Delivery,Delivered
6605,568,202,2026-05-23,23:24:00,15,5,1243.07,0.0,40,Cash on Delivery,Delivered
6606,440,205,2026-05-06,08:13:00,39,2,1230.86,0.0,20,Net Banking,Delivered
6607,415,46,2024-05-27,23:06:00,54,6,358.1,17.91,20,Cash on Delivery,Delivered
6608,345,112,2025-03-04,22:14:00,53,1,754.81,113.22,0,Cash on Delivery,Cancelled
6609,510,175,2025-05-21,13:59:00,65,6,448.05,0.0,40,Cash on Delivery,Delivered
6610,266,118,2025-12-16,21:26:00,37,6,1466.95,73.35,0,Cash on Delivery,Delivered
6611,29,230,2024-06-09,13:25:00,22,6,1227.52,0.0,20,Debit Card,Delivered
6612,262,209,2026-08-07,18:46:00,43,2,568.0,0.0,49,UPI,Delivered
6613,441,70,2025-07-04,13:27:00,21,3,1463.8,219.57,0,UPI,Delivered
6614,349,236,2025-10-22,23:32:00,19,5,530.35,53.04,0,Cash on Delivery,Delivered
6615,227,162,2024-09-01,11:22:00,40,4,1748.66,0.0,30,Credit Card,Cancelled
6616,42,137,2026-03-10,18:05:00,53,5,454.74,68.21,40,UPI,Delivered
6617,583,104,2025-12-07,13:19:00,54,5,1716.39,0.0,40,Wallet,Delivered
6618,89,17,2024-02-13,14:00:00,49,5,860.69,0.0,49,Cash on Delivery,Cancelled
6619,569,178,2025-11-02,08:59:00,31,1,1475.59,295.12,30,UPI,Delivered
6620,77,102,2025-02-19,11:12:00,15,4,457.61,0.0,49,Debit Card,Cancelled
6621,588,240,2025-03-05,10:40:00,63,1,608.45,60.85,0,Net Banking,Delivered
6622,7,81,2026-05-15,23:57:00,31,6,1098.89,164.83,40,Debit Card,Delivered
6623,260,201,2026-01-08,09:10:00,34,5,529.63,26.48,0,Credit Card,Delivered
6624,146,118,2025-08-04,15:21:00,57,3,1390.65,278.13,30,Wallet,Delivered
6625,345,202,2026-07-27,08:21:00,62,4,1643.46,0.0,0,UPI,Delivered
6626,331,34,2025-02-09,10:49:00,32,6,712.31,106.85,40,Wallet,Delivered
6627,175,213,2024-10-29,19:46:00,55,4,833.33,41.67,20,UPI,Delivered
6628,114,36,2025-06-13,10:26:00,27,4,1157.07,57.85,20,UPI,Delivered
6629,249,51,2026-02-11,14:55:00,50,3,785.27,117.79,20,Cash on Delivery,Delivered
6630,342,115,2024-02-10,09:50:00,22,3,1256.8,251.36,20,Debit Card,Cancelled
6631,123,218,2025-03-14,12:39:00,26,2,1341.25,67.06,20,UPI,Cancelled
6632,269,209,2024-07-18,15:23:00,43,1,1421.01,0.0,0,Debit Card,Delivered
6633,318,158,2024-05-11,10:14:00,55,5,833.69,41.68,49,Credit Card,Delivered
6634,462,197,2024-05-16,22:02:00,24,3,741.68,0.0,30,Credit Card,Delivered
6635,52,121,2025-02-11,09:30:00,16,1,1406.31,210.95,49,Cash on Delivery,Delivered
6636,563,147,2025-03-22,22:19:00,31,2,1202.54,0.0,49,Credit Card,Delivered
6637,373,244,2025-11-01,23:58:00,19,4,1297.71,0.0,30,Wallet,Returned
6638,436,53,2024-09-08,20:01:00,41,6,1729.19,0.0,0,Credit Card,Returned
6639,168,55,2024-03-12,13:12:00,16,2,1615.96,80.8,20,Cash on Delivery,Delivered
6640,290,113,2024-08-22,09:34:00,20,4,1119.01,0.0,20,Debit Card,Delivered
6641,213,186,2026-02-03,16:08:00,17,4,364.95,54.74,49,Debit Card,Returned
6642,540,191,2024-01-10,16:08:00,33,5,674.56,0.0,0,Wallet,Delivered
6643,539,185,2025-07-25,15:37:00,25,1,1486.38,0.0,20,Wallet,Delivered
6644,508,141,2024-12-20,22:14:00,27,6,1264.7,0.0,40,Cash on Delivery,Delivered
6645,439,239,2026-01-23,20:33:00,23,5,469.0,0.0,40,Credit Card,Delivered
6646,15,62,2026-07-11,22:50:00,46,3,1543.3,308.66,30,Credit Card,Delivered
6647,350,5,2025-06-21,13:23:00,58,4,171.44,0.0,30,Debit Card,Delivered
6648,168,143,2024-09-08,19:40:00,47,5,1716.43,257.46,30,Credit Card,Delivered
6649,49,149,2024-09-29,15:54:00,49,1,705.21,0.0,40,Net Banking,Returned
6650,271,191,2025-06-07,15:00:00,22,5,1397.99,69.9,0,Net Banking,Delivered
6651,480,95,2026-03-20,15:36:00,29,6,1301.3,130.13,49,Debit Card,Delivered
6652,463,196,2026-02-19,21:50:00,15,1,1567.73,235.16,30,Credit Card,Delivered
6653,41,152,2025-06-11,15:38:00,41,3,610.03,122.01,49,Wallet,Delivered
6654,308,162,2024-07-20,14:50:00,63,5,1204.19,0.0,30,Credit Card,Delivered
6655,237,65,2025-03-30,10:59:00,59,4,952.29,0.0,30,Cash on Delivery,Returned
6656,568,16,2024-12-18,17:16:00,37,2,1104.05,0.0,49,Credit Card,Delivered
6657,595,28,2024-10-20,08:35:00,43,3,668.27,0.0,0,Wallet,Delivered
6658,587,52,2024-04-10,09:22:00,48,4,773.26,77.33,40,Net Banking,Returned
6659,264,206,2025-01-24,10:35:00,32,1,765.41,114.81,40,UPI,Delivered
6660,107,170,2025-05-25,22:48:00,34,6,1324.22,0.0,30,Cash on Delivery,Delivered
6661,199,226,2024-05-12,21:57:00,26,3,830.41,0.0,20,Debit Card,Returned
6662,505,139,2026-01-24,21:21:00,29,3,927.33,46.37,40,Cash on Delivery,Delivered
6663,219,110,2026-05-08,08:14:00,24,1,306.83,46.02,20,Debit Card,Delivered
6664,576,110,2024-03-25,19:56:00,32,4,1146.93,114.69,30,Debit Card,Returned
6665,104,140,2025-11-25,19:04:00,53,5,810.61,0.0,20,Cash on Delivery,Returned
6666,430,242,2024-05-24,09:32:00,24,2,934.75,0.0,30,Net Banking,Delivered
6667,12,250,2024-06-17,14:14:00,59,5,976.11,0.0,40,Wallet,Cancelled
6668,156,237,2025-05-17,13:08:00,32,2,1293.95,258.79,40,Debit Card,Delivered
6669,101,27,2025-03-12,12:22:00,51,4,1663.9,166.39,40,UPI,Delivered
6670,378,19,2024-05-01,16:42:00,43,4,902.39,0.0,40,Credit Card,Delivered
6671,324,158,2026-09-21,14:33:00,18,5,1454.07,0.0,40,Net Banking,Delivered
6672,114,24,2025-06-14,10:36:00,25,5,507.26,76.09,30,Wallet,Returned
6673,275,10,2026-05-07,12:27:00,56,6,1499.36,224.9,49,Credit Card,Delivered
6674,569,230,2026-01-20,22:18:00,55,6,476.7,71.5,30,UPI,Delivered
6675,323,199,2026-08-12,17:10:00,15,3,1146.45,0.0,30,Net Banking,Cancelled
6676,516,127,2025-02-01,22:42:00,36,4,878.08,0.0,49,Cash on Delivery,Delivered
6677,574,133,2024-03-19,17:21:00,56,2,1388.37,277.67,20,Wallet,Delivered
6678,90,221,2026-03-25,14:47:00,27,4,462.25,92.45,20,Cash on Delivery,Returned
6679,311,215,2024-02-23,11:38:00,55,3,641.04,64.1,49,UPI,Cancelled
6680,25,134,2024-10-30,12:50:00,44,2,718.98,71.9,0,Net Banking,Cancelled
6681,96,81,2025-05-02,21:52:00,31,6,583.8,58.38,20,Net Banking,Delivered
6682,82,207,2024-06-20,08:50:00,35,2,1253.98,125.4,40,UPI,Delivered
6683,124,148,2024-02-18,20:10:00,33,4,1796.13,0.0,20,UPI,Returned
6684,130,224,2024-06-04,19:25:00,24,3,607.92,30.4,40,Credit Card,Delivered
6685,160,186,2026-07-28,09:27:00,41,3,557.47,27.87,40,Cash on Delivery,Delivered
6686,195,113,2026-09-21,09:28:00,18,1,1506.29,150.63,30,Wallet,Delivered
6687,496,199,2026-09-21,19:14:00,47,5,1719.59,0.0,30,Wallet,Delivered
6688,569,66,2025-12-05,14:29:00,20,1,918.96,183.79,0,Wallet,Returned
6689,570,90,2026-05-24,20:39:00,21,6,225.14,33.77,40,Net Banking,Delivered
6690,514,144,2025-05-14,18:58:00,65,5,1398.99,0.0,49,Net Banking,Delivered
6691,542,162,2026-07-13,21:08:00,30,5,465.05,46.51,30,UPI,Delivered
6692,475,18,2025-08-11,19:30:00,20,3,1561.48,312.3,20,UPI,Delivered
6693,51,213,2024-01-20,16:57:00,46,6,1438.02,287.6,49,Debit Card,Delivered
6694,445,168,2024-12-02,21:33:00,36,5,184.6,0.0,20,Cash on Delivery,Delivered
6695,555,239,2025-03-02,10:59:00,34,4,1542.51,154.25,0,UPI,Cancelled
6696,471,163,2024-10-27,13:13:00,45,5,446.08,66.91,40,Credit Card,Cancelled
6697,114,186,2026-06-07,16:30:00,15,1,1752.23,87.61,0,Wallet,Delivered
6698,417,232,2025-12-23,13:39:00,23,4,771.34,0.0,20,Cash on Delivery,Cancelled
6699,54,25,2024-08-25,17:09:00,21,3,1321.8,264.36,40,Cash on Delivery,Cancelled
6700,32,38,2025-12-22,20:08:00,47,1,256.19,0.0,20,UPI,Delivered
6701,401,177,2025-06-17,18:12:00,38,5,235.93,35.39,30,Net Banking,Cancelled
6702,439,64,2025-05-24,17:28:00,48,5,1567.59,156.76,20,Debit Card,Delivered
6703,128,156,2025-06-17,23:34:00,22,6,483.83,48.38,0,Cash on Delivery,Cancelled
6704,203,196,2024-05-13,13:41:00,63,2,1159.54,173.93,40,Debit Card,Delivered
6705,95,199,2024-07-27,23:03:00,38,3,599.83,0.0,0,Debit Card,Returned
6706,305,125,2024-11-26,19:12:00,26,3,1766.68,0.0,40,Net Banking,Delivered
6707,489,9,2026-03-26,13:46:00,56,3,1100.9,0.0,30,Wallet,Delivered
6708,13,177,2025-04-26,11:30:00,50,4,983.88,49.19,40,Debit Card,Returned
6709,209,177,2025-01-26,08:00:00,32,3,1381.45,0.0,30,Cash on Delivery,Delivered
6710,289,36,2025-05-23,19:14:00,44,2,883.97,0.0,40,Wallet,Delivered
6711,354,52,2025-04-06,12:16:00,34,3,1076.61,53.83,0,Credit Card,Cancelled
6712,387,233,2025-08-28,18:59:00,19,3,1210.68,181.6,20,Cash on Delivery,Delivered
6713,167,237,2026-06-15,09:03:00,52,1,1424.55,0.0,49,Debit Card,Cancelled
6714,320,191,2026-08-15,09:08:00,53,4,1650.84,165.08,49,Debit Card,Cancelled
6715,520,201,2025-12-24,23:01:00,42,6,556.76,0.0,20,Cash on Delivery,Delivered
6716,568,148,2025-02-05,23:35:00,23,4,1525.54,76.28,40,Net Banking,Cancelled
6717,270,102,2024-03-11,08:21:00,61,5,1178.29,176.74,20,UPI,Delivered
6718,24,76,2025-11-14,17:49:00,46,5,598.78,0.0,30,UPI,Returned
6719,336,201,2024-04-15,18:37:00,32,5,141.44,28.29,0,Credit Card,Delivered
6720,430,163,2026-03-13,13:29:00,15,4,246.72,37.01,30,UPI,Delivered
6721,102,125,2026-04-05,11:59:00,54,6,730.4,36.52,20,Net Banking,Delivered
6722,473,124,2026-02-03,16:00:00,50,5,1057.06,0.0,40,Net Banking,Delivered
6723,373,169,2024-08-05,10:50:00,58,6,317.37,47.61,30,Debit Card,Returned
6724,66,108,2024-11-02,14:47:00,30,6,1196.87,119.69,20,Net Banking,Delivered
6725,241,99,2026-05-14,22:00:00,17,5,884.6,176.92,0,Net Banking,Delivered
6726,426,142,2026-03-14,12:49:00,50,6,1611.47,80.57,30,Cash on Delivery,Delivered
6727,555,140,2025-04-15,13:40:00,64,6,444.88,66.73,40,Debit Card,Returned
6728,356,213,2025-04-29,21:52:00,56,1,757.64,151.53,49,Debit Card,Delivered
6729,202,214,2024-01-07,09:46:00,54,2,1685.49,0.0,0,Cash on Delivery,Delivered
6730,412,46,2024-01-23,21:41:00,42,4,408.93,40.89,20,Cash on Delivery,Delivered
6731,313,183,2024-03-25,08:11:00,47,6,1240.75,0.0,49,Cash on Delivery,Cancelled
6732,524,176,2024-01-05,13:27:00,34,5,1585.12,237.77,20,Net Banking,Delivered
6733,237,20,2024-12-20,11:40:00,25,2,1368.92,0.0,49,UPI,Returned
6734,453,119,2024-06-27,13:22:00,44,5,451.29,0.0,40,Net Banking,Delivered
6735,131,57,2024-01-18,18:44:00,29,2,1534.48,0.0,40,UPI,Delivered
6736,71,163,2024-03-31,11:56:00,26,2,1661.13,83.06,20,Net Banking,Delivered
6737,575,169,2024-03-03,10:40:00,24,2,266.67,0.0,20,Wallet,Returned
6738,426,90,2026-08-24,12:52:00,21,1,250.09,12.5,30,Debit Card,Cancelled
6739,49,186,2024-12-22,09:02:00,52,5,254.36,25.44,40,UPI,Delivered
6740,517,8,2025-06-06,19:40:00,22,1,1752.39,0.0,30,UPI,Returned
6741,311,28,2024-06-18,13:46:00,36,1,1529.79,0.0,20,Net Banking,Delivered
6742,340,16,2025-06-17,13:25:00,44,1,447.8,0.0,49,Cash on Delivery,Cancelled
6743,572,3,2025-03-25,11:18:00,53,2,947.99,0.0,49,UPI,Delivered
6744,283,95,2024-04-23,17:07:00,31,4,1303.16,130.32,0,Cash on Delivery,Delivered
6745,420,17,2024-02-13,19:35:00,29,3,1026.27,0.0,30,Net Banking,Delivered
6746,164,120,2024-12-09,15:26:00,62,2,625.98,125.2,40,Net Banking,Delivered
6747,58,91,2024-07-06,15:43:00,27,6,1229.65,0.0,40,Debit Card,Delivered
6748,592,218,2024-03-12,23:35:00,27,3,1348.4,0.0,40,Debit Card,Delivered
6749,378,136,2026-08-20,18:32:00,50,1,288.6,0.0,30,Cash on Delivery,Delivered
6750,87,121,2024-01-24,22:53:00,43,3,913.56,45.68,20,Cash on Delivery,Delivered
6751,60,218,2026-04-11,20:06:00,17,3,409.88,81.98,0,Credit Card,Delivered
6752,485,53,2026-08-01,19:14:00,50,4,1008.61,201.72,49,UPI,Delivered
6753,479,138,2024-01-22,08:46:00,44,6,1551.91,77.6,0,Cash on Delivery,Delivered
6754,1,16,2026-04-21,18:15:00,31,6,903.47,0.0,0,Wallet,Delivered
6755,305,248,2025-06-21,11:16:00,34,3,518.12,51.81,30,Debit Card,Delivered
6756,173,103,2025-02-12,13:26:00,64,2,1122.74,0.0,0,Net Banking,Returned
6757,535,28,2026-01-01,15:34:00,29,2,589.22,88.38,49,Wallet,Delivered
6758,82,82,2026-07-26,18:57:00,26,5,1364.7,272.94,49,Credit Card,Delivered
6759,473,121,2025-11-25,22:05:00,27,3,1016.1,101.61,40,UPI,Delivered
6760,24,15,2024-03-23,14:06:00,22,2,1500.98,300.2,40,Net Banking,Delivered
6761,70,206,2026-08-23,23:42:00,53,4,1238.78,123.88,49,Credit Card,Delivered
6762,248,15,2025-08-11,09:59:00,64,4,1718.92,0.0,30,Net Banking,Delivered
6763,50,209,2026-03-21,09:38:00,56,1,1558.4,0.0,30,UPI,Delivered
6764,279,105,2025-12-22,20:42:00,40,1,681.59,136.32,0,Cash on Delivery,Delivered
6765,581,7,2026-08-16,13:52:00,38,6,740.98,0.0,49,Net Banking,Delivered
6766,467,51,2025-04-16,16:01:00,43,6,138.57,0.0,49,UPI,Cancelled
6767,275,211,2024-05-03,21:43:00,64,1,952.97,0.0,20,Cash on Delivery,Delivered
6768,451,195,2024-08-22,09:36:00,15,3,1633.06,326.61,20,UPI,Delivered
6769,165,85,2024-05-07,21:18:00,43,1,554.07,0.0,30,UPI,Cancelled
6770,210,22,2024-09-11,22:58:00,63,6,613.5,0.0,40,UPI,Delivered
6771,388,92,2024-02-23,14:52:00,45,1,663.43,99.51,0,UPI,Delivered
6772,263,143,2025-06-11,15:57:00,47,2,852.8,0.0,0,UPI,Cancelled
6773,36,37,2026-01-04,11:58:00,35,2,799.61,159.92,20,UPI,Delivered
6774,436,176,2025-04-28,19:45:00,46,3,1261.21,0.0,49,Cash on Delivery,Delivered
6775,460,37,2025-01-11,08:51:00,16,4,1547.16,77.36,20,Cash on Delivery,Delivered
6776,528,115,2026-04-01,16:37:00,59,2,1550.69,232.6,20,UPI,Returned
6777,355,28,2024-04-22,08:56:00,55,5,251.75,12.59,49,Credit Card,Delivered
6778,234,85,2026-05-16,22:04:00,54,1,1112.92,0.0,40,Cash on Delivery,Returned
6779,114,124,2025-02-23,19:32:00,47,1,1003.38,100.34,20,Cash on Delivery,Delivered
6780,23,108,2024-03-10,22:04:00,23,3,693.4,0.0,40,Debit Card,Delivered
6781,272,147,2024-07-19,11:51:00,57,4,1727.19,0.0,40,Debit Card,Delivered
6782,561,245,2024-07-20,16:59:00,57,3,635.56,0.0,0,Credit Card,Delivered
6783,535,86,2025-12-05,18:37:00,53,1,214.86,10.74,40,UPI,Delivered
6784,322,213,2025-03-23,20:46:00,58,2,646.59,64.66,0,Credit Card,Returned
6785,520,18,2025-07-05,21:48:00,48,2,391.35,0.0,40,Wallet,Cancelled
6786,567,188,2025-12-02,20:21:00,33,2,867.46,0.0,0,Credit Card,Delivered
6787,600,46,2025-06-21,22:41:00,23,2,560.46,28.02,40,UPI,Delivered
6788,225,80,2026-04-15,23:30:00,56,6,761.04,0.0,20,UPI,Delivered
6789,547,237,2025-03-14,12:16:00,38,2,253.29,0.0,30,Cash on Delivery,Delivered
6790,559,242,2024-05-22,20:21:00,23,2,1575.42,0.0,0,Cash on Delivery,Delivered
6791,267,105,2025-03-09,21:22:00,41,3,1030.11,0.0,30,Credit Card,Returned
6792,594,22,2025-10-22,09:13:00,43,3,1099.61,54.98,20,Cash on Delivery,Delivered
6793,372,107,2025-05-22,10:10:00,20,6,391.83,39.18,49,Wallet,Delivered
6794,443,164,2026-07-02,17:04:00,35,3,916.65,183.33,20,UPI,Returned
6795,254,246,2026-08-03,10:44:00,54,1,535.89,26.79,49,Credit Card,Delivered
6796,49,44,2026-03-17,13:36:00,43,4,936.04,0.0,20,UPI,Delivered
6797,87,198,2026-08-01,10:13:00,38,1,1486.69,223.0,20,Credit Card,Delivered
6798,423,133,2026-02-08,17:52:00,53,3,1136.01,56.8,49,Credit Card,Delivered
6799,488,124,2024-10-12,17:31:00,27,2,1728.6,0.0,40,UPI,Delivered
6800,339,244,2026-05-29,19:17:00,51,4,1027.3,51.37,20,Cash on Delivery,Returned
6801,412,11,2024-09-23,10:58:00,61,2,1631.48,0.0,40,Cash on Delivery,Delivered
6802,498,24,2025-01-29,17:17:00,34,2,1205.61,120.56,20,Net Banking,Delivered
6803,219,241,2026-05-01,13:17:00,46,1,1637.05,0.0,20,Net Banking,Returned
6804,381,248,2024-11-25,16:30:00,22,2,203.41,10.17,20,UPI,Delivered
6805,569,11,2025-07-03,09:24:00,65,5,424.53,0.0,20,Net Banking,Returned
6806,486,164,2025-03-24,20:44:00,45,3,452.7,45.27,49,Net Banking,Delivered
6807,228,148,2024-04-13,23:44:00,36,5,1083.74,0.0,49,Net Banking,Delivered
6808,120,150,2026-02-18,17:32:00,26,3,821.29,0.0,0,UPI,Delivered
6809,535,2,2026-05-11,15:46:00,32,4,879.07,131.86,0,Cash on Delivery,Delivered
6810,433,155,2024-08-07,16:31:00,30,5,242.54,48.51,40,Credit Card,Delivered
6811,5,239,2025-12-02,22:10:00,19,5,745.13,74.51,20,Credit Card,Delivered
6812,67,103,2024-09-11,17:02:00,36,3,774.77,77.48,49,Debit Card,Delivered
6813,21,194,2024-04-24,23:22:00,25,3,222.87,0.0,0,Cash on Delivery,Delivered
6814,371,7,2024-10-26,15:20:00,43,5,313.41,0.0,20,Cash on Delivery,Delivered
6815,25,20,2026-05-09,19:15:00,27,5,951.42,0.0,49,Credit Card,Delivered
6816,173,153,2024-05-07,12:52:00,30,5,1249.14,187.37,0,Wallet,Delivered
6817,503,72,2026-07-01,09:03:00,65,4,543.4,108.68,20,Cash on Delivery,Cancelled
6818,550,231,2026-01-14,16:13:00,25,2,1229.65,61.48,0,Wallet,Returned
6819,219,82,2025-01-21,23:08:00,52,3,579.38,0.0,30,Cash on Delivery,Cancelled
6820,142,41,2026-07-13,21:18:00,45,2,962.57,0.0,20,Credit Card,Delivered
6821,242,41,2025-10-09,20:02:00,64,6,1249.4,0.0,20,Credit Card,Returned
6822,457,85,2025-01-19,11:31:00,56,3,1006.49,0.0,30,Wallet,Delivered
6823,468,57,2024-01-26,10:46:00,65,5,1382.6,207.39,49,Wallet,Cancelled
6824,296,188,2026-07-20,12:17:00,22,2,1127.26,0.0,30,Net Banking,Delivered
6825,380,42,2024-05-20,15:09:00,16,5,490.23,24.51,30,Net Banking,Delivered
6826,37,210,2024-01-28,13:39:00,29,4,863.74,86.37,30,UPI,Delivered
6827,358,88,2024-10-03,17:18:00,32,6,633.94,126.79,49,Wallet,Delivered
6828,228,126,2024-05-30,21:35:00,27,2,1450.79,0.0,30,Net Banking,Cancelled
6829,208,125,2025-11-20,19:23:00,59,4,1191.69,238.34,20,Cash on Delivery,Delivered
6830,349,24,2024-08-25,14:57:00,19,1,1573.18,78.66,30,Credit Card,Delivered
6831,149,221,2026-07-28,21:16:00,37,4,1287.08,128.71,40,Cash on Delivery,Delivered
6832,454,9,2024-12-28,23:06:00,45,1,727.65,109.15,0,Wallet,Delivered
6833,229,233,2024-08-23,15:14:00,38,4,400.38,60.06,30,Debit Card,Delivered
6834,126,53,2024-12-09,17:07:00,63,1,1307.76,0.0,30,UPI,Delivered
6835,239,113,2024-07-16,12:01:00,57,6,1220.57,0.0,0,UPI,Delivered
6836,234,247,2026-04-18,13:54:00,23,6,842.56,0.0,40,Net Banking,Delivered
6837,570,179,2026-02-02,21:26:00,29,1,1380.08,0.0,49,Net Banking,Delivered
6838,291,140,2026-09-11,21:51:00,29,5,1378.45,137.84,40,Debit Card,Delivered
6839,575,243,2024-04-10,13:39:00,51,3,1084.58,0.0,0,UPI,Cancelled
6840,539,79,2025-08-18,14:33:00,27,3,143.89,14.39,20,Credit Card,Delivered
6841,378,49,2024-05-11,20:38:00,33,5,1370.44,0.0,20,UPI,Returned
6842,84,217,2024-09-05,08:54:00,40,3,1431.04,0.0,20,Credit Card,Delivered
6843,402,234,2026-05-07,10:52:00,21,6,1057.59,52.88,30,Wallet,Delivered
6844,76,87,2024-04-05,20:18:00,59,6,1501.17,75.06,30,Net Banking,Cancelled
6845,197,160,2025-03-01,19:59:00,53,4,1063.24,53.16,49,UPI,Delivered
6846,540,4,2024-01-04,17:29:00,15,2,434.71,21.74,0,Wallet,Delivered
6847,541,130,2026-03-01,17:54:00,57,2,1653.29,0.0,20,Wallet,Delivered
6848,471,63,2024-04-30,08:23:00,28,5,989.82,148.47,49,Credit Card,Delivered
6849,165,160,2025-12-21,08:19:00,62,3,390.97,78.19,20,Credit Card,Returned
6850,432,32,2025-03-17,09:48:00,20,1,1235.2,123.52,40,Credit Card,Returned
6851,573,160,2025-10-08,14:45:00,49,2,235.2,47.04,0,UPI,Delivered
6852,371,194,2024-04-11,08:58:00,41,1,1550.26,155.03,40,Net Banking,Delivered
6853,577,124,2025-11-23,08:18:00,58,6,379.43,0.0,49,Cash on Delivery,Returned
6854,469,214,2025-11-20,20:54:00,42,6,1504.36,0.0,0,UPI,Delivered
6855,318,86,2024-07-24,10:38:00,61,6,1182.12,0.0,20,Credit Card,Delivered
6856,335,191,2026-04-07,15:10:00,45,1,554.35,110.87,40,Wallet,Cancelled
6857,355,4,2025-05-08,20:51:00,24,2,503.35,0.0,40,Debit Card,Delivered
6858,596,170,2024-10-06,17:52:00,31,5,493.2,24.66,30,Wallet,Delivered
6859,220,107,2024-01-10,10:25:00,20,4,1320.92,66.05,40,Credit Card,Returned
6860,32,238,2025-05-11,14:29:00,25,2,1532.42,229.86,30,Cash on Delivery,Delivered
6861,559,67,2025-06-27,15:25:00,28,5,319.83,63.97,0,UPI,Cancelled
6862,526,158,2025-07-24,11:00:00,24,5,659.78,32.99,49,Net Banking,Cancelled
6863,178,173,2024-08-01,15:43:00,36,5,841.35,0.0,30,Credit Card,Returned
6864,135,59,2026-04-24,17:58:00,63,2,362.2,0.0,0,UPI,Delivered
6865,265,163,2024-10-08,12:12:00,15,3,760.13,38.01,30,Cash on Delivery,Delivered
6866,432,4,2026-01-15,20:06:00,55,6,374.2,0.0,40,Debit Card,Cancelled
6867,310,45,2024-05-07,08:34:00,34,2,1791.43,179.14,49,Net Banking,Cancelled
6868,581,7,2024-09-11,11:27:00,53,4,558.96,27.95,49,UPI,Cancelled
6869,402,171,2026-06-04,23:18:00,62,5,700.53,105.08,0,Cash on Delivery,Delivered
6870,438,30,2024-05-30,16:31:00,58,4,1667.42,166.74,30,Wallet,Delivered
6871,468,97,2025-03-11,17:50:00,42,5,384.77,19.24,30,Net Banking,Returned
6872,42,47,2025-07-17,13:30:00,44,6,619.67,61.97,30,Wallet,Delivered
6873,188,86,2026-01-01,17:51:00,35,4,756.8,0.0,30,Cash on Delivery,Returned
6874,572,44,2024-02-11,09:06:00,27,4,1233.69,123.37,20,Debit Card,Cancelled
6875,535,20,2024-08-28,23:08:00,58,3,410.41,82.08,0,Debit Card,Delivered
6876,376,59,2026-09-04,18:10:00,19,6,947.4,0.0,30,Cash on Delivery,Cancelled
6877,388,204,2025-05-21,22:36:00,50,2,1610.69,322.14,0,Credit Card,Returned
6878,51,50,2024-02-09,16:12:00,27,1,1666.31,83.32,40,Net Banking,Delivered
6879,29,164,2024-04-04,12:58:00,20,3,1601.03,0.0,20,Net Banking,Delivered
6880,317,16,2026-05-26,18:23:00,36,1,1680.41,84.02,20,Cash on Delivery,Delivered
6881,571,32,2024-02-22,20:12:00,19,5,1017.95,0.0,30,Wallet,Delivered
6882,56,111,2025-02-02,22:57:00,61,4,575.15,28.76,20,Wallet,Delivered
6883,34,171,2026-06-09,21:20:00,19,4,704.74,0.0,40,Debit Card,Delivered
6884,488,216,2024-07-20,23:02:00,32,2,1438.51,0.0,30,UPI,Delivered
6885,148,61,2025-07-22,22:28:00,63,5,947.89,0.0,0,UPI,Delivered
6886,543,88,2024-10-04,19:03:00,41,6,1123.42,224.68,30,Wallet,Delivered
6887,409,62,2025-11-15,14:32:00,56,1,432.8,0.0,30,Wallet,Cancelled
6888,220,111,2024-02-17,20:09:00,15,2,949.0,47.45,0,Credit Card,Returned
6889,40,162,2025-05-25,09:28:00,30,4,518.69,25.93,40,Net Banking,Delivered
6890,248,24,2025-03-20,22:27:00,16,4,1320.6,0.0,30,Cash on Delivery,Returned
6891,442,6,2024-02-15,18:21:00,52,2,1362.26,136.23,49,Debit Card,Delivered
6892,193,71,2024-10-01,10:41:00,56,4,263.51,26.35,0,Credit Card,Delivered
6893,450,157,2025-12-16,12:26:00,56,2,354.19,0.0,30,Debit Card,Delivered
6894,312,226,2026-03-08,11:39:00,31,6,699.27,104.89,0,Net Banking,Returned
6895,40,112,2025-01-28,08:14:00,41,2,566.28,56.63,0,Wallet,Delivered
6896,81,234,2025-03-02,14:07:00,30,2,537.34,0.0,30,Debit Card,Cancelled
6897,547,8,2024-10-02,15:12:00,26,6,1396.32,0.0,30,Debit Card,Delivered
6898,523,25,2025-02-18,17:37:00,32,4,1649.61,329.92,30,Credit Card,Returned
6899,517,105,2025-07-18,11:20:00,54,1,727.56,36.38,30,Wallet,Delivered
6900,499,177,2026-04-26,16:36:00,21,4,1218.42,121.84,0,Cash on Delivery,Delivered
6901,556,26,2024-05-22,19:28:00,18,4,171.49,25.72,49,Net Banking,Returned
6902,170,244,2024-05-31,16:58:00,50,5,1618.89,80.94,0,Debit Card,Delivered
6903,53,105,2025-05-14,19:38:00,40,3,175.31,35.06,0,Wallet,Returned
6904,20,47,2026-05-12,11:43:00,51,6,877.39,43.87,40,Debit Card,Returned
6905,456,2,2025-10-29,17:44:00,50,4,1233.46,0.0,40,Debit Card,Delivered
6906,72,37,2024-11-13,21:26:00,23,3,812.53,81.25,30,UPI,Cancelled
6907,381,18,2025-03-08,12:32:00,61,6,169.41,8.47,0,Debit Card,Cancelled
6908,156,209,2025-06-22,17:31:00,33,4,1104.57,110.46,30,UPI,Cancelled
6909,433,246,2025-06-24,10:38:00,32,5,156.75,0.0,30,Wallet,Delivered
6910,238,233,2024-12-10,09:52:00,17,6,1191.64,0.0,40,Credit Card,Delivered
6911,96,115,2024-04-14,16:07:00,21,2,303.52,0.0,49,UPI,Delivered
6912,535,129,2026-08-16,17:04:00,52,2,1726.82,259.02,20,Cash on Delivery,Returned
6913,216,24,2026-03-03,15:44:00,34,5,548.8,0.0,40,Net Banking,Delivered
6914,524,41,2025-09-30,18:57:00,23,1,1728.58,259.29,20,Net Banking,Delivered
6915,168,35,2024-06-19,14:07:00,19,3,1690.78,338.16,20,UPI,Delivered
6916,372,224,2024-11-14,23:52:00,52,6,879.56,131.93,0,Debit Card,Delivered
6917,586,197,2025-06-30,15:05:00,65,6,1687.23,0.0,40,Wallet,Delivered
6918,322,212,2024-08-23,18:55:00,65,3,530.75,79.61,20,Net Banking,Delivered
6919,356,216,2025-10-21,10:59:00,23,5,1236.48,123.65,20,Net Banking,Delivered
6920,535,236,2025-06-06,16:12:00,19,1,856.18,85.62,0,Debit Card,Delivered
6921,462,107,2026-05-03,16:11:00,43,2,127.6,0.0,49,Credit Card,Delivered
6922,104,137,2025-07-28,23:03:00,64,4,1190.2,119.02,49,Credit Card,Cancelled
6923,585,38,2026-04-13,16:03:00,20,1,754.04,150.81,49,UPI,Delivered
6924,426,139,2026-03-25,09:59:00,44,2,1737.41,173.74,0,Net Banking,Delivered
6925,376,161,2025-10-23,09:29:00,46,2,244.62,48.92,49,Net Banking,Delivered
6926,442,108,2026-07-17,19:41:00,18,6,681.51,0.0,30,Credit Card,Delivered
6927,24,13,2026-03-28,12:27:00,58,4,258.79,0.0,40,Credit Card,Delivered
6928,456,82,2024-08-27,18:16:00,28,6,277.25,41.59,40,UPI,Delivered
6929,553,105,2025-08-27,11:56:00,32,6,1632.98,244.95,0,Net Banking,Delivered
6930,591,47,2025-08-03,15:03:00,16,3,1255.74,0.0,49,Credit Card,Cancelled
6931,596,69,2025-02-26,22:25:00,55,1,804.88,40.24,0,UPI,Delivered
6932,382,119,2024-02-07,09:05:00,16,5,383.55,76.71,40,Credit Card,Delivered
6933,565,235,2025-12-16,21:25:00,35,3,1242.99,248.6,40,UPI,Delivered
6934,345,244,2024-12-05,23:10:00,51,1,440.74,0.0,20,Net Banking,Delivered
6935,322,19,2025-04-20,20:31:00,58,6,1709.79,256.47,20,Wallet,Delivered
6936,153,205,2025-05-11,13:22:00,52,6,167.74,0.0,30,Net Banking,Returned
6937,225,31,2024-06-09,11:44:00,38,1,1233.27,0.0,0,Net Banking,Delivered
6938,111,45,2025-10-01,13:46:00,32,5,1676.83,83.84,0,Credit Card,Returned
6939,86,25,2024-01-01,14:56:00,35,5,164.12,8.21,0,UPI,Delivered
6940,95,43,2024-02-29,16:45:00,36,6,1095.01,109.5,40,Net Banking,Delivered
6941,386,58,2025-06-18,17:20:00,30,3,1339.29,267.86,40,Net Banking,Delivered
6942,428,99,2024-06-26,14:57:00,61,6,199.41,0.0,40,Credit Card,Delivered
6943,202,120,2026-03-09,19:30:00,63,1,990.46,0.0,0,Wallet,Delivered
6944,13,241,2026-01-18,22:31:00,49,2,479.9,24.0,49,Credit Card,Delivered
6945,66,75,2025-12-10,17:25:00,31,3,1737.13,86.86,30,Credit Card,Delivered
6946,64,228,2024-02-14,12:26:00,42,5,1143.26,57.16,30,Credit Card,Delivered
6947,327,114,2026-08-15,10:17:00,48,5,1737.07,0.0,30,Debit Card,Cancelled
6948,101,174,2025-02-19,19:12:00,65,5,1496.49,149.65,30,Debit Card,Delivered
6949,258,3,2024-03-08,18:35:00,56,4,1495.82,74.79,49,Debit Card,Delivered
6950,176,114,2026-04-01,13:23:00,31,3,1544.24,0.0,49,Credit Card,Returned
6951,153,71,2024-01-30,12:12:00,17,5,1354.15,203.12,0,Credit Card,Cancelled
6952,595,73,2024-07-18,22:06:00,62,3,1771.14,0.0,0,Credit Card,Returned
6953,253,147,2024-11-01,11:19:00,57,2,1250.26,125.03,0,UPI,Delivered
6954,310,11,2024-05-04,22:52:00,45,6,557.17,83.58,0,Net Banking,Cancelled
6955,522,52,2024-05-23,17:36:00,38,1,307.85,30.79,40,Wallet,Returned
6956,463,8,2025-11-30,13:56:00,33,5,227.37,45.47,40,Net Banking,Delivered
6957,229,204,2024-11-01,22:41:00,50,4,898.3,0.0,49,Cash on Delivery,Delivered
6958,399,113,2025-09-13,14:58:00,15,6,1616.59,0.0,0,Wallet,Delivered
6959,568,45,2024-03-16,12:30:00,53,1,1319.74,0.0,40,Wallet,Delivered
6960,260,244,2026-05-18,20:18:00,26,5,959.32,0.0,30,Debit Card,Returned
6961,453,239,2025-01-31,14:43:00,38,5,1550.89,77.54,20,UPI,Delivered
6962,88,223,2024-08-08,19:18:00,61,5,422.98,42.3,40,Cash on Delivery,Delivered
6963,328,105,2026-03-23,17:19:00,29,1,465.25,46.53,0,Wallet,Delivered
6964,396,20,2024-07-26,21:32:00,26,2,1595.73,239.36,20,Net Banking,Returned
6965,36,182,2024-10-25,21:00:00,48,3,768.77,115.32,40,Debit Card,Delivered
6966,482,35,2024-10-21,09:48:00,60,1,983.11,98.31,49,Net Banking,Delivered
6967,105,201,2026-08-12,23:59:00,53,1,1028.4,0.0,49,UPI,Delivered
6968,164,126,2025-04-07,11:04:00,37,6,1645.26,82.26,30,Wallet,Delivered
6969,477,163,2026-01-20,14:48:00,42,1,1550.17,310.03,20,Credit Card,Delivered
6970,312,15,2026-03-30,20:53:00,30,2,1530.57,0.0,40,Credit Card,Returned
6971,519,25,2025-10-19,22:36:00,54,1,1463.41,292.68,0,Credit Card,Delivered
6972,487,59,2025-03-06,20:05:00,63,5,1302.92,65.15,0,Net Banking,Delivered
6973,442,202,2026-09-21,22:33:00,19,4,410.92,20.55,40,UPI,Delivered
6974,66,111,2026-03-25,13:26:00,57,6,730.82,36.54,0,UPI,Delivered
6975,221,239,2024-06-14,11:51:00,23,4,242.96,36.44,20,UPI,Delivered
6976,127,198,2025-09-27,22:56:00,56,1,1139.31,56.97,20,Cash on Delivery,Cancelled
6977,112,204,2025-03-15,23:13:00,31,5,1163.34,116.33,30,Credit Card,Delivered
6978,500,134,2025-02-28,10:52:00,43,5,1538.16,0.0,30,Debit Card,Delivered
6979,357,237,2025-10-27,11:08:00,16,4,297.86,44.68,40,Net Banking,Delivered
6980,255,121,2024-01-13,11:17:00,32,5,1257.75,251.55,49,Cash on Delivery,Delivered
6981,104,233,2025-12-18,19:33:00,56,5,1372.02,0.0,40,Net Banking,Delivered
6982,149,176,2025-01-01,15:13:00,60,5,1270.51,0.0,49,Cash on Delivery,Returned
6983,593,55,2025-03-05,21:57:00,32,2,317.54,0.0,0,Wallet,Cancelled
6984,401,18,2024-01-08,10:46:00,23,5,1315.81,65.79,40,Debit Card,Delivered
6985,360,49,2025-09-13,14:31:00,42,6,1172.47,58.62,20,Credit Card,Delivered
6986,315,42,2025-03-22,21:49:00,43,4,475.68,0.0,30,Credit Card,Cancelled
6987,349,169,2024-05-20,23:43:00,54,6,569.75,0.0,0,Cash on Delivery,Delivered
6988,416,37,2026-02-24,23:25:00,42,3,927.79,139.17,30,Net Banking,Delivered
6989,29,165,2024-11-18,20:16:00,22,2,253.77,0.0,40,Cash on Delivery,Delivered
6990,46,186,2024-06-06,23:09:00,54,3,680.36,0.0,30,Cash on Delivery,Delivered
6991,54,20,2025-11-03,16:50:00,48,1,795.78,0.0,0,Cash on Delivery,Returned
6992,347,222,2025-08-30,19:43:00,15,2,1197.85,239.57,20,Wallet,Cancelled
6993,441,44,2024-08-20,23:20:00,16,3,1795.17,359.03,30,Credit Card,Cancelled
6994,190,185,2025-03-05,08:10:00,45,5,580.49,29.02,20,Debit Card,Delivered
6995,385,231,2025-12-05,14:28:00,36,5,1378.59,0.0,30,Net Banking,Delivered
6996,56,205,2024-05-27,14:48:00,16,4,1192.32,0.0,0,Wallet,Delivered
6997,386,79,2024-02-12,08:26:00,43,3,298.03,29.8,40,Cash on Delivery,Delivered
6998,326,173,2024-05-14,17:46:00,16,6,1021.91,153.29,30,UPI,Delivered
6999,379,230,2024-01-18,22:21:00,46,4,554.62,55.46,40,Wallet,Cancelled
7000,587,47,2024-04-08,17:35:00,22,5,782.37,0.0,30,Wallet,Delivered
7001,290,197,2024-07-19,20:23:00,33,6,663.18,66.32,0,Wallet,Delivered
7002,52,13,2025-10-17,13:45:00,23,2,837.39,0.0,40,Cash on Delivery,Delivered
7003,161,108,2025-01-19,12:19:00,29,3,1632.73,244.91,0,Cash on Delivery,Delivered
7004,67,218,2024-11-05,09:34:00,54,6,1710.42,0.0,49,Cash on Delivery,Delivered
7005,306,105,2025-09-19,12:42:00,22,6,249.27,24.93,20,Wallet,Delivered
7006,552,119,2026-02-07,19:30:00,32,1,406.3,0.0,49,Cash on Delivery,Delivered
7007,498,4,2025-11-25,16:17:00,34,4,1469.04,146.9,40,Net Banking,Delivered
7008,66,59,2026-07-05,09:16:00,17,5,207.83,10.39,20,Wallet,Returned
7009,534,195,2026-04-02,15:20:00,61,6,670.33,33.52,0,Debit Card,Cancelled
7010,479,9,2025-08-23,14:59:00,20,5,259.81,0.0,0,Credit Card,Delivered
7011,597,209,2024-12-09,15:21:00,28,6,346.34,0.0,0,Credit Card,Delivered
7012,425,104,2025-12-14,13:42:00,17,4,1063.55,0.0,40,Cash on Delivery,Delivered
7013,4,182,2024-06-04,18:50:00,34,1,237.38,0.0,0,Wallet,Cancelled
7014,30,24,2025-01-02,09:09:00,65,4,1594.34,318.87,30,Debit Card,Delivered
7015,155,119,2026-08-07,22:42:00,20,6,578.57,0.0,30,Debit Card,Cancelled
7016,534,138,2025-04-28,21:18:00,61,4,971.73,97.17,0,Net Banking,Delivered
7017,259,238,2025-10-01,18:09:00,39,1,683.51,0.0,49,Debit Card,Delivered
7018,394,71,2024-04-06,14:31:00,24,5,300.36,0.0,20,Credit Card,Delivered
7019,311,68,2025-07-25,20:14:00,41,4,967.05,0.0,49,Debit Card,Delivered
7020,275,236,2025-07-11,18:48:00,51,6,1602.36,320.47,49,Cash on Delivery,Delivered
7021,189,220,2025-02-25,19:55:00,63,4,183.89,0.0,30,Cash on Delivery,Cancelled
7022,537,180,2024-10-23,17:55:00,27,2,1164.49,0.0,49,UPI,Returned
7023,96,110,2024-02-14,21:11:00,54,6,533.54,80.03,30,Wallet,Returned
7024,445,24,2024-07-18,20:05:00,35,1,134.17,26.83,0,Credit Card,Delivered
7025,265,161,2025-10-12,12:07:00,24,1,1160.84,116.08,49,Cash on Delivery,Delivered
7026,51,178,2026-01-03,23:29:00,58,3,871.38,0.0,30,Debit Card,Delivered
7027,395,36,2025-12-07,14:36:00,58,3,954.51,0.0,40,Wallet,Delivered
7028,65,189,2024-10-15,18:29:00,47,3,1160.57,174.09,0,Net Banking,Delivered
7029,123,155,2026-01-13,08:37:00,35,5,1159.93,0.0,30,Cash on Delivery,Delivered
7030,221,211,2024-05-11,20:53:00,40,2,1342.62,0.0,0,UPI,Cancelled
7031,100,94,2026-05-23,15:01:00,47,4,1484.96,0.0,20,UPI,Cancelled
7032,283,106,2025-05-10,23:26:00,57,5,1372.6,137.26,49,Cash on Delivery,Returned
7033,6,109,2026-08-19,17:05:00,18,5,209.8,20.98,0,UPI,Delivered
7034,160,230,2025-07-30,21:31:00,25,2,596.74,59.67,30,Debit Card,Delivered
7035,350,217,2025-10-08,22:02:00,27,3,461.06,0.0,49,UPI,Delivered
7036,79,170,2024-02-21,09:14:00,56,6,1717.23,343.45,40,Wallet,Delivered
7037,343,226,2025-06-30,15:41:00,29,6,1456.72,291.34,49,Debit Card,Cancelled
7038,500,73,2025-05-17,19:03:00,42,2,795.76,79.58,30,Credit Card,Delivered
7039,189,130,2025-02-12,14:24:00,52,6,1270.53,0.0,30,Wallet,Delivered
7040,66,207,2025-01-07,12:22:00,41,3,1448.64,217.3,40,Debit Card,Delivered
7041,442,244,2026-05-12,17:13:00,60,2,1517.73,0.0,30,Debit Card,Delivered
7042,414,146,2025-03-11,19:06:00,32,5,356.59,71.32,49,Credit Card,Delivered
7043,145,87,2025-02-20,15:58:00,54,2,182.01,18.2,20,Wallet,Cancelled
7044,286,221,2026-03-04,10:05:00,45,4,318.61,0.0,20,Cash on Delivery,Delivered
7045,248,29,2025-12-25,23:50:00,33,2,1439.78,0.0,30,Credit Card,Delivered
7046,595,237,2025-10-03,13:52:00,42,6,1130.6,0.0,40,UPI,Delivered
7047,508,11,2025-04-26,14:55:00,54,5,743.05,0.0,20,UPI,Delivered
7048,247,162,2026-05-19,21:49:00,49,5,1696.55,84.83,20,Debit Card,Delivered
7049,303,26,2024-05-24,15:00:00,57,4,1578.23,78.91,40,Debit Card,Delivered
7050,256,120,2026-08-29,23:02:00,53,4,546.01,0.0,20,Debit Card,Delivered
7051,214,131,2026-03-05,19:04:00,42,1,1721.91,0.0,20,UPI,Delivered
7052,84,77,2024-09-28,12:47:00,27,5,1671.12,0.0,30,Debit Card,Delivered
7053,251,36,2025-05-03,16:06:00,36,3,847.69,0.0,20,Debit Card,Delivered
7054,582,36,2026-06-11,12:31:00,19,5,427.91,64.19,0,Cash on Delivery,Delivered
7055,282,21,2025-11-17,11:18:00,58,5,766.6,76.66,40,Net Banking,Cancelled
7056,135,164,2025-05-31,17:20:00,27,5,313.9,0.0,49,Wallet,Delivered
7057,445,112,2026-04-06,09:54:00,32,6,140.09,21.01,0,Wallet,Delivered
7058,571,150,2026-07-19,15:47:00,42,5,1353.36,0.0,0,Cash on Delivery,Cancelled
7059,78,244,2025-01-11,10:34:00,31,6,1456.05,72.8,30,Debit Card,Delivered
7060,64,16,2024-11-21,16:43:00,30,6,271.43,40.71,20,Credit Card,Cancelled
7061,428,77,2025-08-20,13:14:00,24,4,397.63,59.64,30,Wallet,Returned
7062,368,224,2024-02-05,15:32:00,51,2,631.76,31.59,30,Net Banking,Delivered
7063,329,47,2025-12-28,14:09:00,35,2,1343.12,67.16,30,Credit Card,Cancelled
7064,422,195,2025-03-28,10:24:00,33,5,549.28,109.86,30,UPI,Delivered
7065,368,234,2024-10-20,20:08:00,39,1,662.4,0.0,49,Debit Card,Delivered
7066,359,139,2025-05-27,18:36:00,52,1,1353.34,270.67,49,Net Banking,Delivered
7067,226,239,2024-10-01,23:29:00,58,3,579.49,57.95,49,Debit Card,Delivered
7068,343,55,2025-12-22,11:07:00,63,1,494.82,0.0,49,Credit Card,Cancelled
7069,84,231,2024-07-09,11:54:00,64,4,290.02,58.0,40,Cash on Delivery,Cancelled
7070,366,243,2024-04-03,22:13:00,58,1,1194.13,0.0,49,Net Banking,Returned
7071,255,56,2024-04-06,12:27:00,35,2,1217.06,0.0,0,UPI,Delivered
7072,291,206,2026-05-23,23:04:00,15,3,549.69,0.0,0,Debit Card,Cancelled
7073,570,226,2024-02-24,09:34:00,39,4,809.77,80.98,0,Debit Card,Cancelled
7074,255,244,2025-01-22,12:09:00,30,2,1691.55,0.0,40,Debit Card,Delivered
7075,587,90,2024-09-30,17:27:00,38,6,1685.61,168.56,20,UPI,Delivered
7076,308,134,2025-07-24,19:03:00,44,2,372.46,18.62,49,UPI,Delivered
7077,190,170,2025-10-20,09:55:00,45,4,398.26,39.83,20,Debit Card,Cancelled
7078,216,237,2024-05-12,09:38:00,54,6,800.05,0.0,40,Credit Card,Delivered
7079,35,125,2024-01-12,10:08:00,64,1,141.0,14.1,30,UPI,Delivered
7080,375,240,2026-07-18,13:08:00,24,4,333.4,0.0,49,Debit Card,Delivered
7081,230,226,2024-03-05,23:32:00,36,5,910.8,182.16,40,Credit Card,Delivered
7082,55,90,2024-08-26,20:58:00,45,6,799.16,39.96,0,Wallet,Cancelled
7083,493,228,2025-10-06,14:28:00,51,4,1694.41,338.88,20,Net Banking,Delivered
7084,208,105,2025-03-29,11:45:00,51,5,1088.53,163.28,40,Wallet,Delivered
7085,34,23,2024-07-09,14:21:00,45,5,364.67,0.0,20,Wallet,Delivered
7086,279,250,2026-07-06,22:59:00,17,5,489.87,0.0,40,Credit Card,Delivered
7087,145,160,2025-01-12,15:25:00,34,3,243.04,24.3,40,Cash on Delivery,Delivered
7088,301,87,2025-08-06,16:07:00,47,5,502.08,50.21,0,Net Banking,Delivered
7089,539,236,2025-06-20,09:37:00,63,2,399.21,19.96,49,Cash on Delivery,Delivered
7090,300,186,2025-06-23,10:30:00,37,3,1733.86,346.77,30,Wallet,Cancelled
7091,68,161,2024-07-05,19:20:00,23,3,167.35,0.0,20,UPI,Delivered
7092,590,177,2026-03-25,22:59:00,27,6,919.01,45.95,0,Wallet,Cancelled
7093,482,247,2025-06-14,23:03:00,27,2,343.85,68.77,0,Wallet,Delivered
7094,513,198,2024-08-02,20:13:00,17,2,1306.83,130.68,20,Net Banking,Delivered
7095,538,189,2026-06-05,21:29:00,32,2,1732.33,86.62,0,Debit Card,Delivered
7096,544,134,2024-08-28,15:25:00,23,6,1041.59,156.24,0,Cash on Delivery,Returned
7097,325,2,2025-03-19,09:44:00,52,3,1319.95,66.0,0,Net Banking,Delivered
7098,530,4,2025-11-21,20:43:00,54,6,1278.0,0.0,20,UPI,Delivered
7099,125,227,2026-02-26,16:10:00,51,4,872.72,0.0,0,Cash on Delivery,Delivered
7100,401,205,2026-04-07,20:47:00,28,5,1757.46,0.0,40,UPI,Delivered
7101,467,141,2025-12-07,11:10:00,43,4,1547.54,0.0,49,UPI,Delivered
7102,435,84,2026-05-21,18:32:00,54,5,974.86,0.0,49,UPI,Delivered
7103,149,124,2024-02-05,17:39:00,21,3,1724.94,0.0,49,Debit Card,Delivered
7104,131,61,2024-08-30,14:34:00,58,2,304.58,15.23,20,Net Banking,Delivered
7105,36,61,2025-04-08,12:58:00,58,3,1198.19,239.64,0,Wallet,Returned
7106,599,170,2024-09-17,11:46:00,54,3,1755.5,0.0,0,Cash on Delivery,Delivered
7107,336,94,2024-05-30,09:40:00,15,2,709.19,141.84,20,Wallet,Delivered
7108,376,233,2025-05-04,09:54:00,50,2,1096.79,0.0,20,Cash on Delivery,Cancelled
7109,3,241,2026-09-18,14:03:00,46,5,1557.77,0.0,40,UPI,Returned
7110,420,202,2024-09-23,12:46:00,53,3,1429.28,71.46,0,Credit Card,Returned
7111,362,166,2026-04-04,23:39:00,49,6,1229.54,245.91,20,Credit Card,Cancelled
7112,121,176,2025-03-07,08:52:00,27,1,1026.11,102.61,49,Credit Card,Returned
7113,381,104,2024-09-03,10:05:00,33,1,1562.85,234.43,0,Debit Card,Cancelled
7114,52,131,2026-04-05,08:51:00,33,1,389.7,77.94,40,UPI,Delivered
7115,501,140,2026-08-23,11:10:00,59,5,1110.16,0.0,20,Credit Card,Delivered
7116,383,66,2024-05-20,12:48:00,61,2,1244.44,0.0,40,Wallet,Delivered
7117,530,29,2026-08-05,20:11:00,22,6,580.77,0.0,40,Cash on Delivery,Delivered
7118,443,87,2025-03-24,08:30:00,42,2,233.5,0.0,0,Cash on Delivery,Cancelled
7119,321,15,2025-11-25,12:04:00,33,2,258.46,0.0,40,Wallet,Delivered
7120,125,219,2024-09-26,10:02:00,62,4,1729.95,0.0,30,Net Banking,Cancelled
7121,7,7,2025-11-30,16:48:00,19,6,333.52,0.0,30,Debit Card,Delivered
7122,385,25,2025-09-02,17:52:00,41,3,535.68,26.78,0,Net Banking,Cancelled
7123,224,191,2025-06-07,23:38:00,48,2,1470.64,0.0,20,Credit Card,Returned
7124,250,183,2025-01-24,22:28:00,16,5,1046.12,209.22,30,Credit Card,Delivered
7125,151,91,2025-12-10,10:31:00,18,1,442.81,66.42,30,Net Banking,Delivered
7126,94,174,2024-06-09,11:23:00,38,3,1793.82,0.0,49,Net Banking,Delivered
7127,256,221,2024-01-02,23:07:00,28,1,1395.97,69.8,0,Net Banking,Delivered
7128,28,80,2026-02-27,10:06:00,59,2,1610.32,0.0,20,Cash on Delivery,Delivered
7129,52,152,2025-11-17,08:27:00,59,1,201.52,40.3,20,Wallet,Delivered
7130,400,121,2024-09-30,21:55:00,60,5,909.01,90.9,0,Credit Card,Delivered
7131,586,201,2024-07-18,11:27:00,29,6,1117.87,0.0,30,Net Banking,Cancelled
7132,376,93,2025-03-28,17:36:00,16,5,693.93,0.0,40,UPI,Delivered
7133,454,28,2024-11-23,18:26:00,33,5,1086.42,54.32,30,Credit Card,Cancelled
7134,155,183,2024-09-25,20:37:00,39,2,299.47,29.95,0,Debit Card,Delivered
7135,431,1,2025-08-23,14:45:00,56,6,387.99,0.0,30,Credit Card,Delivered
7136,154,111,2024-06-10,08:52:00,33,5,346.82,0.0,0,Debit Card,Cancelled
7137,72,116,2026-02-24,14:34:00,22,1,233.31,23.33,49,Cash on Delivery,Cancelled
7138,211,178,2025-10-02,13:18:00,65,4,285.49,42.82,20,Debit Card,Delivered
7139,600,158,2026-07-27,20:49:00,45,2,1152.48,0.0,0,Cash on Delivery,Delivered
7140,457,200,2024-06-29,11:34:00,64,5,741.08,148.22,49,Debit Card,Delivered
7141,469,62,2026-03-22,17:14:00,20,5,154.31,30.86,49,Debit Card,Returned
7142,459,180,2024-08-05,16:25:00,54,5,1596.39,79.82,40,Debit Card,Returned
7143,564,209,2025-08-31,23:03:00,20,3,1322.28,198.34,30,Credit Card,Returned
7144,137,243,2025-11-08,23:02:00,54,6,1558.39,0.0,40,Cash on Delivery,Returned
7145,161,9,2026-06-26,09:46:00,35,6,513.68,102.74,49,Net Banking,Returned
7146,54,142,2025-08-13,21:17:00,29,3,1654.05,330.81,20,Net Banking,Cancelled
7147,33,27,2025-07-06,23:31:00,41,4,1289.36,0.0,49,Debit Card,Returned
7148,259,187,2024-03-19,10:23:00,29,6,123.5,12.35,0,Credit Card,Returned
7149,506,186,2024-02-27,22:12:00,39,4,420.09,21.0,20,Cash on Delivery,Cancelled
7150,265,246,2026-06-29,16:29:00,15,5,1096.89,219.38,40,Cash on Delivery,Delivered
7151,374,4,2025-04-09,10:27:00,24,2,1112.63,0.0,20,Cash on Delivery,Returned
7152,356,173,2026-04-06,19:21:00,59,6,866.11,0.0,40,Cash on Delivery,Returned
7153,527,32,2024-04-23,13:53:00,15,1,1581.82,79.09,30,Wallet,Delivered
7154,355,240,2024-09-06,09:47:00,57,3,154.29,30.86,30,Credit Card,Returned
7155,209,136,2025-04-14,13:56:00,57,4,1561.4,78.07,30,Net Banking,Returned
7156,220,59,2024-12-26,13:18:00,25,2,1058.39,0.0,49,Credit Card,Cancelled
7157,155,140,2025-08-26,08:06:00,62,4,225.01,11.25,20,Cash on Delivery,Delivered
7158,78,177,2026-04-04,11:34:00,42,5,1480.62,296.12,20,Net Banking,Cancelled
7159,599,176,2025-12-21,18:49:00,31,2,585.48,0.0,40,Wallet,Returned
7160,80,35,2026-05-04,17:03:00,28,5,561.61,0.0,30,Net Banking,Delivered
7161,476,201,2024-01-07,16:55:00,54,6,1734.81,0.0,49,Credit Card,Delivered
7162,561,167,2025-04-17,15:08:00,29,6,442.75,0.0,49,Debit Card,Delivered
7163,425,247,2024-05-23,14:53:00,30,3,579.23,86.88,30,Wallet,Returned
7164,581,195,2026-02-04,15:55:00,50,6,1154.04,0.0,20,Credit Card,Cancelled
7165,457,174,2025-06-17,23:13:00,57,6,506.0,75.9,49,UPI,Delivered
7166,563,42,2025-09-19,18:36:00,62,5,233.93,23.39,49,UPI,Delivered
7167,343,18,2024-12-24,18:26:00,46,3,797.66,0.0,20,Cash on Delivery,Cancelled
7168,54,10,2025-03-01,15:25:00,33,4,184.1,36.82,49,Cash on Delivery,Delivered
7169,301,214,2024-05-23,09:17:00,57,5,1628.15,162.82,0,Net Banking,Cancelled
7170,299,232,2025-10-06,16:28:00,42,2,448.62,67.29,40,Cash on Delivery,Delivered
7171,587,227,2024-09-02,08:59:00,31,4,1437.67,0.0,20,UPI,Cancelled
7172,465,111,2026-05-31,08:58:00,32,5,302.22,0.0,40,Net Banking,Delivered
7173,480,6,2026-03-15,18:29:00,52,6,872.31,0.0,0,Net Banking,Delivered
7174,178,125,2026-01-31,10:14:00,42,2,1498.42,0.0,30,Debit Card,Delivered
7175,533,73,2024-03-14,08:15:00,24,2,344.84,0.0,20,Wallet,Delivered
7176,521,110,2025-09-23,10:35:00,40,4,1573.5,78.68,0,Net Banking,Delivered
7177,82,177,2026-02-10,18:31:00,25,3,269.05,13.45,49,Debit Card,Returned
7178,520,245,2025-11-07,16:22:00,59,2,1339.69,133.97,49,Wallet,Delivered
7179,40,249,2026-08-20,19:12:00,61,3,135.7,0.0,30,Cash on Delivery,Delivered
7180,584,47,2026-07-07,14:02:00,58,5,230.89,0.0,40,Wallet,Delivered
7181,598,231,2026-03-19,15:17:00,37,4,720.87,144.17,20,Net Banking,Returned
7182,28,215,2025-04-25,13:24:00,44,3,1553.21,310.64,30,Credit Card,Returned
7183,231,158,2025-01-19,12:20:00,61,5,1116.75,0.0,40,Net Banking,Delivered
7184,187,124,2024-04-10,18:11:00,23,4,514.36,102.87,20,Wallet,Cancelled
7185,424,52,2026-07-12,21:07:00,44,1,758.92,0.0,20,Net Banking,Cancelled
7186,348,135,2024-04-16,23:32:00,21,1,1427.36,0.0,30,Wallet,Delivered
7187,13,49,2024-11-17,22:41:00,49,2,735.61,0.0,0,UPI,Returned
7188,205,226,2026-09-10,18:30:00,54,4,273.98,0.0,30,UPI,Delivered
7189,337,118,2025-08-21,23:38:00,50,3,490.59,0.0,20,Credit Card,Delivered
7190,87,29,2024-01-14,22:19:00,42,3,692.87,0.0,40,Debit Card,Cancelled
7191,10,46,2025-10-31,08:01:00,42,5,1378.28,275.66,30,Wallet,Cancelled
7192,194,41,2024-02-21,17:08:00,16,6,605.6,0.0,30,Cash on Delivery,Delivered
7193,268,41,2025-06-18,17:32:00,35,1,1786.82,0.0,40,Cash on Delivery,Cancelled
7194,303,87,2024-01-21,15:09:00,61,1,1541.34,154.13,30,Wallet,Returned
7195,564,175,2026-04-23,22:20:00,24,1,1599.31,0.0,20,Cash on Delivery,Delivered
7196,305,71,2025-11-08,20:19:00,29,1,152.95,15.29,0,Wallet,Cancelled
7197,28,145,2025-05-16,21:41:00,36,5,479.61,0.0,40,UPI,Returned
7198,482,228,2025-06-17,21:08:00,15,5,1364.05,0.0,40,Net Banking,Delivered
7199,507,158,2024-07-15,16:35:00,28,2,1078.07,107.81,0,Cash on Delivery,Delivered
7200,145,103,2025-05-29,08:07:00,43,3,222.47,11.12,40,Debit Card,Delivered
7201,463,217,2024-12-22,09:14:00,56,1,1793.3,269.0,49,UPI,Delivered
7202,469,49,2025-03-13,21:19:00,61,1,1244.66,124.47,40,Net Banking,Delivered
7203,119,45,2024-01-27,08:13:00,51,1,1735.71,173.57,0,Wallet,Delivered
7204,472,187,2024-02-28,17:28:00,40,3,1735.93,0.0,30,Debit Card,Delivered
7205,573,139,2025-07-23,18:56:00,15,2,1468.42,0.0,0,Net Banking,Cancelled
7206,28,79,2026-06-02,10:35:00,65,1,993.58,0.0,49,Credit Card,Delivered
7207,418,5,2025-12-31,17:26:00,25,1,1484.28,148.43,40,Credit Card,Delivered
7208,313,57,2024-05-22,13:06:00,38,4,507.45,0.0,20,Net Banking,Returned
7209,498,108,2026-05-20,12:40:00,37,2,1502.05,150.21,0,Debit Card,Delivered
7210,485,79,2026-07-25,14:45:00,25,6,1139.28,0.0,30,Cash on Delivery,Delivered
7211,321,61,2026-03-18,15:23:00,16,4,1649.11,247.37,30,UPI,Cancelled
7212,589,209,2024-01-31,23:40:00,32,3,537.25,53.73,40,Net Banking,Cancelled
7213,3,48,2026-07-04,12:59:00,26,1,1417.54,0.0,40,Wallet,Delivered
7214,236,40,2025-10-11,12:33:00,47,5,1140.86,57.04,0,Wallet,Cancelled
7215,445,8,2024-02-29,19:08:00,18,4,1542.3,0.0,0,Net Banking,Delivered
7216,112,225,2024-01-25,20:48:00,52,6,1281.37,64.07,40,Debit Card,Cancelled
7217,143,63,2025-07-16,20:12:00,57,6,933.71,0.0,40,Wallet,Delivered
7218,149,30,2025-03-28,18:45:00,57,4,389.56,0.0,49,Wallet,Returned
7219,20,209,2026-01-10,16:45:00,59,2,785.28,0.0,40,Wallet,Delivered
7220,192,189,2024-08-05,09:48:00,56,5,852.16,0.0,49,UPI,Delivered
7221,55,147,2026-06-19,11:58:00,45,3,656.11,98.42,20,Wallet,Delivered
7222,328,164,2024-07-22,23:55:00,15,1,542.28,0.0,0,Credit Card,Returned
7223,206,57,2026-05-16,20:49:00,25,5,755.4,0.0,0,Cash on Delivery,Delivered
7224,129,126,2025-04-27,09:15:00,50,5,511.22,76.68,0,Wallet,Cancelled
7225,438,168,2024-09-21,08:51:00,30,4,1316.04,65.8,0,Cash on Delivery,Delivered
7226,532,153,2025-05-16,12:37:00,56,2,241.08,0.0,0,UPI,Delivered
7227,556,90,2026-09-10,19:17:00,15,3,1392.9,278.58,30,Debit Card,Delivered
7228,498,223,2024-01-24,15:57:00,50,1,1288.04,64.4,0,Cash on Delivery,Delivered
7229,496,75,2025-09-07,08:50:00,64,4,1148.98,0.0,20,Net Banking,Delivered
7230,208,61,2026-06-30,23:15:00,40,2,453.98,68.1,30,Cash on Delivery,Delivered
7231,155,238,2026-08-05,09:44:00,44,2,768.27,38.41,49,Credit Card,Delivered
7232,546,184,2025-01-09,18:11:00,60,6,290.18,29.02,40,Credit Card,Delivered
7233,228,154,2025-01-01,20:13:00,52,3,1701.91,170.19,40,Debit Card,Cancelled
7234,137,66,2024-07-27,17:37:00,18,5,1518.86,303.77,20,Debit Card,Cancelled
7235,396,194,2026-02-24,13:26:00,29,3,547.85,54.79,20,UPI,Delivered
7236,115,233,2024-01-19,19:19:00,36,6,1574.69,157.47,49,Cash on Delivery,Delivered
7237,72,153,2024-08-18,22:31:00,65,2,1046.11,52.31,30,Wallet,Delivered
7238,414,190,2025-07-04,08:50:00,46,2,640.12,96.02,40,UPI,Delivered
7239,476,27,2025-04-14,08:26:00,37,3,1542.05,0.0,40,Debit Card,Delivered
7240,138,35,2024-07-25,10:16:00,41,6,612.63,0.0,0,Credit Card,Delivered
7241,457,102,2025-01-01,23:36:00,42,4,1389.94,0.0,49,UPI,Returned
7242,212,77,2024-08-21,17:44:00,32,4,1695.68,84.78,40,Wallet,Cancelled
7243,238,102,2025-12-24,20:26:00,58,2,870.05,43.5,0,Credit Card,Delivered
7244,268,246,2024-12-27,23:31:00,64,4,929.63,139.44,30,UPI,Delivered
7245,357,235,2026-04-05,08:25:00,65,6,1125.1,0.0,0,Wallet,Delivered
7246,128,23,2024-12-21,19:27:00,36,2,1155.54,0.0,40,Wallet,Delivered
7247,128,162,2024-07-13,20:09:00,31,6,1042.15,208.43,30,Cash on Delivery,Delivered
7248,481,236,2025-09-15,15:57:00,27,5,517.67,0.0,0,Credit Card,Returned
7249,475,144,2025-01-30,13:43:00,39,2,1541.41,308.28,0,Debit Card,Delivered
7250,234,82,2026-01-31,09:12:00,59,5,877.23,175.45,30,UPI,Delivered
7251,73,46,2024-01-17,10:04:00,64,5,161.01,8.05,40,Credit Card,Delivered
7252,558,82,2024-06-28,15:29:00,64,6,1717.62,85.88,40,UPI,Delivered
7253,343,88,2025-06-28,17:37:00,57,4,1410.63,141.06,30,UPI,Delivered
7254,532,29,2024-03-17,09:22:00,24,1,402.15,0.0,40,Cash on Delivery,Returned
7255,423,124,2025-06-19,20:44:00,65,1,1151.34,57.57,40,Debit Card,Delivered
7256,207,63,2025-06-13,14:29:00,29,2,326.32,65.26,40,Wallet,Delivered
7257,449,103,2024-01-26,14:05:00,17,4,865.19,0.0,30,Credit Card,Cancelled
7258,592,105,2024-09-27,10:17:00,34,1,396.75,79.35,30,Cash on Delivery,Delivered
7259,549,142,2024-01-15,13:29:00,63,2,215.95,21.59,20,Debit Card,Cancelled
7260,374,19,2024-06-07,08:39:00,48,4,1778.35,0.0,30,Debit Card,Returned
7261,410,128,2026-06-10,09:00:00,33,4,714.38,71.44,40,UPI,Delivered
7262,136,202,2026-01-31,08:35:00,44,1,441.92,0.0,0,Cash on Delivery,Cancelled
7263,552,108,2024-03-16,09:05:00,15,5,456.08,0.0,30,Credit Card,Delivered
7264,142,222,2026-03-16,22:35:00,16,1,1474.99,0.0,40,UPI,Delivered
7265,546,105,2024-07-16,17:05:00,53,4,355.68,35.57,30,UPI,Delivered
7266,268,68,2025-03-25,17:24:00,54,1,1334.12,66.71,49,Credit Card,Cancelled
7267,173,170,2026-01-19,10:49:00,49,2,1079.8,53.99,40,Wallet,Delivered
7268,353,51,2025-06-25,15:12:00,35,4,331.74,0.0,0,Net Banking,Delivered
7269,85,120,2026-07-14,20:15:00,21,5,1212.58,0.0,40,Net Banking,Delivered
7270,573,166,2025-01-09,21:32:00,45,6,1562.16,78.11,40,Wallet,Cancelled
7271,477,177,2025-09-02,19:24:00,49,5,1477.65,221.65,49,Debit Card,Returned
7272,418,112,2024-12-23,12:07:00,39,2,1776.72,266.51,30,Net Banking,Delivered
7273,566,210,2025-01-22,16:55:00,48,1,329.95,0.0,0,Wallet,Delivered
7274,518,73,2026-03-30,12:42:00,62,4,1670.68,0.0,0,Credit Card,Cancelled
7275,52,94,2025-07-01,15:20:00,52,3,1188.29,237.66,49,Net Banking,Delivered
7276,546,58,2024-12-20,12:24:00,26,6,1757.04,0.0,49,Credit Card,Delivered
7277,406,249,2026-04-26,08:27:00,60,6,885.87,44.29,20,Debit Card,Delivered
7278,83,224,2025-11-17,23:46:00,56,5,401.83,20.09,0,UPI,Delivered
7279,552,182,2026-08-26,09:38:00,65,3,1651.39,247.71,0,Cash on Delivery,Returned
7280,587,157,2024-08-31,13:15:00,23,6,446.01,22.3,20,Cash on Delivery,Returned
7281,349,176,2024-09-18,09:05:00,63,5,1785.44,89.27,20,UPI,Delivered
7282,92,198,2024-06-23,08:54:00,61,2,1583.76,0.0,20,UPI,Delivered
7283,248,245,2024-03-09,23:18:00,57,6,1172.5,117.25,49,Credit Card,Delivered
7284,583,33,2025-11-07,22:15:00,29,3,1644.02,0.0,49,Wallet,Delivered
7285,552,102,2024-09-07,18:18:00,42,5,431.12,86.22,20,Cash on Delivery,Delivered
7286,143,66,2024-06-04,21:57:00,39,2,1112.77,222.55,40,Debit Card,Cancelled
7287,395,109,2024-07-27,14:32:00,55,5,261.34,0.0,49,UPI,Delivered
7288,190,211,2024-08-15,23:03:00,55,6,1345.75,67.29,0,Net Banking,Returned
7289,201,19,2024-10-19,10:29:00,57,2,1279.81,0.0,40,UPI,Cancelled
7290,240,151,2024-08-10,14:35:00,20,5,1112.94,0.0,30,Wallet,Returned
7291,598,239,2025-03-28,19:52:00,20,6,1434.26,0.0,20,Credit Card,Delivered
7292,350,144,2025-08-11,22:09:00,37,1,1734.39,346.88,40,Cash on Delivery,Returned
7293,78,58,2024-05-25,12:55:00,58,2,876.76,131.51,0,Net Banking,Delivered
7294,244,27,2024-09-02,17:59:00,40,3,609.89,0.0,49,UPI,Returned
7295,86,85,2025-11-23,15:14:00,51,3,1061.65,212.33,20,Wallet,Cancelled
7296,434,93,2024-02-10,08:07:00,26,5,238.58,0.0,49,Net Banking,Cancelled
7297,397,77,2024-12-07,09:15:00,58,1,1404.79,70.24,40,Net Banking,Delivered
7298,70,168,2026-06-17,14:18:00,41,5,1358.87,67.94,0,Cash on Delivery,Delivered
7299,406,17,2024-05-28,11:43:00,46,3,912.86,45.64,40,Credit Card,Cancelled
7300,312,218,2024-02-09,21:34:00,49,6,858.85,0.0,40,Debit Card,Returned
7301,204,141,2025-03-03,20:35:00,53,6,936.84,0.0,40,Credit Card,Returned
7302,307,166,2024-05-08,11:34:00,16,6,1391.92,139.19,20,UPI,Delivered
7303,518,35,2026-06-24,14:46:00,46,5,1709.69,170.97,30,Credit Card,Returned
7304,309,35,2025-11-27,08:21:00,41,4,964.24,48.21,20,Debit Card,Cancelled
7305,406,116,2024-11-20,20:22:00,26,5,1634.08,326.82,49,UPI,Delivered
7306,249,167,2026-08-08,09:51:00,27,4,319.01,63.8,0,Debit Card,Returned
7307,446,241,2025-10-09,08:52:00,61,3,303.14,0.0,0,Net Banking,Returned
7308,350,1,2024-02-17,23:10:00,40,3,1584.87,0.0,40,UPI,Delivered
7309,467,90,2026-03-30,12:54:00,15,3,1083.65,216.73,30,Debit Card,Delivered
7310,379,216,2025-05-24,13:15:00,52,4,556.64,0.0,40,Debit Card,Cancelled
7311,334,139,2025-08-25,11:39:00,52,6,650.73,32.54,30,Cash on Delivery,Delivered
7312,92,148,2025-06-29,17:27:00,58,3,756.16,113.42,0,Cash on Delivery,Delivered
7313,209,48,2025-10-20,16:42:00,49,5,932.27,186.45,49,Debit Card,Delivered
7314,506,33,2025-03-16,15:44:00,60,3,344.38,34.44,20,Net Banking,Delivered
7315,543,42,2026-05-31,14:06:00,34,2,1787.47,357.49,0,Wallet,Cancelled
7316,358,39,2024-02-10,08:41:00,23,5,1386.83,277.37,49,Net Banking,Delivered
7317,297,42,2025-11-17,21:36:00,59,5,196.24,9.81,49,Credit Card,Delivered
7318,243,67,2025-01-21,23:42:00,15,5,1103.95,55.2,49,Wallet,Delivered
7319,38,194,2025-03-21,10:24:00,19,2,317.89,0.0,0,Cash on Delivery,Delivered
7320,547,170,2026-01-09,10:27:00,56,2,779.11,38.96,49,Net Banking,Delivered
7321,275,194,2026-06-27,12:10:00,30,2,1665.5,166.55,30,Debit Card,Delivered
7322,410,18,2024-04-03,22:36:00,61,3,627.18,94.08,30,Wallet,Delivered
7323,69,175,2026-09-11,10:28:00,64,1,614.84,0.0,30,Wallet,Returned
7324,73,94,2026-08-12,14:24:00,22,3,682.65,0.0,49,Credit Card,Delivered
7325,235,39,2024-04-06,11:44:00,39,4,1477.4,0.0,49,UPI,Delivered
7326,403,214,2024-04-21,08:03:00,46,2,845.49,42.27,40,Net Banking,Returned
7327,361,19,2025-03-07,17:47:00,18,6,1529.43,0.0,0,UPI,Delivered
7328,565,196,2026-08-01,17:18:00,37,1,1334.93,0.0,49,Credit Card,Delivered
7329,144,160,2024-09-24,13:57:00,49,5,1034.36,0.0,40,Cash on Delivery,Delivered
7330,488,42,2025-11-17,16:33:00,62,2,1456.06,0.0,49,Debit Card,Delivered
7331,308,179,2025-07-18,19:39:00,21,2,466.28,23.31,30,Net Banking,Delivered
7332,204,58,2024-09-18,19:50:00,50,2,1429.31,0.0,49,Net Banking,Delivered
7333,515,126,2024-04-24,20:37:00,31,4,1372.23,274.45,30,Cash on Delivery,Delivered
7334,140,193,2025-09-10,13:19:00,56,4,802.95,0.0,40,Credit Card,Delivered
7335,481,170,2025-08-07,22:22:00,55,1,438.78,0.0,30,Cash on Delivery,Cancelled
7336,434,128,2025-11-02,21:09:00,21,2,1271.97,254.39,0,Cash on Delivery,Cancelled
7337,292,211,2025-12-25,16:59:00,32,4,1174.32,0.0,40,Credit Card,Delivered
7338,364,83,2025-11-13,23:24:00,53,5,1101.55,220.31,40,Debit Card,Delivered
7339,108,160,2024-10-19,15:43:00,27,6,493.81,98.76,20,Net Banking,Delivered
7340,442,8,2024-03-09,17:17:00,46,1,732.3,109.84,49,Net Banking,Returned
7341,470,127,2025-11-05,10:36:00,31,6,579.06,57.91,30,Wallet,Delivered
7342,403,21,2024-09-26,09:56:00,54,4,882.21,0.0,0,Net Banking,Delivered
7343,106,213,2026-07-06,12:58:00,39,3,1501.76,0.0,20,Debit Card,Cancelled
7344,227,216,2024-06-27,12:29:00,40,5,1296.1,0.0,0,Debit Card,Delivered
7345,185,31,2025-06-06,21:17:00,36,6,491.6,73.74,40,UPI,Delivered
7346,79,120,2026-04-10,16:36:00,51,2,1193.93,119.39,30,Debit Card,Returned
7347,167,43,2025-04-02,11:33:00,15,3,647.64,0.0,40,UPI,Delivered
7348,426,238,2026-05-12,23:15:00,60,1,1170.37,234.07,49,Cash on Delivery,Returned
7349,133,7,2026-04-15,19:47:00,41,6,533.76,26.69,30,UPI,Delivered
7350,464,105,2024-05-30,13:28:00,20,6,387.54,77.51,49,Net Banking,Cancelled
7351,421,63,2024-05-05,08:46:00,51,4,1386.21,69.31,20,Debit Card,Delivered
7352,48,113,2025-05-19,16:34:00,48,6,1387.4,0.0,40,Net Banking,Cancelled
7353,11,72,2024-08-09,13:53:00,48,1,346.81,17.34,40,Credit Card,Delivered
7354,467,194,2025-04-19,17:43:00,25,6,928.77,92.88,30,Credit Card,Delivered
7355,558,175,2025-07-25,23:10:00,32,2,894.87,89.49,0,Debit Card,Delivered
7356,392,84,2026-05-02,09:46:00,36,5,133.52,20.03,49,Wallet,Delivered
7357,220,28,2025-03-13,17:28:00,18,3,1146.31,171.95,30,Net Banking,Delivered
7358,478,87,2024-07-14,16:02:00,45,6,1181.3,0.0,20,Net Banking,Returned
7359,304,89,2025-01-20,15:09:00,23,5,229.59,11.48,0,UPI,Delivered
7360,192,37,2026-08-16,11:36:00,32,1,480.47,0.0,49,Wallet,Delivered
7361,469,92,2025-10-15,15:13:00,39,4,1428.22,0.0,30,Net Banking,Delivered
7362,289,88,2024-10-07,09:43:00,49,4,940.02,188.0,49,UPI,Cancelled
7363,516,173,2026-04-01,12:48:00,29,6,1279.47,255.89,0,Net Banking,Delivered
7364,512,199,2025-12-29,20:42:00,32,4,649.9,64.99,20,Credit Card,Delivered
7365,387,98,2024-09-09,13:57:00,47,2,424.02,0.0,40,Wallet,Returned
7366,595,232,2025-04-28,23:29:00,46,2,175.74,35.15,30,Credit Card,Delivered
7367,518,81,2026-07-18,09:28:00,43,1,1189.07,0.0,40,Net Banking,Delivered
7368,55,185,2025-11-11,16:55:00,42,2,770.5,0.0,20,Wallet,Delivered
7369,90,227,2026-08-15,19:52:00,34,4,239.73,0.0,30,Wallet,Delivered
7370,94,188,2024-06-28,13:34:00,56,6,816.75,40.84,20,UPI,Returned
7371,267,187,2024-05-03,16:52:00,51,2,1202.87,180.43,30,Wallet,Delivered
7372,121,137,2024-12-05,09:53:00,26,1,424.31,0.0,0,Debit Card,Returned
7373,171,26,2025-11-14,08:36:00,41,1,382.31,38.23,20,UPI,Delivered
7374,563,185,2026-04-12,17:47:00,29,3,1353.66,135.37,40,Credit Card,Delivered
7375,534,14,2025-02-23,18:30:00,24,4,1600.29,160.03,0,UPI,Delivered
7376,347,142,2024-11-10,19:26:00,27,2,1267.5,253.5,30,Debit Card,Returned
7377,8,189,2025-01-03,15:27:00,15,4,669.7,66.97,0,Debit Card,Delivered
7378,9,213,2025-09-07,19:43:00,25,1,876.4,43.82,20,Wallet,Delivered
7379,448,34,2026-08-08,12:37:00,26,2,1333.81,0.0,40,Cash on Delivery,Delivered
7380,553,78,2024-10-05,21:04:00,57,4,438.57,21.93,30,Credit Card,Delivered
7381,455,101,2026-01-13,20:28:00,56,3,1179.28,0.0,0,Wallet,Delivered
7382,308,119,2026-03-29,21:58:00,39,5,1125.03,168.75,30,Credit Card,Delivered
7383,586,97,2024-01-25,22:05:00,24,3,1636.51,327.3,0,Net Banking,Delivered
7384,487,98,2025-01-02,12:56:00,16,6,703.13,0.0,20,Wallet,Delivered
7385,465,32,2025-06-29,09:12:00,55,5,1006.79,0.0,30,Wallet,Cancelled
7386,468,27,2024-03-02,17:45:00,35,6,998.74,49.94,0,Net Banking,Delivered
7387,37,225,2026-08-26,08:46:00,44,3,212.37,31.86,49,Cash on Delivery,Delivered
7388,149,42,2026-04-12,10:29:00,47,1,813.39,40.67,40,Debit Card,Delivered
7389,72,131,2025-08-15,14:00:00,60,6,232.75,0.0,40,Net Banking,Delivered
7390,129,223,2026-05-14,21:56:00,30,2,854.25,85.43,49,UPI,Cancelled
7391,325,88,2026-07-07,21:23:00,44,2,901.82,90.18,40,Net Banking,Delivered
7392,517,203,2026-07-13,16:43:00,22,6,631.18,31.56,40,Credit Card,Returned
7393,243,131,2024-02-07,13:25:00,63,4,217.36,43.47,49,Debit Card,Delivered
7394,72,143,2025-03-12,22:43:00,45,1,1596.18,79.81,30,UPI,Delivered
7395,127,68,2026-07-30,21:03:00,31,6,1250.97,125.1,0,Credit Card,Delivered
7396,228,110,2026-07-05,14:49:00,24,2,991.41,148.71,20,Net Banking,Delivered
7397,523,2,2026-03-14,10:13:00,63,3,936.11,140.42,0,Net Banking,Delivered
7398,502,233,2024-09-07,21:24:00,45,3,233.42,11.67,30,Credit Card,Delivered
7399,398,118,2024-01-26,15:55:00,54,6,1667.6,83.38,30,Net Banking,Delivered
7400,88,77,2024-08-25,15:39:00,43,6,656.34,0.0,30,Credit Card,Delivered
7401,564,237,2025-10-02,14:13:00,39,1,1640.27,0.0,40,Cash on Delivery,Delivered
7402,359,20,2024-03-25,13:56:00,46,1,524.6,78.69,20,Debit Card,Returned
7403,518,157,2024-03-06,15:24:00,17,3,1611.26,80.56,30,Debit Card,Delivered
7404,460,166,2025-02-08,21:49:00,61,2,1077.1,0.0,0,Net Banking,Delivered
7405,585,247,2024-05-13,23:21:00,47,3,1310.93,0.0,40,Cash on Delivery,Delivered
7406,311,232,2026-04-29,22:38:00,26,2,900.0,180.0,0,UPI,Delivered
7407,155,66,2025-10-30,20:29:00,37,5,648.64,129.73,49,Wallet,Delivered
7408,211,63,2025-04-30,11:59:00,59,1,1129.09,0.0,0,Cash on Delivery,Delivered
7409,566,117,2026-07-20,11:26:00,35,1,1007.53,0.0,40,UPI,Cancelled
7410,450,102,2024-03-10,14:20:00,25,3,376.49,0.0,40,Net Banking,Delivered
7411,338,62,2026-04-02,16:20:00,36,3,392.57,58.89,40,Credit Card,Delivered
7412,279,164,2026-06-05,22:22:00,63,2,1450.32,290.06,49,Cash on Delivery,Returned
7413,597,177,2026-01-31,12:42:00,17,1,594.35,59.44,20,Net Banking,Cancelled
7414,204,248,2025-05-09,13:23:00,58,5,1348.68,202.3,49,Cash on Delivery,Delivered
7415,421,249,2025-11-13,18:00:00,39,4,162.93,32.59,0,Cash on Delivery,Delivered
7416,345,135,2026-08-15,20:22:00,21,1,701.73,0.0,20,Debit Card,Delivered
7417,379,142,2024-04-15,09:43:00,58,6,1380.58,69.03,40,Wallet,Delivered
7418,365,109,2026-05-19,23:30:00,57,2,1194.43,0.0,40,UPI,Delivered
7419,551,204,2024-10-06,14:34:00,17,1,1639.35,81.97,20,Wallet,Delivered
7420,240,127,2025-06-26,12:49:00,30,4,1102.89,0.0,0,Net Banking,Returned
7421,512,170,2025-06-23,22:10:00,19,5,287.23,14.36,20,Wallet,Delivered
7422,113,111,2024-12-04,10:26:00,49,1,172.42,34.48,40,Credit Card,Delivered
7423,335,51,2024-12-04,23:56:00,57,1,154.26,0.0,30,Net Banking,Delivered
7424,83,125,2026-07-16,09:57:00,26,1,208.39,31.26,30,Debit Card,Returned
7425,374,4,2025-10-30,11:47:00,49,4,1703.76,170.38,0,UPI,Returned
7426,333,239,2024-07-10,16:09:00,29,2,716.87,107.53,30,Credit Card,Returned
7427,202,66,2025-09-15,13:43:00,64,2,412.54,82.51,0,Credit Card,Returned
7428,310,51,2026-03-25,08:09:00,36,5,1224.77,0.0,20,Wallet,Delivered
7429,224,103,2025-10-06,10:15:00,23,2,1769.69,88.48,49,UPI,Delivered
7430,496,243,2025-11-01,16:19:00,46,6,1579.42,0.0,49,Wallet,Returned
7431,526,27,2024-05-03,08:53:00,62,4,1647.78,247.17,49,UPI,Returned
7432,572,125,2025-03-05,20:30:00,48,3,690.43,0.0,30,Wallet,Returned
7433,196,187,2024-09-05,19:43:00,64,4,980.73,0.0,40,UPI,Delivered
7434,76,130,2026-02-17,09:12:00,27,6,1772.01,354.4,0,Credit Card,Delivered
7435,218,124,2025-12-23,18:01:00,41,1,645.6,0.0,20,Wallet,Delivered
7436,100,230,2026-08-22,11:25:00,30,6,1229.26,61.46,49,Debit Card,Delivered
7437,462,161,2026-09-04,15:26:00,25,3,1611.4,0.0,0,Credit Card,Delivered
7438,129,207,2025-03-19,08:10:00,43,2,433.4,0.0,40,Net Banking,Delivered
7439,134,242,2026-06-15,22:08:00,55,5,899.5,0.0,20,Net Banking,Delivered
7440,15,5,2025-08-24,23:21:00,20,1,126.2,0.0,49,Credit Card,Delivered
7441,271,3,2025-08-11,21:22:00,41,4,1554.45,155.45,49,Debit Card,Returned
7442,389,71,2026-07-08,19:38:00,58,5,1227.68,245.54,40,UPI,Cancelled
7443,39,57,2024-06-13,12:50:00,50,3,620.95,93.14,20,UPI,Cancelled
7444,558,75,2026-01-24,14:13:00,23,1,1414.62,282.92,20,UPI,Delivered
7445,52,75,2026-01-19,13:39:00,36,4,122.46,0.0,20,Net Banking,Cancelled
7446,2,149,2024-12-12,23:41:00,26,1,405.26,81.05,40,Debit Card,Cancelled
7447,52,6,2026-05-08,13:20:00,37,4,1117.92,0.0,49,Cash on Delivery,Delivered
7448,446,181,2024-06-14,15:52:00,55,1,566.33,56.63,40,Debit Card,Delivered
7449,237,127,2026-05-21,15:00:00,37,2,1758.07,175.81,40,Credit Card,Delivered
7450,424,61,2024-01-15,09:47:00,52,4,761.68,0.0,20,Debit Card,Cancelled
7451,469,169,2024-09-07,22:57:00,39,4,1758.03,0.0,49,Net Banking,Delivered
7452,238,243,2025-08-15,11:17:00,24,1,508.08,25.4,30,Cash on Delivery,Delivered
7453,318,17,2026-03-25,17:15:00,19,3,168.75,0.0,49,Net Banking,Delivered
7454,483,179,2025-07-28,17:10:00,54,3,524.81,104.96,20,Wallet,Delivered
7455,106,132,2026-08-07,16:56:00,63,2,1019.95,0.0,0,Net Banking,Returned
7456,546,196,2026-03-06,19:26:00,58,2,962.88,0.0,49,Debit Card,Cancelled
7457,71,39,2026-02-16,09:03:00,33,6,272.29,0.0,49,Wallet,Delivered
7458,96,221,2026-07-15,19:22:00,51,4,559.62,27.98,0,Credit Card,Cancelled
7459,124,133,2025-04-19,08:15:00,54,3,1342.41,201.36,49,Net Banking,Delivered
7460,530,72,2024-06-17,15:42:00,38,5,565.31,0.0,0,Cash on Delivery,Delivered
7461,554,178,2024-02-16,21:35:00,19,2,695.41,34.77,20,Wallet,Returned
7462,394,221,2024-05-29,12:17:00,58,3,846.99,0.0,40,Debit Card,Delivered
7463,422,32,2025-01-08,23:42:00,43,2,1498.11,0.0,30,Wallet,Delivered
7464,87,250,2025-05-06,12:29:00,32,6,1043.1,52.16,49,Wallet,Cancelled
7465,479,11,2026-06-29,19:37:00,53,3,1672.71,0.0,40,UPI,Delivered
7466,230,81,2024-08-19,20:03:00,41,6,960.62,0.0,40,Wallet,Returned
7467,3,109,2026-01-10,23:19:00,15,5,1363.89,204.58,20,Cash on Delivery,Delivered
7468,158,163,2025-06-03,22:58:00,55,1,159.27,7.96,0,UPI,Delivered
7469,440,242,2024-10-30,09:57:00,63,2,1424.53,0.0,30,Wallet,Delivered
7470,407,145,2025-09-28,08:03:00,64,5,1019.65,203.93,0,Debit Card,Delivered
7471,308,139,2025-10-12,17:24:00,58,3,560.4,84.06,0,Credit Card,Delivered
7472,179,247,2024-05-27,21:03:00,42,5,258.33,51.67,49,Credit Card,Returned
7473,123,122,2025-12-29,13:47:00,64,5,645.61,0.0,0,Net Banking,Delivered
7474,441,114,2025-06-13,12:13:00,57,5,803.03,0.0,40,Wallet,Delivered
7475,422,182,2025-01-14,17:43:00,50,4,496.57,49.66,40,Wallet,Returned
7476,543,90,2024-12-08,22:59:00,22,1,1413.66,141.37,40,Wallet,Cancelled
7477,290,184,2025-06-15,11:33:00,61,4,150.38,7.52,20,Credit Card,Delivered
7478,551,215,2025-04-11,16:28:00,24,6,811.76,162.35,40,Wallet,Cancelled
7479,169,214,2025-01-29,11:14:00,41,1,685.72,102.86,49,Credit Card,Delivered
7480,316,13,2025-05-09,20:08:00,17,6,1758.41,351.68,20,Wallet,Delivered
7481,159,244,2026-04-26,08:30:00,34,6,1791.56,0.0,49,Cash on Delivery,Cancelled
7482,286,23,2025-10-18,15:58:00,64,2,589.9,58.99,0,Wallet,Cancelled
7483,246,174,2026-04-18,10:18:00,57,6,261.04,0.0,0,Debit Card,Delivered
7484,152,88,2026-05-20,16:49:00,36,6,1428.5,285.7,0,Debit Card,Cancelled
7485,314,56,2025-07-08,12:22:00,18,1,1005.71,150.86,40,Wallet,Delivered
7486,130,10,2024-12-23,10:03:00,27,3,1284.59,0.0,30,Net Banking,Delivered
7487,141,184,2025-07-10,14:18:00,52,3,375.93,0.0,30,Credit Card,Delivered
7488,63,108,2024-01-12,22:30:00,56,6,1210.32,0.0,49,Cash on Delivery,Delivered
7489,299,37,2024-08-25,20:39:00,21,4,1605.15,240.77,0,Credit Card,Cancelled
7490,320,45,2024-07-05,15:18:00,19,4,1718.84,85.94,49,Wallet,Cancelled
7491,82,246,2025-11-22,11:29:00,18,1,733.43,0.0,30,Net Banking,Delivered
7492,14,160,2024-01-25,11:10:00,63,4,1548.45,77.42,20,UPI,Delivered
7493,551,74,2026-07-17,08:10:00,43,1,1200.24,120.02,30,Credit Card,Delivered
7494,360,44,2024-04-29,10:48:00,65,5,1490.01,149.0,40,UPI,Delivered
7495,536,209,2025-03-02,13:22:00,56,4,1287.79,0.0,30,Cash on Delivery,Cancelled
7496,433,143,2025-07-09,20:17:00,57,4,1187.71,0.0,0,Debit Card,Delivered
7497,385,148,2025-01-31,08:49:00,62,4,1683.39,0.0,49,Debit Card,Cancelled
7498,396,210,2026-02-13,23:52:00,34,5,405.97,60.9,0,Net Banking,Delivered
7499,79,208,2026-02-22,10:52:00,59,2,1657.45,82.87,20,Debit Card,Delivered
7500,196,249,2024-04-30,15:15:00,22,1,1287.21,193.08,40,Wallet,Delivered
7501,448,185,2026-03-20,17:20:00,34,4,1604.76,160.48,20,Net Banking,Returned
7502,581,215,2024-01-21,16:54:00,52,4,1139.9,0.0,0,Credit Card,Delivered
7503,215,58,2026-04-28,23:37:00,53,1,799.77,79.98,30,Wallet,Delivered
7504,165,158,2025-04-18,20:28:00,18,4,552.4,110.48,0,Net Banking,Cancelled
7505,31,180,2026-02-11,18:30:00,43,4,1537.06,230.56,0,Debit Card,Delivered
7506,393,150,2026-01-28,12:25:00,16,1,698.32,0.0,49,Cash on Delivery,Cancelled
7507,356,126,2024-10-14,09:52:00,50,5,1566.99,0.0,0,Cash on Delivery,Delivered
7508,272,77,2024-10-24,10:15:00,63,5,1683.43,336.69,20,Debit Card,Delivered
7509,186,185,2024-09-08,19:21:00,24,4,503.15,0.0,20,Net Banking,Delivered
7510,393,196,2024-04-12,23:30:00,54,5,980.95,0.0,30,Credit Card,Delivered
7511,89,234,2024-02-24,08:25:00,28,1,124.48,12.45,30,UPI,Delivered
7512,413,32,2024-09-18,08:42:00,31,5,840.71,42.04,0,Wallet,Delivered
7513,61,124,2026-08-20,15:54:00,29,5,365.68,0.0,0,Net Banking,Cancelled
7514,55,12,2025-09-28,11:07:00,32,5,1331.55,133.16,20,UPI,Returned
7515,392,143,2024-12-23,08:36:00,47,5,589.47,58.95,20,Net Banking,Delivered
7516,226,172,2025-01-29,16:57:00,40,5,138.76,6.94,0,UPI,Delivered
7517,438,10,2024-08-14,15:33:00,61,2,1665.11,333.02,20,Wallet,Cancelled
7518,566,162,2025-12-25,13:11:00,30,3,475.99,0.0,30,Wallet,Delivered
7519,140,120,2025-12-09,09:21:00,54,2,1387.48,0.0,0,Wallet,Delivered
7520,557,219,2026-07-25,22:09:00,17,4,1156.12,0.0,40,Cash on Delivery,Delivered
7521,499,242,2026-01-15,22:34:00,65,5,912.21,0.0,0,Net Banking,Returned
7522,261,210,2026-09-02,14:38:00,46,2,122.54,0.0,40,Wallet,Delivered
7523,218,34,2025-09-24,18:27:00,47,5,1028.6,51.43,30,Cash on Delivery,Delivered
7524,514,242,2026-03-02,15:25:00,44,6,150.7,22.6,0,Net Banking,Returned
7525,507,235,2025-01-01,08:00:00,28,5,249.12,37.37,30,Wallet,Delivered
7526,264,53,2026-06-15,08:05:00,37,2,237.8,0.0,0,Debit Card,Returned
7527,546,54,2025-01-14,14:19:00,59,5,658.97,65.9,30,Credit Card,Delivered
7528,337,102,2024-03-11,16:58:00,19,6,861.7,86.17,30,Credit Card,Delivered
7529,400,8,2024-04-10,14:11:00,64,3,922.7,92.27,49,UPI,Returned
7530,394,153,2024-12-29,15:41:00,38,2,558.54,83.78,40,Net Banking,Cancelled
7531,438,14,2024-09-23,13:20:00,51,5,155.83,23.37,0,UPI,Delivered
7532,248,236,2025-08-10,18:46:00,50,5,976.2,146.43,49,Wallet,Delivered
7533,242,184,2024-07-09,16:52:00,34,3,953.8,0.0,20,Debit Card,Returned
7534,188,81,2025-08-28,19:40:00,19,2,1700.46,170.05,40,Net Banking,Delivered
7535,146,150,2026-02-21,15:55:00,62,6,1626.25,243.94,49,Credit Card,Delivered
7536,51,112,2024-06-06,20:35:00,65,3,347.84,52.18,0,UPI,Returned
7537,469,58,2024-12-10,09:04:00,27,2,1350.93,202.64,30,Cash on Delivery,Delivered
7538,312,74,2026-03-28,10:50:00,31,5,360.66,0.0,20,UPI,Cancelled
7539,348,158,2024-11-28,19:56:00,35,4,471.06,94.21,20,Net Banking,Delivered
7540,274,44,2025-10-17,20:00:00,49,3,716.3,0.0,40,Credit Card,Delivered
7541,113,69,2026-02-16,15:53:00,64,3,485.78,48.58,30,Net Banking,Delivered
7542,418,155,2026-05-10,11:29:00,25,1,911.69,0.0,40,Wallet,Delivered
7543,571,211,2026-03-14,14:30:00,27,4,489.77,97.95,0,UPI,Delivered
7544,188,121,2026-07-28,23:12:00,44,3,1325.55,265.11,0,UPI,Delivered
7545,309,71,2025-07-13,23:34:00,52,1,720.38,72.04,0,Net Banking,Delivered
7546,297,13,2025-08-05,08:03:00,25,3,1471.96,147.2,40,Net Banking,Cancelled
7547,332,222,2025-04-19,14:07:00,28,1,421.08,84.22,0,Credit Card,Delivered
7548,252,239,2025-10-06,19:19:00,17,3,1195.38,0.0,30,UPI,Delivered
7549,428,72,2026-09-22,22:34:00,61,3,1236.04,247.21,40,UPI,Delivered
7550,235,51,2025-05-26,10:39:00,49,4,713.17,0.0,0,UPI,Cancelled
7551,72,209,2026-01-20,17:25:00,35,3,1023.26,0.0,49,Wallet,Cancelled
7552,178,248,2026-04-09,13:55:00,16,4,1689.41,0.0,30,Credit Card,Returned
7553,325,221,2024-01-31,10:38:00,20,4,930.35,93.04,40,Net Banking,Delivered
7554,22,217,2026-09-14,17:29:00,55,6,173.28,34.66,40,Credit Card,Cancelled
7555,331,209,2026-05-08,09:04:00,43,4,679.53,0.0,40,Wallet,Delivered
7556,560,166,2025-08-30,09:38:00,26,2,1543.15,308.63,20,Cash on Delivery,Delivered
7557,316,165,2024-10-14,23:01:00,44,6,1384.33,0.0,40,Cash on Delivery,Delivered
7558,368,127,2025-09-23,20:57:00,35,2,913.93,91.39,49,Credit Card,Delivered
7559,98,41,2026-01-19,18:37:00,47,2,353.9,70.78,0,Net Banking,Returned
7560,549,115,2026-03-20,08:07:00,42,2,1268.22,190.23,30,Debit Card,Delivered
7561,73,102,2025-09-14,21:05:00,28,4,144.4,0.0,0,Net Banking,Returned
7562,289,156,2025-05-01,18:14:00,22,3,1319.11,263.82,20,Wallet,Delivered
7563,299,62,2025-07-30,15:38:00,60,1,1559.83,0.0,40,Debit Card,Delivered
7564,323,152,2024-10-14,08:26:00,23,1,1091.19,0.0,20,Wallet,Delivered
7565,343,129,2026-08-18,20:03:00,43,2,714.39,142.88,49,Credit Card,Cancelled
7566,225,202,2026-08-30,08:09:00,18,4,1414.31,0.0,20,UPI,Delivered
7567,220,202,2026-04-09,17:21:00,65,2,1053.56,0.0,30,Net Banking,Delivered
7568,527,82,2026-04-22,22:59:00,35,2,1531.44,0.0,20,Cash on Delivery,Delivered
7569,88,250,2024-02-03,14:35:00,24,1,319.75,15.99,20,UPI,Delivered
7570,45,173,2024-05-11,19:50:00,35,1,526.98,52.7,49,Net Banking,Delivered
7571,177,156,2024-10-31,13:50:00,65,6,1789.95,0.0,49,Cash on Delivery,Delivered
7572,17,122,2024-01-21,14:18:00,36,4,413.26,0.0,30,Debit Card,Cancelled
7573,497,230,2024-09-19,12:54:00,22,4,1077.06,0.0,49,Debit Card,Delivered
7574,364,210,2025-08-03,17:07:00,57,5,1345.68,0.0,30,Debit Card,Delivered
7575,51,112,2024-11-25,17:46:00,46,5,1368.0,0.0,49,Credit Card,Delivered
7576,58,168,2025-09-21,20:51:00,42,4,243.99,48.8,0,Net Banking,Delivered
7577,59,217,2024-01-14,22:17:00,54,5,1140.11,0.0,0,Cash on Delivery,Delivered
7578,564,11,2024-06-05,09:58:00,27,1,747.54,37.38,40,Cash on Delivery,Delivered
7579,191,30,2026-06-19,21:12:00,38,5,1464.3,0.0,30,Wallet,Delivered
7580,309,249,2026-03-10,19:57:00,16,4,849.9,0.0,30,Cash on Delivery,Delivered
7581,525,148,2024-04-09,18:50:00,38,5,525.13,52.51,49,Cash on Delivery,Delivered
7582,372,242,2026-09-04,11:55:00,34,2,656.12,98.42,49,UPI,Delivered
7583,303,38,2024-06-11,11:10:00,15,2,1782.26,356.45,40,Wallet,Cancelled
7584,424,4,2024-01-12,11:19:00,35,2,1686.01,0.0,20,Credit Card,Delivered
7585,112,195,2024-10-22,12:40:00,17,3,1384.2,69.21,49,Credit Card,Returned
7586,587,84,2024-08-12,17:12:00,15,4,238.9,23.89,30,Cash on Delivery,Delivered
7587,12,156,2024-01-27,15:45:00,36,1,1210.57,121.06,0,Wallet,Cancelled
7588,224,237,2024-08-26,11:15:00,51,2,1608.6,241.29,0,Debit Card,Returned
7589,485,38,2026-01-18,09:43:00,43,2,269.08,0.0,40,Cash on Delivery,Delivered
7590,180,239,2024-08-31,21:22:00,49,2,800.51,0.0,0,Wallet,Delivered
7591,80,129,2024-02-27,14:02:00,65,6,481.52,24.08,49,Debit Card,Cancelled
7592,408,55,2025-11-21,17:00:00,61,3,615.36,30.77,30,Debit Card,Delivered
7593,341,215,2026-02-14,20:39:00,48,2,1797.16,0.0,20,Net Banking,Delivered
7594,74,180,2026-04-08,10:10:00,47,6,131.5,0.0,49,UPI,Delivered
7595,482,179,2024-01-30,10:36:00,59,5,434.02,21.7,40,Wallet,Delivered
7596,468,152,2024-12-10,20:31:00,48,3,1723.66,172.37,40,Cash on Delivery,Delivered
7597,126,40,2024-03-23,22:31:00,60,6,1365.41,204.81,30,Debit Card,Delivered
7598,354,215,2025-01-21,19:28:00,33,2,1711.81,342.36,40,Debit Card,Delivered
7599,541,48,2024-10-27,10:13:00,24,5,1444.57,0.0,49,UPI,Delivered
7600,186,158,2025-12-03,19:22:00,47,3,1241.43,0.0,40,Credit Card,Delivered
7601,171,100,2024-09-26,09:51:00,43,1,1292.55,0.0,49,UPI,Cancelled
7602,111,11,2024-09-28,21:59:00,61,3,360.41,0.0,0,Wallet,Delivered
7603,365,111,2024-09-14,18:17:00,65,2,232.91,0.0,49,UPI,Cancelled
7604,541,209,2024-06-29,21:20:00,21,2,1391.25,0.0,40,Credit Card,Delivered
7605,597,34,2025-02-19,15:12:00,43,1,1636.54,0.0,49,Debit Card,Delivered
7606,72,56,2026-04-26,10:43:00,26,2,382.26,57.34,40,UPI,Delivered
7607,567,66,2026-03-08,12:22:00,59,1,266.29,26.63,40,Wallet,Delivered
7608,186,41,2024-09-01,11:35:00,36,5,482.63,0.0,20,Credit Card,Delivered
7609,495,90,2025-05-17,08:12:00,33,1,1166.68,233.34,0,Wallet,Delivered
7610,96,69,2026-04-26,19:19:00,29,4,363.86,72.77,40,Wallet,Delivered
7611,534,217,2026-09-05,11:35:00,44,2,314.82,47.22,49,Debit Card,Cancelled
7612,491,111,2024-10-24,13:52:00,47,3,1220.82,244.16,40,Net Banking,Delivered
7613,128,152,2024-06-05,20:04:00,46,6,1680.41,336.08,30,Wallet,Delivered
7614,409,214,2025-09-06,12:28:00,59,6,595.99,89.4,49,UPI,Returned
7615,55,58,2025-09-26,11:25:00,22,1,351.81,0.0,0,UPI,Delivered
7616,502,9,2024-11-03,08:18:00,60,4,1034.17,155.13,40,Credit Card,Delivered
7617,307,131,2024-02-20,19:08:00,22,6,1274.05,191.11,0,Credit Card,Delivered
7618,512,235,2024-09-04,23:49:00,18,6,254.18,38.13,20,UPI,Delivered
7619,133,149,2024-11-19,10:58:00,18,4,924.22,92.42,40,Wallet,Delivered
7620,445,126,2026-06-08,16:04:00,58,4,766.35,153.27,0,Cash on Delivery,Delivered
7621,562,87,2026-06-13,17:50:00,55,3,566.52,0.0,30,Debit Card,Delivered
7622,280,188,2025-09-23,20:18:00,37,2,963.48,96.35,30,Debit Card,Delivered
7623,177,107,2024-12-03,13:31:00,41,4,1712.51,85.63,20,UPI,Delivered
7624,378,45,2024-11-19,16:05:00,59,4,1514.02,0.0,20,UPI,Delivered
7625,155,98,2026-09-02,11:35:00,41,5,741.96,148.39,40,Credit Card,Delivered
7626,334,247,2026-09-10,18:26:00,62,6,1110.95,55.55,0,UPI,Delivered
7627,377,168,2026-09-21,20:32:00,62,5,428.43,64.26,20,Debit Card,Cancelled
7628,312,47,2024-07-29,19:39:00,26,5,1589.63,238.44,40,UPI,Delivered
7629,340,35,2024-12-23,10:50:00,28,4,425.74,85.15,20,Debit Card,Delivered
7630,413,31,2025-06-02,13:06:00,19,6,551.77,82.77,49,Debit Card,Returned
7631,514,120,2024-09-21,12:26:00,22,3,1181.92,0.0,40,UPI,Cancelled
7632,71,197,2026-01-16,20:08:00,45,3,884.0,0.0,20,Wallet,Cancelled
7633,34,7,2025-03-06,11:07:00,56,6,1148.88,0.0,40,Net Banking,Delivered
7634,354,240,2024-06-08,23:49:00,33,5,136.46,27.29,20,Credit Card,Returned
7635,368,41,2024-09-02,18:55:00,48,6,546.42,0.0,49,Cash on Delivery,Cancelled
7636,572,55,2026-09-20,17:25:00,18,4,604.53,0.0,40,Wallet,Delivered
7637,535,218,2024-05-06,18:20:00,35,4,291.24,58.25,49,Cash on Delivery,Returned
7638,53,204,2025-11-18,17:30:00,56,3,1650.94,0.0,0,Debit Card,Cancelled
7639,276,203,2024-05-20,18:35:00,31,4,748.79,74.88,49,Credit Card,Cancelled
7640,251,203,2026-03-29,18:30:00,20,4,1674.96,167.5,30,Credit Card,Delivered
7641,278,152,2025-09-22,16:01:00,48,6,1568.45,235.27,40,Cash on Delivery,Cancelled
7642,481,158,2026-08-19,22:09:00,47,1,1163.08,0.0,40,Cash on Delivery,Returned
7643,76,77,2024-01-01,08:54:00,58,3,1453.88,0.0,0,Net Banking,Delivered
7644,555,26,2026-09-04,23:15:00,42,1,975.04,97.5,30,Cash on Delivery,Returned
7645,352,39,2024-10-04,19:10:00,22,4,611.27,0.0,0,Wallet,Delivered
7646,114,189,2025-06-13,09:33:00,25,6,1517.3,151.73,30,Debit Card,Returned
7647,576,241,2025-10-26,18:08:00,20,6,1701.9,0.0,20,UPI,Returned
7648,374,148,2026-06-27,17:50:00,42,2,436.28,43.63,0,Wallet,Delivered
7649,583,172,2025-07-02,16:09:00,43,4,1645.0,0.0,0,Cash on Delivery,Delivered
7650,27,228,2025-01-19,09:44:00,36,2,1645.24,82.26,0,Wallet,Delivered
7651,242,98,2024-08-20,21:47:00,36,1,1619.37,242.91,20,Cash on Delivery,Delivered
7652,441,48,2025-08-05,20:45:00,59,5,213.37,0.0,30,Credit Card,Delivered
7653,42,201,2025-08-19,13:25:00,45,1,433.69,0.0,49,Debit Card,Delivered
7654,303,205,2025-05-21,21:51:00,18,5,1753.22,0.0,0,Cash on Delivery,Cancelled
7655,338,232,2024-10-12,21:03:00,15,6,939.52,46.98,30,UPI,Returned
7656,483,202,2026-04-16,21:33:00,37,4,573.22,114.64,49,Wallet,Cancelled
7657,321,204,2024-12-13,15:15:00,31,5,1614.3,80.72,49,Debit Card,Delivered
7658,417,140,2024-03-02,08:08:00,26,1,1237.77,61.89,40,Debit Card,Delivered
7659,372,52,2024-03-11,23:57:00,57,3,1275.67,127.57,30,Net Banking,Delivered
7660,137,176,2025-11-18,23:16:00,23,2,509.33,76.4,0,Credit Card,Delivered
7661,247,74,2026-04-21,15:40:00,45,1,525.15,0.0,20,Cash on Delivery,Delivered
7662,427,132,2025-01-18,23:22:00,29,5,228.92,34.34,49,UPI,Cancelled
7663,270,98,2025-07-18,15:15:00,23,4,777.49,155.5,0,Cash on Delivery,Cancelled
7664,514,72,2025-06-20,11:50:00,22,4,374.78,74.96,20,Debit Card,Delivered
7665,179,205,2024-11-28,23:19:00,48,1,1566.43,313.29,20,Credit Card,Delivered
7666,444,163,2024-02-23,20:54:00,29,5,983.0,147.45,49,UPI,Delivered
7667,339,90,2024-10-05,13:02:00,64,4,123.87,18.58,49,Wallet,Cancelled
7668,405,14,2024-02-26,23:35:00,51,6,553.48,110.7,20,Debit Card,Delivered
7669,411,26,2026-06-25,23:29:00,26,2,1625.71,0.0,0,Cash on Delivery,Delivered
7670,75,29,2024-09-02,17:35:00,64,4,690.34,34.52,49,Cash on Delivery,Returned
7671,571,29,2024-01-13,15:11:00,18,2,394.21,0.0,0,Cash on Delivery,Cancelled
7672,165,144,2024-03-25,18:39:00,59,6,1656.33,331.27,30,Credit Card,Delivered
7673,147,67,2025-10-11,21:31:00,31,1,1295.71,259.14,49,Debit Card,Delivered
7674,308,63,2025-04-04,11:55:00,33,1,316.43,0.0,49,Cash on Delivery,Returned
7675,230,108,2026-07-05,09:56:00,41,6,1569.22,0.0,30,UPI,Delivered
7676,82,228,2024-07-25,09:02:00,37,4,432.72,43.27,30,Credit Card,Cancelled
7677,464,250,2025-08-01,11:32:00,25,2,490.43,0.0,40,Cash on Delivery,Delivered
7678,429,36,2025-09-04,21:47:00,59,5,230.02,11.5,30,Debit Card,Delivered
7679,96,74,2024-10-28,12:41:00,60,2,488.9,97.78,20,Wallet,Delivered
7680,323,104,2024-02-20,12:13:00,57,6,1785.27,0.0,40,Debit Card,Delivered
7681,540,242,2026-08-28,23:36:00,23,4,263.81,0.0,30,Wallet,Delivered
7682,236,120,2024-02-25,14:44:00,37,6,1476.36,147.64,40,Net Banking,Delivered
7683,556,188,2026-07-19,08:35:00,46,5,1185.28,0.0,0,Cash on Delivery,Delivered
7684,429,229,2025-04-27,15:39:00,64,2,851.42,0.0,49,Debit Card,Returned
7685,338,208,2025-05-18,13:01:00,23,1,465.97,0.0,20,UPI,Delivered
7686,310,139,2026-09-11,11:07:00,31,4,1008.54,0.0,20,Net Banking,Delivered
7687,233,63,2024-03-16,14:33:00,42,2,1271.53,190.73,30,Net Banking,Cancelled
7688,221,203,2024-11-27,12:47:00,32,5,450.68,67.6,0,UPI,Delivered
7689,102,119,2025-02-11,13:51:00,50,3,1527.33,0.0,0,Credit Card,Returned
7690,7,240,2026-03-15,10:26:00,32,1,1361.54,0.0,20,Net Banking,Returned
7691,480,193,2026-09-22,20:08:00,22,1,1007.53,100.75,0,Cash on Delivery,Delivered
7692,38,71,2024-09-07,10:06:00,34,6,981.11,0.0,49,Net Banking,Delivered
7693,174,1,2025-01-19,12:52:00,31,3,227.06,0.0,0,UPI,Returned
7694,427,200,2025-03-05,17:42:00,20,3,1500.63,0.0,49,Net Banking,Delivered
7695,507,190,2026-04-16,18:24:00,48,1,244.29,0.0,30,Credit Card,Delivered
7696,347,58,2026-05-03,13:38:00,29,1,555.44,0.0,49,Credit Card,Returned
7697,530,166,2024-06-07,13:13:00,38,6,1144.18,57.21,20,Debit Card,Returned
7698,490,212,2026-09-12,13:49:00,42,2,1346.99,269.4,40,UPI,Delivered
7699,240,147,2024-04-06,21:20:00,25,4,1252.29,62.61,20,UPI,Delivered
7700,487,180,2024-05-18,16:56:00,15,2,785.28,78.53,0,UPI,Returned
7701,170,171,2026-09-05,19:52:00,57,3,135.47,20.32,30,Wallet,Returned
7702,391,172,2026-08-04,22:27:00,38,1,946.53,47.33,40,Wallet,Delivered
7703,225,41,2025-08-14,11:08:00,28,6,764.17,114.63,30,Cash on Delivery,Delivered
7704,265,28,2024-09-23,14:00:00,16,1,1357.3,0.0,49,UPI,Cancelled
7705,574,47,2024-09-17,08:15:00,18,5,395.8,59.37,49,Credit Card,Delivered
7706,207,99,2024-10-05,17:23:00,39,4,456.64,45.66,0,Cash on Delivery,Delivered
7707,585,81,2025-07-16,09:59:00,62,3,1419.18,0.0,0,Cash on Delivery,Delivered
7708,309,80,2025-02-21,19:04:00,36,4,277.95,41.69,49,Credit Card,Returned
7709,238,13,2024-01-13,12:33:00,47,2,1699.14,0.0,49,Wallet,Cancelled
7710,550,69,2026-04-05,17:21:00,35,1,918.52,183.7,20,Net Banking,Returned
7711,528,37,2026-06-11,08:12:00,60,4,1746.25,261.94,30,Debit Card,Delivered
7712,54,3,2024-03-07,08:56:00,36,4,1011.16,101.12,40,Cash on Delivery,Delivered
7713,52,58,2026-08-19,21:53:00,31,5,752.73,0.0,20,Wallet,Cancelled
7714,118,211,2025-02-16,21:53:00,58,5,1139.62,0.0,49,Cash on Delivery,Delivered
7715,499,150,2026-04-09,22:52:00,52,2,1532.62,153.26,30,Net Banking,Delivered
7716,193,219,2025-01-04,23:08:00,23,6,455.31,0.0,30,Credit Card,Returned
7717,413,9,2025-01-03,22:37:00,33,5,235.49,11.77,30,Net Banking,Delivered
7718,25,10,2024-03-20,19:19:00,34,4,724.42,0.0,30,Debit Card,Delivered
7719,241,123,2025-11-25,16:32:00,17,6,215.8,43.16,0,Wallet,Cancelled
7720,173,219,2025-06-14,23:54:00,56,1,862.26,86.23,49,Cash on Delivery,Returned
7721,70,123,2025-06-23,15:51:00,24,6,1603.92,0.0,30,Wallet,Delivered
7722,107,202,2025-01-12,19:28:00,29,2,418.6,0.0,20,Credit Card,Returned
7723,139,103,2026-06-24,09:05:00,44,3,600.73,30.04,49,Wallet,Returned
7724,544,134,2026-03-09,14:10:00,18,5,1085.18,162.78,0,Credit Card,Delivered
7725,153,54,2024-11-14,14:41:00,54,6,1392.9,0.0,40,UPI,Returned
7726,530,70,2026-02-27,18:25:00,59,6,932.78,46.64,49,Debit Card,Delivered
7727,202,6,2024-05-17,14:42:00,62,5,1509.54,150.95,30,Cash on Delivery,Returned
7728,453,21,2024-10-02,20:30:00,29,2,1203.41,180.51,0,Net Banking,Cancelled
7729,126,63,2026-02-04,22:02:00,22,5,476.79,0.0,40,Debit Card,Delivered
7730,199,250,2024-04-29,21:37:00,33,6,1570.53,78.53,30,Credit Card,Delivered
7731,88,138,2025-06-27,11:48:00,63,3,1578.95,78.95,40,Wallet,Delivered
7732,86,96,2026-07-13,09:09:00,21,5,794.1,0.0,30,Net Banking,Delivered
7733,143,23,2025-08-11,17:07:00,38,1,918.52,183.7,20,Net Banking,Delivered
7734,91,142,2025-10-31,08:35:00,37,3,1665.27,249.79,20,UPI,Cancelled
7735,147,92,2024-08-15,19:20:00,36,5,1134.15,0.0,20,Net Banking,Delivered
7736,186,3,2026-02-26,18:52:00,41,1,125.19,6.26,30,Credit Card,Delivered
7737,178,219,2024-05-25,19:36:00,46,2,1158.48,57.92,40,UPI,Delivered
7738,89,11,2025-02-02,08:59:00,21,6,1389.87,208.48,20,Wallet,Delivered
7739,230,35,2024-06-15,14:42:00,25,2,716.08,0.0,20,Credit Card,Returned
7740,506,185,2026-07-23,16:20:00,28,4,1298.88,0.0,40,UPI,Cancelled
7741,400,122,2025-12-22,17:56:00,21,2,255.73,12.79,20,Net Banking,Cancelled
7742,257,81,2025-08-20,20:58:00,26,2,1722.04,0.0,49,Wallet,Delivered
7743,147,72,2025-12-07,16:13:00,51,4,1335.46,200.32,0,Net Banking,Delivered
7744,390,179,2024-02-25,22:37:00,27,5,1575.24,0.0,30,UPI,Delivered
7745,32,190,2025-04-15,10:40:00,18,5,1510.69,75.53,30,Credit Card,Returned
7746,350,148,2025-12-23,19:46:00,57,1,1419.85,212.98,20,Wallet,Cancelled
7747,64,183,2025-09-23,13:35:00,29,6,745.09,0.0,20,Wallet,Delivered
7748,340,3,2025-12-22,10:20:00,25,6,1343.82,134.38,0,UPI,Returned
7749,427,68,2026-05-06,21:07:00,55,3,870.74,43.54,49,Net Banking,Cancelled
7750,190,69,2025-02-16,20:44:00,32,5,1568.85,156.88,49,Cash on Delivery,Cancelled
7751,541,159,2025-10-27,21:32:00,15,1,430.39,21.52,40,Net Banking,Returned
7752,198,213,2024-02-25,09:20:00,34,4,796.75,159.35,20,Wallet,Delivered
7753,279,79,2024-05-25,13:53:00,49,1,1627.57,0.0,20,Debit Card,Delivered
7754,85,211,2024-06-11,20:25:00,65,6,1743.88,0.0,40,Wallet,Delivered
7755,187,216,2025-03-25,13:38:00,44,2,308.91,15.45,49,Wallet,Delivered
7756,571,101,2025-03-14,08:10:00,23,5,795.89,0.0,40,Debit Card,Delivered
7757,120,183,2024-07-03,16:53:00,18,3,1765.63,0.0,20,Debit Card,Delivered
7758,492,107,2024-01-05,23:07:00,27,4,921.94,184.39,49,Credit Card,Delivered
7759,388,77,2024-01-23,16:29:00,16,3,1504.56,0.0,0,Wallet,Delivered
7760,434,206,2025-02-17,17:31:00,62,5,823.22,0.0,49,Wallet,Delivered
7761,256,4,2025-12-20,10:50:00,24,2,771.23,0.0,0,Debit Card,Cancelled
7762,332,65,2026-04-12,14:07:00,47,4,1481.53,0.0,30,UPI,Delivered
7763,563,210,2024-06-15,12:04:00,63,4,1572.85,235.93,30,Net Banking,Cancelled
7764,178,221,2024-07-04,16:00:00,60,5,1530.13,0.0,0,Wallet,Delivered
7765,302,147,2024-07-22,15:16:00,20,4,355.3,0.0,20,Debit Card,Returned
7766,137,131,2025-05-26,16:19:00,16,2,1076.63,0.0,20,Credit Card,Cancelled
7767,491,109,2026-05-27,08:55:00,28,5,1728.01,345.6,0,Net Banking,Delivered
7768,421,205,2024-11-30,09:24:00,31,2,1642.04,164.2,30,Debit Card,Returned
7769,65,36,2025-09-20,21:25:00,59,2,1556.06,155.61,0,Debit Card,Delivered
7770,251,206,2026-05-19,08:39:00,43,4,1102.05,220.41,30,Cash on Delivery,Cancelled
7771,324,6,2025-05-24,23:14:00,62,1,1039.87,103.99,30,Net Banking,Cancelled
7772,480,118,2025-01-05,15:13:00,37,5,1244.08,0.0,0,Net Banking,Delivered
7773,250,233,2026-04-17,14:58:00,25,6,566.57,84.99,20,Credit Card,Returned
7774,336,224,2024-01-20,20:36:00,63,5,1418.9,283.78,30,Credit Card,Cancelled
7775,530,159,2024-01-21,13:20:00,32,4,1376.31,206.45,20,Cash on Delivery,Delivered
7776,5,212,2026-03-15,20:24:00,31,3,1047.19,157.08,40,Cash on Delivery,Delivered
7777,386,132,2025-09-03,13:25:00,62,5,719.26,0.0,0,Credit Card,Delivered
7778,55,190,2024-04-07,11:33:00,60,2,827.4,41.37,20,Wallet,Delivered
7779,13,202,2025-12-16,18:21:00,34,3,808.03,0.0,0,Debit Card,Delivered
7780,92,215,2024-10-11,13:58:00,29,6,1743.33,87.17,0,Debit Card,Delivered
7781,22,156,2024-11-08,11:14:00,55,6,1052.41,0.0,30,Net Banking,Delivered
7782,274,183,2024-02-04,10:40:00,15,1,1247.78,124.78,0,Debit Card,Delivered
7783,310,187,2024-11-11,13:42:00,49,1,825.03,0.0,49,Wallet,Returned
7784,36,167,2026-02-04,11:02:00,55,6,786.84,0.0,30,Debit Card,Delivered
7785,593,126,2026-03-11,12:25:00,27,3,1311.0,0.0,30,Cash on Delivery,Delivered
7786,565,41,2024-10-24,23:26:00,50,2,1279.68,255.94,30,Net Banking,Delivered
7787,366,151,2025-05-25,12:09:00,18,3,192.99,28.95,0,Cash on Delivery,Delivered
7788,23,36,2025-03-14,17:43:00,52,4,919.22,45.96,40,Wallet,Delivered
7789,599,46,2024-02-18,12:37:00,44,4,536.07,26.8,30,Debit Card,Delivered
7790,454,160,2026-05-26,17:46:00,29,1,1262.45,126.25,20,Cash on Delivery,Delivered
7791,456,226,2024-04-04,10:25:00,25,3,460.75,0.0,20,Net Banking,Cancelled
7792,573,102,2024-06-19,10:34:00,45,6,1102.55,165.38,40,Debit Card,Delivered
7793,256,161,2025-04-09,12:30:00,37,1,483.99,96.8,30,Net Banking,Returned
7794,389,37,2026-06-02,08:30:00,19,2,1554.53,155.45,30,Cash on Delivery,Returned
7795,478,250,2025-11-16,18:19:00,55,6,207.03,20.7,30,Debit Card,Cancelled
7796,218,71,2024-03-27,11:11:00,28,4,623.62,31.18,20,Wallet,Delivered
7797,332,13,2025-01-19,20:29:00,59,2,1329.62,0.0,40,Debit Card,Delivered
7798,315,2,2025-12-29,18:23:00,60,1,495.8,0.0,0,UPI,Returned
7799,420,1,2024-11-26,19:31:00,62,1,586.41,29.32,49,Cash on Delivery,Returned
7800,65,235,2026-07-11,12:14:00,45,6,1370.79,137.08,40,Wallet,Cancelled
7801,371,126,2025-02-14,19:27:00,31,2,1167.68,0.0,20,Net Banking,Delivered
7802,63,159,2024-11-16,17:30:00,20,4,1278.29,255.66,30,Wallet,Delivered
7803,433,135,2025-03-08,23:18:00,59,3,1002.81,100.28,40,UPI,Returned
7804,345,217,2024-04-15,21:00:00,16,5,139.76,0.0,20,Debit Card,Returned
7805,549,59,2026-06-02,18:46:00,63,1,123.17,6.16,40,UPI,Returned
7806,458,161,2025-03-18,08:15:00,60,6,565.76,0.0,20,UPI,Delivered
7807,470,163,2024-07-12,16:05:00,38,2,926.19,185.24,20,Wallet,Delivered
7808,145,138,2024-05-04,15:12:00,18,5,1734.03,0.0,49,UPI,Delivered
7809,562,222,2024-02-26,23:55:00,60,3,1414.74,70.74,30,UPI,Cancelled
7810,428,5,2024-01-26,13:59:00,42,6,1587.86,79.39,30,Debit Card,Returned
7811,526,99,2024-03-16,16:08:00,63,1,763.53,152.71,30,Net Banking,Delivered
7812,468,129,2024-05-12,08:53:00,25,5,360.56,0.0,40,Debit Card,Delivered
7813,153,40,2024-01-23,18:12:00,49,3,1541.52,0.0,20,UPI,Cancelled
7814,362,27,2024-12-18,22:49:00,22,4,1511.44,302.29,0,Net Banking,Delivered
7815,305,105,2025-04-13,12:12:00,53,1,1398.44,0.0,30,UPI,Delivered
7816,376,176,2024-02-08,22:04:00,63,1,468.47,0.0,30,UPI,Delivered
7817,447,64,2025-01-04,17:29:00,40,3,1020.23,102.02,49,Debit Card,Delivered
7818,470,105,2024-07-01,08:27:00,51,2,1307.75,0.0,49,Cash on Delivery,Delivered
7819,218,117,2024-01-18,13:06:00,60,5,922.09,184.42,0,Cash on Delivery,Delivered
7820,206,36,2026-03-22,21:19:00,61,1,927.49,185.5,20,Debit Card,Delivered
7821,123,75,2024-12-23,18:01:00,22,5,424.86,42.49,49,UPI,Delivered
7822,96,3,2026-08-11,11:03:00,25,4,532.18,53.22,0,UPI,Returned
7823,105,155,2025-08-19,08:28:00,61,2,1073.3,0.0,49,Net Banking,Cancelled
7824,313,1,2026-06-01,14:38:00,17,4,1257.24,62.86,40,UPI,Delivered
7825,473,46,2026-04-10,23:03:00,27,3,648.21,97.23,30,Net Banking,Returned
7826,516,189,2024-06-22,09:10:00,31,3,1643.38,246.51,49,Debit Card,Returned
7827,213,158,2025-10-08,23:18:00,26,2,664.95,33.25,49,Wallet,Delivered
7828,227,3,2024-11-12,12:06:00,32,3,464.21,0.0,20,Credit Card,Cancelled
7829,93,56,2026-01-05,09:04:00,52,2,1042.45,52.12,49,Credit Card,Cancelled
7830,407,120,2026-09-15,13:15:00,36,4,288.71,28.87,30,Credit Card,Delivered
7831,101,73,2025-05-17,18:24:00,23,5,871.95,87.2,20,Credit Card,Delivered
7832,348,242,2026-09-19,14:04:00,49,6,1321.57,0.0,30,Debit Card,Returned
7833,400,154,2024-02-13,17:32:00,48,2,684.34,0.0,30,Cash on Delivery,Delivered
7834,441,142,2025-10-21,09:06:00,45,4,264.62,26.46,40,Net Banking,Delivered
7835,376,67,2024-02-10,20:23:00,16,1,364.53,0.0,40,Wallet,Delivered
7836,86,77,2026-02-20,09:30:00,44,1,1531.45,306.29,20,UPI,Returned
7837,24,82,2024-11-10,15:21:00,62,1,441.33,0.0,49,Credit Card,Returned
7838,268,229,2026-07-22,23:44:00,52,5,370.87,0.0,49,UPI,Delivered
7839,560,224,2024-02-13,22:28:00,49,3,1615.06,161.51,30,Net Banking,Returned
7840,88,174,2025-09-23,13:32:00,52,6,1255.65,0.0,40,Cash on Delivery,Delivered
7841,440,205,2024-02-29,15:34:00,30,3,944.88,188.98,49,Cash on Delivery,Cancelled
7842,420,71,2025-03-08,10:46:00,40,1,677.6,101.64,0,UPI,Delivered
7843,422,6,2024-12-11,08:15:00,35,1,1604.83,240.72,49,UPI,Returned
7844,511,137,2026-03-05,20:04:00,21,6,1733.62,0.0,0,Wallet,Delivered
7845,442,116,2024-01-21,15:19:00,57,4,154.5,15.45,20,Cash on Delivery,Cancelled
7846,495,242,2024-11-03,21:50:00,33,4,374.79,56.22,30,UPI,Returned
7847,459,67,2025-04-13,21:10:00,20,5,1040.06,104.01,20,Wallet,Delivered
7848,222,191,2025-12-04,18:36:00,29,1,245.93,24.59,30,Net Banking,Delivered
7849,63,114,2024-03-08,12:23:00,45,3,320.84,16.04,0,Debit Card,Delivered
7850,26,224,2024-07-15,17:11:00,49,4,656.26,98.44,40,Cash on Delivery,Cancelled
7851,116,188,2024-04-18,09:07:00,44,4,767.74,153.55,20,Cash on Delivery,Delivered
7852,94,175,2024-05-15,21:04:00,37,3,181.7,18.17,49,Wallet,Delivered
7853,411,155,2026-06-10,10:00:00,29,5,1599.47,0.0,49,UPI,Delivered
7854,61,63,2024-07-14,17:40:00,36,2,1411.3,0.0,0,Wallet,Delivered
7855,318,185,2024-05-12,12:05:00,42,3,1755.2,175.52,0,UPI,Delivered
7856,489,199,2026-02-12,10:12:00,39,6,865.49,86.55,49,Debit Card,Cancelled
7857,454,156,2024-05-28,09:24:00,30,5,1633.99,245.1,49,Credit Card,Delivered
7858,535,20,2025-05-19,13:39:00,46,1,485.68,0.0,30,Wallet,Delivered
7859,173,84,2024-02-21,17:51:00,28,3,1237.7,0.0,0,Credit Card,Delivered
7860,560,221,2026-09-20,13:34:00,48,6,1436.66,143.67,0,Debit Card,Delivered
7861,319,226,2026-04-28,22:02:00,56,6,657.76,0.0,20,Credit Card,Cancelled
7862,96,40,2024-11-24,19:41:00,33,2,356.29,53.44,30,Debit Card,Returned
7863,221,190,2025-09-16,13:11:00,18,4,984.26,147.64,0,UPI,Delivered
7864,31,215,2025-07-15,16:46:00,62,1,1370.26,205.54,0,Cash on Delivery,Returned
7865,473,42,2024-09-06,14:25:00,52,2,745.3,111.79,0,Cash on Delivery,Cancelled
7866,526,96,2024-03-05,18:51:00,28,3,1175.84,0.0,40,Cash on Delivery,Delivered
7867,293,19,2024-12-19,17:57:00,57,1,1614.41,0.0,40,UPI,Delivered
7868,284,95,2024-11-22,21:12:00,65,4,1053.44,0.0,0,Net Banking,Delivered
7869,100,184,2024-11-29,10:14:00,15,1,785.34,0.0,0,Net Banking,Delivered
7870,99,45,2026-06-18,13:24:00,24,6,1648.08,0.0,40,UPI,Delivered
7871,114,94,2025-03-25,22:28:00,41,3,1675.26,0.0,40,Net Banking,Returned
7872,514,81,2024-02-07,22:58:00,51,6,169.41,25.41,30,Cash on Delivery,Delivered
7873,357,41,2024-07-20,08:49:00,30,2,1282.99,0.0,0,UPI,Cancelled
7874,234,43,2025-08-05,08:52:00,18,1,1386.12,207.92,20,Debit Card,Delivered
7875,242,72,2024-04-18,19:43:00,47,2,353.62,70.72,20,UPI,Delivered
7876,78,27,2024-02-14,08:44:00,53,5,1069.98,0.0,40,Cash on Delivery,Delivered
7877,232,88,2025-02-09,11:45:00,32,1,160.97,24.15,0,Debit Card,Returned
7878,359,34,2026-07-01,20:00:00,40,5,1115.68,223.14,0,Cash on Delivery,Returned
7879,315,68,2025-05-18,08:59:00,45,3,1128.22,169.23,30,Credit Card,Cancelled
7880,304,156,2026-08-13,16:42:00,53,6,1037.2,51.86,40,Credit Card,Delivered
7881,124,97,2024-01-31,09:28:00,40,5,605.47,90.82,40,Debit Card,Returned
7882,572,119,2024-01-28,10:22:00,23,5,704.76,140.95,40,Credit Card,Delivered
7883,305,29,2025-10-11,21:28:00,48,6,678.16,0.0,30,Debit Card,Delivered
7884,397,120,2026-03-07,19:41:00,52,5,1694.99,254.25,0,Net Banking,Returned
7885,414,63,2026-05-11,12:40:00,34,6,471.37,0.0,30,UPI,Delivered
7886,362,23,2026-06-09,11:08:00,44,3,1641.67,246.25,0,Cash on Delivery,Cancelled
7887,431,191,2026-03-11,19:11:00,16,3,838.39,41.92,0,Debit Card,Returned
7888,590,145,2025-08-07,14:09:00,56,1,1088.15,217.63,30,Cash on Delivery,Delivered
7889,404,53,2026-09-22,12:23:00,41,5,197.35,39.47,49,Cash on Delivery,Returned
7890,403,24,2026-04-06,22:45:00,41,5,277.36,27.74,49,UPI,Delivered
7891,134,166,2024-02-10,23:45:00,34,1,414.35,41.44,49,Net Banking,Cancelled
7892,430,86,2025-10-22,08:02:00,62,6,1689.5,0.0,0,Net Banking,Delivered
7893,545,81,2025-04-12,13:20:00,48,3,1574.39,0.0,0,Net Banking,Returned
7894,387,92,2024-05-09,09:29:00,46,3,1523.34,76.17,0,Credit Card,Delivered
7895,417,229,2024-08-25,23:53:00,47,1,270.91,40.64,40,Net Banking,Delivered
7896,449,39,2026-05-25,22:15:00,26,6,960.74,0.0,40,Cash on Delivery,Delivered
7897,488,69,2025-07-23,16:47:00,15,5,726.14,145.23,20,Net Banking,Delivered
7898,89,249,2025-09-07,12:28:00,24,4,1433.36,286.67,0,Cash on Delivery,Delivered
7899,490,112,2025-06-05,13:49:00,60,5,1643.62,328.72,40,Cash on Delivery,Cancelled
7900,536,46,2026-04-19,17:06:00,61,6,1671.35,167.13,40,Net Banking,Returned
7901,413,130,2026-08-02,09:16:00,25,5,1025.52,102.55,49,Credit Card,Delivered
7902,584,135,2025-02-08,22:44:00,24,6,618.08,61.81,30,Debit Card,Delivered
7903,373,122,2024-03-12,23:27:00,25,4,1076.75,53.84,20,Net Banking,Delivered
7904,141,93,2025-05-12,21:50:00,63,3,678.21,0.0,0,Debit Card,Delivered
7905,370,156,2025-08-24,15:04:00,32,2,1781.24,178.12,49,Debit Card,Cancelled
7906,163,27,2025-07-08,15:06:00,56,3,1797.69,0.0,0,Debit Card,Returned
7907,524,185,2026-08-06,20:49:00,65,3,561.78,0.0,20,Wallet,Delivered
7908,576,12,2025-03-11,23:06:00,53,1,947.99,0.0,30,UPI,Delivered
7909,437,160,2025-04-22,18:42:00,41,4,1242.53,62.13,0,Cash on Delivery,Returned
7910,374,222,2026-01-20,12:19:00,58,1,1150.35,172.55,30,Net Banking,Delivered
7911,111,246,2026-03-24,15:41:00,64,5,506.53,25.33,30,Wallet,Returned
7912,595,94,2026-04-19,09:03:00,34,3,1570.13,157.01,30,Wallet,Delivered
7913,10,190,2026-02-13,21:02:00,27,1,1741.23,348.25,49,Net Banking,Delivered
7914,245,194,2025-01-20,15:53:00,32,5,791.09,0.0,40,Debit Card,Delivered
7915,523,247,2025-04-29,14:18:00,16,6,551.41,27.57,49,Wallet,Cancelled
7916,556,182,2024-09-27,10:12:00,45,1,863.31,43.17,0,Credit Card,Returned
7917,195,211,2024-02-22,10:17:00,19,1,970.67,48.53,0,Cash on Delivery,Returned
7918,45,200,2025-02-01,13:59:00,60,6,255.83,25.58,40,Cash on Delivery,Delivered
7919,409,128,2024-01-21,18:56:00,46,3,1632.36,0.0,30,UPI,Returned
7920,63,137,2024-02-08,08:02:00,19,5,1218.61,60.93,0,Wallet,Delivered
7921,190,16,2026-09-03,11:07:00,54,5,133.17,6.66,49,Net Banking,Delivered
7922,5,192,2026-01-18,09:37:00,18,3,394.23,0.0,40,Wallet,Returned
7923,424,58,2025-12-21,16:22:00,40,3,689.26,103.39,30,UPI,Returned
7924,491,152,2025-11-27,17:51:00,24,6,709.98,71.0,20,Credit Card,Delivered
7925,171,17,2026-09-08,15:39:00,56,3,1435.8,0.0,40,Cash on Delivery,Delivered
7926,255,88,2025-08-04,14:09:00,38,4,1680.15,252.02,49,Credit Card,Returned
7927,482,11,2024-05-07,18:29:00,45,3,642.26,96.34,40,Cash on Delivery,Cancelled
7928,120,74,2025-12-17,18:46:00,51,5,633.88,95.08,49,Wallet,Returned
7929,276,123,2025-10-23,10:27:00,55,6,1081.87,0.0,40,Wallet,Delivered
7930,506,174,2024-11-25,20:35:00,25,6,1536.88,76.84,49,UPI,Delivered
7931,120,241,2025-01-09,18:42:00,16,1,1186.62,0.0,40,UPI,Delivered
7932,289,173,2024-01-17,11:31:00,27,6,501.81,0.0,49,UPI,Delivered
7933,175,135,2025-10-02,21:44:00,19,2,321.04,64.21,49,Net Banking,Cancelled
7934,348,85,2025-04-03,09:05:00,41,1,283.43,0.0,49,Net Banking,Returned
7935,379,211,2025-08-10,17:10:00,37,6,539.38,107.88,20,Debit Card,Cancelled
7936,461,4,2025-09-19,17:09:00,16,6,772.01,77.2,49,Net Banking,Delivered
7937,288,246,2024-10-08,08:35:00,15,6,1103.62,0.0,49,Net Banking,Cancelled
7938,531,36,2026-04-17,11:41:00,36,3,1560.44,156.04,40,Credit Card,Delivered
7939,517,61,2025-09-14,23:30:00,23,6,1501.2,0.0,49,Net Banking,Cancelled
7940,199,144,2026-09-04,18:15:00,34,5,1773.49,0.0,20,Cash on Delivery,Cancelled
7941,559,189,2025-03-03,17:37:00,29,3,614.93,61.49,49,Wallet,Delivered
7942,13,115,2024-12-13,18:18:00,38,2,1016.04,203.21,20,Credit Card,Cancelled
7943,279,8,2025-08-01,11:28:00,17,5,1763.91,176.39,30,Cash on Delivery,Delivered
7944,218,135,2024-05-27,21:31:00,48,2,1059.97,53.0,30,Net Banking,Delivered
7945,464,97,2025-06-21,09:29:00,51,5,1401.29,0.0,30,UPI,Returned
7946,237,28,2024-11-10,21:37:00,25,5,1515.39,0.0,20,Wallet,Delivered
7947,386,191,2025-11-21,14:16:00,37,5,935.53,0.0,40,Credit Card,Returned
7948,385,39,2025-06-21,18:47:00,60,5,603.01,90.45,49,Net Banking,Delivered
7949,109,211,2025-10-17,16:53:00,38,4,726.56,108.98,40,Credit Card,Delivered
7950,419,241,2025-07-12,08:23:00,18,6,890.22,0.0,0,UPI,Delivered
7951,183,76,2025-04-18,10:33:00,62,4,1376.19,275.24,0,Wallet,Delivered
7952,25,195,2024-07-22,08:57:00,18,2,692.8,0.0,40,Debit Card,Delivered
7953,475,163,2024-06-25,20:14:00,23,3,1168.99,233.8,49,Cash on Delivery,Returned
7954,517,230,2024-09-02,21:58:00,63,1,1325.67,0.0,20,Net Banking,Delivered
7955,311,185,2025-10-21,19:41:00,37,6,1034.54,206.91,49,UPI,Delivered
7956,414,162,2024-04-13,22:55:00,62,2,1530.27,76.51,0,UPI,Delivered
7957,584,30,2024-08-02,23:49:00,23,1,933.92,0.0,49,Credit Card,Delivered
7958,3,112,2025-09-13,20:27:00,49,5,1382.29,0.0,30,Net Banking,Delivered
7959,600,74,2025-09-16,15:05:00,43,2,452.14,0.0,20,UPI,Delivered
7960,180,72,2025-12-25,08:29:00,25,4,597.59,0.0,49,Wallet,Delivered
7961,394,147,2024-08-04,12:32:00,46,6,1660.88,0.0,20,Debit Card,Cancelled
7962,54,248,2026-04-11,18:01:00,25,3,213.01,21.3,0,Debit Card,Delivered
7963,573,162,2024-08-03,17:22:00,18,2,1557.38,77.87,20,Debit Card,Delivered
7964,184,227,2026-06-20,20:58:00,64,5,409.88,61.48,20,Cash on Delivery,Delivered
7965,484,96,2024-03-26,19:54:00,31,1,998.88,99.89,20,Wallet,Cancelled
7966,520,116,2024-02-02,09:09:00,19,2,841.19,126.18,0,Credit Card,Delivered
7967,593,146,2026-03-14,13:13:00,24,2,1105.47,110.55,40,Wallet,Delivered
7968,297,85,2024-04-07,13:09:00,44,4,1213.84,182.08,0,Cash on Delivery,Delivered
7969,430,110,2024-01-08,22:59:00,59,4,608.29,91.24,20,UPI,Delivered
7970,39,127,2025-05-15,11:14:00,56,3,1253.59,125.36,20,Wallet,Cancelled
7971,253,23,2024-06-28,18:07:00,20,5,1362.63,204.39,0,Debit Card,Delivered
7972,131,52,2024-03-18,11:41:00,25,4,1653.52,0.0,40,Debit Card,Delivered
7973,288,102,2025-02-15,23:19:00,39,6,666.75,0.0,30,Cash on Delivery,Delivered
7974,65,146,2024-09-30,15:16:00,23,3,585.05,0.0,30,Wallet,Delivered
7975,549,94,2026-01-29,10:05:00,38,3,1452.96,0.0,40,Wallet,Delivered
7976,9,176,2024-10-30,21:58:00,38,2,549.88,0.0,30,Debit Card,Returned
7977,157,39,2026-02-17,08:41:00,29,6,377.18,0.0,20,Net Banking,Delivered
7978,297,199,2025-07-28,08:52:00,35,4,1118.04,167.71,49,Cash on Delivery,Returned
7979,203,238,2024-07-31,19:10:00,17,1,993.08,99.31,40,Cash on Delivery,Delivered
7980,88,14,2025-12-01,22:53:00,42,2,1786.24,0.0,49,Cash on Delivery,Delivered
7981,353,63,2025-01-08,10:35:00,52,5,715.1,143.02,40,Net Banking,Delivered
7982,454,41,2024-03-23,16:33:00,40,5,1020.25,153.04,20,Net Banking,Returned
7983,366,89,2024-05-03,19:06:00,16,6,1593.39,0.0,30,Cash on Delivery,Delivered
7984,449,61,2024-02-20,08:16:00,49,6,126.6,0.0,20,Wallet,Delivered
7985,132,218,2025-05-19,16:27:00,15,1,254.55,0.0,0,Debit Card,Delivered
7986,426,61,2026-08-21,11:47:00,19,1,1352.25,135.22,30,Net Banking,Delivered
7987,350,117,2025-12-20,14:55:00,53,6,1441.18,0.0,49,UPI,Cancelled
7988,257,5,2024-04-16,17:31:00,40,4,1098.74,54.94,30,Net Banking,Delivered
7989,442,23,2026-04-28,18:39:00,21,1,311.56,0.0,20,Net Banking,Delivered
7990,105,117,2025-11-10,14:47:00,15,3,435.22,0.0,0,Credit Card,Delivered
7991,456,225,2024-11-27,08:58:00,51,2,242.25,0.0,40,Wallet,Delivered
7992,494,58,2024-12-15,19:42:00,54,5,942.15,47.11,40,Cash on Delivery,Cancelled
7993,117,110,2025-01-26,17:03:00,65,1,1476.16,0.0,30,Net Banking,Delivered
7994,201,246,2024-09-18,19:17:00,44,5,1382.23,0.0,49,Wallet,Returned
7995,32,129,2026-05-07,14:31:00,24,3,1086.8,217.36,40,UPI,Delivered
7996,548,154,2026-08-24,14:54:00,46,6,650.5,0.0,30,Net Banking,Delivered
7997,48,234,2024-06-22,23:01:00,63,6,521.44,104.29,30,Wallet,Delivered
7998,361,180,2025-05-02,20:04:00,62,6,1435.23,0.0,20,Cash on Delivery,Cancelled
7999,195,175,2026-07-05,23:52:00,37,3,1656.03,0.0,30,Cash on Delivery,Delivered
8000,569,245,2025-12-01,09:07:00,35,2,844.18,126.63,0,Cash on Delivery,Delivered
